Unity Editor version:    6000.3.1f1 (37142da19a94)
Branch:                  6000.3/respin/6000.3.1f1-f56f53296c2c
Build type:              Release
Batch mode:              YES
macOS version:           Version 26.6.2 (Build 25G83)
Darwin version:          25.6.0
Architecture:            arm64
Running under Rosetta:   NO
Available memory:        8192 MB
Date:                    2026-10-01T13:29:15Z
[Licensing::Module] Trying to connect to existing licensing client channel...
[Licensing::IpcConnector] Successfully connected to: "LicenseClient-inesna" at "2026-10-01T13:29:15.24401Z"

COMMAND LINE ARGUMENTS:
/Applications/Unity/Hub/Editor/6000.3.1f1/Unity.app/Contents/MacOS/Unity
-adb2
-batchMode
-noUpm
-name
AssetImportWorker1
-projectPath
/Users/inesna/Desktop/INTELIGÊNCIA ARTIFICIAL/Waypoints&Graphs_63574
-logFile
Logs/AssetImportWorker1.log
-srvPort
52213
-licensingIpc
LicenseClient-inesna
-job-worker-count
3
-background-job-worker-count
8
-gc-helper-count
1
-name AssetImport
Successfully changed project path to: /Users/inesna/Desktop/INTELIGÊNCIA ARTIFICIAL/Waypoints&Graphs_63574
/Users/inesna/Desktop/INTELIGÊNCIA ARTIFICIAL/Waypoints&Graphs_63574
[UnityMemory] Configuration Parameters - Can be set up in boot.config
    "memorysetup-allocator-temp-initial-block-size-main=262144"
    "memorysetup-allocator-temp-initial-block-size-worker=262144"
    "memorysetup-temp-allocator-size-background-worker=32768"
    "memorysetup-temp-allocator-size-job-worker=262144"
    "memorysetup-temp-allocator-size-preload-manager=33554432"
    "memorysetup-temp-allocator-size-nav-mesh-worker=65536"
    "memorysetup-temp-allocator-size-audio-worker=65536"
    "memorysetup-temp-allocator-size-cloud-worker=32768"
    "memorysetup-bucket-allocator-granularity=16"
    "memorysetup-bucket-allocator-bucket-count=8"
    "memorysetup-bucket-allocator-block-size=33554432"
    "memorysetup-bucket-allocator-block-count=8"
    "memorysetup-main-allocator-block-size=16777216"
    "memorysetup-thread-allocator-block-size=16777216"
    "memorysetup-gfx-main-allocator-block-size=16777216"
    "memorysetup-gfx-thread-allocator-block-size=16777216"
    "memorysetup-cache-allocator-block-size=4194304"
    "memorysetup-typetree-allocator-block-size=2097152"
    "memorysetup-profiler-bucket-allocator-granularity=16"
    "memorysetup-profiler-bucket-allocator-bucket-count=8"
    "memorysetup-profiler-bucket-allocator-block-size=33554432"
    "memorysetup-profiler-bucket-allocator-block-count=8"
    "memorysetup-profiler-allocator-block-size=16777216"
    "memorysetup-profiler-editor-allocator-block-size=1048576"
    "memorysetup-temp-allocator-size-main=16777216"
    "memorysetup-job-temp-allocator-block-size=2097152"
    "memorysetup-job-temp-allocator-block-size-background=1048576"
    "memorysetup-job-temp-allocator-reduction-small-platforms=262144"
    "memorysetup-temp-allocator-size-gi-baking-worker=262144"
    "memorysetup-temp-allocator-size-gi-baking-worker=262144"
    "memorysetup-temp-allocator-size-gi-baking-worker=262144"
    "memorysetup-temp-allocator-size-gi-baking-worker=262144"
    "memorysetup-temp-allocator-size-gi-baking-worker=262144"
    "memorysetup-temp-allocator-size-gfx=262144"
Player connection [8303206784]  Target information:

Player connection [8303206784]  * "[IP] 193.137.106.59 [Port] 0 [Flags] 2 [Guid] 655773070 [EditorId] 655773070 [Version] 1048832 [Id] OSXEditor(0,alunos59.esact.wifi.ipb.pt) [Debug] 1 [PackageName] OSXEditor [ProjectName] Editor" 

Player connection [8303206784] Host joined multi-casting on [225.0.0.222:54997]...
Player connection [8303206784] Host joined alternative multi-casting on [225.0.0.222:34997]...
JobSystem: Creating JobQueue using job-worker-count value 3
Input System module state changed to: Initialized.
[Physics::Module] Initialized fallback backend.
[Physics::Module] Id: 0xdecafbad
Library Redirect Path: Library/
[Physics::Module] Selected backend.
[Physics::Module] Name: PhysX
[Physics::Module] Id: 0xf2b8ea05
[Physics::Module] SDK Version: 4.1.2
[Physics::Module] Integration Version: 1.0.0
[Physics::Module] Threading Mode: Multi-Threaded
Refreshing native plugins compatible for Editor in 6.67 ms, found 1 plugins.
Preloading 0 native plugins for Editor in 0.00 ms.
Initialize engine version: 6000.3.1f1 (37142da19a94)
[Subsystems] Discovering subsystems at path /Applications/Unity/Hub/Editor/6000.3.1f1/Unity.app/Contents/Resources/UnitySubsystems
[Subsystems] Discovering subsystems at path /Users/inesna/Desktop/INTELIGÊNCIA ARTIFICIAL/Waypoints&Graphs_63574/Assets
GfxDevice: creating device client; kGfxThreadingModeNonThreaded
 preferred device: Apple M3 (high power)
Metal devices available: 1
0: Apple M3 (high power)
Using device Apple M3 (high power)
Initializing Metal device caps: Apple M3
Mac GPU Family: 2
Apple GPU Family: 9
MSL Version: 3.0
Has Float MSAA: 1
Has Float Filtering: 1
ReadWrite Texture Tier: 2
Initialize mono
Mono path[0] = '/Applications/Unity/Hub/Editor/6000.3.1f1/Unity.app/Contents/Resources/Scripting/Managed'
Mono path[1] = '/Applications/Unity/Hub/Editor/6000.3.1f1/Unity.app/Contents/Resources/Scripting/MonoBleedingEdge/lib/mono/unityjit-macos'
Mono config path = '/Applications/Unity/Hub/Editor/6000.3.1f1/Unity.app/Contents/Resources/Scripting/MonoBleedingEdge/etc'
Using monoOptions --debugger-agent=transport=dt_socket,embedding=1,server=y,suspend=n,address=127.0.0.1:56093
[Licensing::Client] Handshaking with LicensingClient:
  Version:                 1.18.3+d7ffd15
  Session Id:              6104744444ad4308a0a3d71da4f98b8b
  Correlation Id:          7432ab61843d69594f21169c236e0be7
  External correlation Id: 1281521253260374981
  Machine Id:              9tSwGK+TjQWgoUuGoX27KD/RBPM=
[Licensing::Module] Successfully connected to LicensingClient on channel: "LicenseClient-inesna" (connect: 0.00s, validation: 0.01s, handshake: 1.70s)
[Licensing::IpcConnector] Successfully connected to: "LicenseClient-inesna-notifications" at "2026-10-01T13:29:16.956209Z"
[Licensing::Module] Licensing Background thread has ended after 1.71s
Begin MonoManager ReloadAssembly
Registering precompiled unity dll's ...
Register platform support module: /Applications/Unity/Hub/Editor/6000.3.1f1/PlaybackEngines/WebGLSupport/UnityEditor.WebGL.Extensions.dll
Register platform support module: /Applications/Unity/Hub/Editor/6000.3.1f1/Unity.app/Contents/PlaybackEngines/MacStandaloneSupport/UnityEditor.OSXStandalone.Extensions.dll
Register platform support module: /Applications/Unity/Hub/Editor/6000.3.1f1/PlaybackEngines/WindowsStandaloneSupport/UnityEditor.WindowsStandalone.Extensions.dll
[Licensing::Client] Successfully resolved entitlement details
[Licensing::Module] License group:
  Id: E4-DBUH-QKTY-V8AZ-2FZA-XXXX
  Product: Unity Education
  Type: ULF
  Expiration: 2027-03-06T23:46:27Z
[Licensing::Module] License group:
  Id: 6872783040574-inesna-UnityProStuXXXX
  Product: Unity Student
  Type: Assigned
  Expiration: 2027-09-28T14:48:01Z
Register platform support module: /Applications/Unity/Hub/Editor/6000.3.1f1/PlaybackEngines/AndroidPlayer/UnityEditor.Android.Extensions.dll
[Licensing::Client] Successfully resolved entitlement details
[Licensing::Module] License group:
  Id: E4-DBUH-QKTY-V8AZ-2FZA-XXXX
  Product: Unity Education
  Type: ULF
  Expiration: 2027-03-06T23:46:27Z
[Licensing::Module] License group:
  Id: 6872783040574-inesna-UnityProStuXXXX
  Product: Unity Student
  Type: Assigned
  Expiration: 2027-09-28T14:48:01Z
Register platform support module: /Applications/Unity/Hub/Editor/6000.3.1f1/PlaybackEngines/iOSSupport/UnityEditor.iOS.Extensions.dll
Registered in 0.031451 seconds.
- Loaded All Assemblies, in  0.678 seconds
[usbmuxd] Start listen thread
[usbmuxd] Listen thread started
[usbmuxd] Send listen message
Native extension for iOS target not found
Native extension for Android target not found
Android Extension - Scanning For ADB Devices 103 ms
Native extension for WindowsStandalone target not found
Native extension for OSXStandalone target not found
Native extension for WebGL target not found
Mono: successfully reloaded assembly
- Finished resetting the current domain, in  0.825 seconds
Domain Reload Profiling: 1504ms
	BeginReloadAssembly (251ms)
		ExecutionOrderSort (0ms)
		DisableScriptedObjects (0ms)
		BackupInstance (0ms)
		ReleaseScriptingObjects (0ms)
		CreateAndSetChildDomain (2ms)
	RebuildCommonClasses (63ms)
	RebuildNativeTypeToScriptingClass (23ms)
	initialDomainReloadingComplete (98ms)
	LoadAllAssembliesAndSetupDomain (243ms)
		LoadAssemblies (251ms)
		RebuildTransferFunctionScriptingTraits (0ms)
		AnalyzeDomain (236ms)
			TypeCache.Refresh (234ms)
				TypeCache.ScanAssembly (213ms)
			BuildScriptInfoCaches (0ms)
			ResolveRequiredComponents (0ms)
	FinalizeReload (826ms)
		ReleaseScriptCaches (0ms)
		RebuildScriptCaches (0ms)
		SetupLoadedEditorAssemblies (764ms)
			LogAssemblyErrors (0ms)
			InitializePlatformSupportModulesInManaged (334ms)
			SetLoadedEditorAssemblies (6ms)
			BeforeProcessingInitializeOnLoad (115ms)
			ProcessInitializeOnLoadAttributes (176ms)
			ProcessInitializeOnLoadMethodAttributes (133ms)
			AfterProcessingInitializeOnLoad (0ms)
			EditorAssembliesLoaded (0ms)
		ExecutionOrderSort2 (0ms)
		AwakeInstancesAfterBackupRestoration (0ms)
[CoreBusinessMetrics] Unexpected thread when updating session info.
========================================================================
Worker process is ready to serve import requests
Import Worker Mode flag is 0x00
Begin MonoManager ReloadAssembly
[Licensing::Client] Successfully resolved entitlement details
[Licensing::Module] License group:
  Id: E4-DBUH-QKTY-V8AZ-2FZA-XXXX
  Product: Unity Education
  Type: ULF
  Expiration: 2027-03-06T23:46:27Z
[Licensing::Module] License group:
  Id: 6872783040574-inesna-UnityProStuXXXX
  Product: Unity Student
  Type: Assigned
  Expiration: 2027-09-28T14:48:01Z
- Loaded All Assemblies, in  0.999 seconds
Refreshing native plugins compatible for Editor in 0.51 ms, found 1 plugins.
Native extension for iOS target not found
Native extension for Android target not found
Native extension for WindowsStandalone target not found
Native extension for OSXStandalone target not found
Native extension for WebGL target not found
Package Manager log level set to [2]
[Package Manager] Failed to launch server process. Reason: Unity was launched with the -noUpm command-line argument
[Package Manager] Unable to send message (not connected to server process).
[Package Manager] Cannot connect to Unity Package Manager local server
Mono: successfully reloaded assembly
- Finished resetting the current domain, in  0.816 seconds
Domain Reload Profiling: 1815ms
	BeginReloadAssembly (142ms)
		ExecutionOrderSort (0ms)
		DisableScriptedObjects (6ms)
		BackupInstance (0ms)
		ReleaseScriptingObjects (0ms)
		CreateAndSetChildDomain (29ms)
	RebuildCommonClasses (41ms)
	RebuildNativeTypeToScriptingClass (16ms)
	initialDomainReloadingComplete (32ms)
	LoadAllAssembliesAndSetupDomain (767ms)
		LoadAssemblies (549ms)
		RebuildTransferFunctionScriptingTraits (0ms)
		AnalyzeDomain (279ms)
			TypeCache.Refresh (226ms)
				TypeCache.ScanAssembly (194ms)
			BuildScriptInfoCaches (39ms)
			ResolveRequiredComponents (10ms)
	FinalizeReload (817ms)
		ReleaseScriptCaches (0ms)
		RebuildScriptCaches (0ms)
		SetupLoadedEditorAssemblies (655ms)
			LogAssemblyErrors (0ms)
			InitializePlatformSupportModulesInManaged (32ms)
			SetLoadedEditorAssemblies (4ms)
			BeforeProcessingInitializeOnLoad (179ms)
			ProcessInitializeOnLoadAttributes (371ms)
			ProcessInitializeOnLoadMethodAttributes (67ms)
			AfterProcessingInitializeOnLoad (1ms)
			EditorAssembliesLoaded (0ms)
		ExecutionOrderSort2 (0ms)
		AwakeInstancesAfterBackupRestoration (3ms)
WARNING: Shader Unsupported: 'Hidden/Universal Render Pipeline/Terrain/Lit (Base Pass)' - All subshaders removed
WARNING: Shader Did you use #pragma only_renderers and omit this platform?
WARNING: Shader If subshaders removal was intentional, you may have forgotten turning Fallback off?
WARNING: Shader Unsupported: 'Hidden/Universal Render Pipeline/Terrain/Lit (Base Pass)' - All subshaders removed
WARNING: Shader Did you use #pragma only_renderers and omit this platform?
WARNING: Shader If subshaders removal was intentional, you may have forgotten turning Fallback off?
WARNING: Shader Unsupported: 'Universal Render Pipeline/VR/SpatialMapping/Wireframe' - All subshaders removed
WARNING: Shader Did you use #pragma only_renderers and omit this platform?
WARNING: Shader If subshaders removal was intentional, you may have forgotten turning Fallback off?
WARNING: Shader Unsupported: 'Universal Render Pipeline/VR/SpatialMapping/Wireframe' - All subshaders removed
WARNING: Shader Did you use #pragma only_renderers and omit this platform?
WARNING: Shader If subshaders removal was intentional, you may have forgotten turning Fallback off?
WARNING: Shader Unsupported: 'Universal Render Pipeline/Terrain/Lit' - All subshaders removed
WARNING: Shader Did you use #pragma only_renderers and omit this platform?
WARNING: Shader If subshaders removal was intentional, you may have forgotten turning Fallback off?
WARNING: Shader Unsupported: 'Universal Render Pipeline/Terrain/Lit' - All subshaders removed
WARNING: Shader Did you use #pragma only_renderers and omit this platform?
WARNING: Shader If subshaders removal was intentional, you may have forgotten turning Fallback off?
Launching external process: /Applications/Unity/Hub/Editor/6000.3.1f1/Unity.app/Contents/Helpers/UnityShaderCompiler
Launched and connected shader compiler UnityShaderCompiler after 0.08 seconds
Refreshing native plugins compatible for Editor in 0.52 ms, found 1 plugins.
Preloading 0 native plugins for Editor in 0.00 ms.
Unloading 46 Unused Serialized files (Serialized files now loaded: 0)
Unloading 6208 unused Assets / (6.8 MB). Loaded Objects now: 6855.
Memory consumption went from 136.0 MB to 129.2 MB.
Total: 12.666625 ms (FindLiveObjects: 1.139375 ms CreateObjectMapping: 0.222625 ms MarkObjects: 8.471166 ms  DeleteObjects: 2.833041 ms)

========================================================================
Received Import Request.
  Time since last request: 435118.187313 seconds.
  path: Assets/New Material 1.mat
  artifactKey: Guid(6bf41718e92ed40cbacbff10bf311797) Importer(2089858483,b0f066a214c2f5e87bad3c948f4d605d)
Start importing Assets/New Material 1.mat using Guid(6bf41718e92ed40cbacbff10bf311797) Importer(2089858483,b0f066a214c2f5e87bad3c948f4d605d) (ScriptedImporter) -> (artifact id: 'f5546f81a82821770b8eca509109046e') in 0.067735334 seconds
Number of updated asset objects reloaded before import = 0Number of asset objects unloaded after import = 1

========================================================================
Received Import Request.
  Time since last request: 0.000052 seconds.
  path: Assets/TankRacing.unity
  artifactKey: Guid(2a334138a2ba04f5aa973bdfc10cd12d) Importer(2089858483,b0f066a214c2f5e87bad3c948f4d605d)
Start importing Assets/TankRacing.unity using Guid(2a334138a2ba04f5aa973bdfc10cd12d) Importer(2089858483,b0f066a214c2f5e87bad3c948f4d605d) (ScriptedImporter) -> (artifact id: '4e54a94cb3bd8bc912fa297cf627e3ce') in 0.005312625 seconds
Number of updated asset objects reloaded before import = 0Number of asset objects unloaded after import = 1

========================================================================
Received Import Request.
  Time since last request: 0.000107 seconds.
  path: Assets/New Material 3.mat
  artifactKey: Guid(674326326be654376b9fda1c408f9bd3) Importer(2089858483,b0f066a214c2f5e87bad3c948f4d605d)
Start importing Assets/New Material 3.mat using Guid(674326326be654376b9fda1c408f9bd3) Importer(2089858483,b0f066a214c2f5e87bad3c948f4d605d) (ScriptedImporter) -> (artifact id: 'a71dbdb3c30ff75cc2dc4af7a1a9b44b') in 0.003472083 seconds
Number of updated asset objects reloaded before import = 0Number of asset objects unloaded after import = 1

========================================================================
Received Import Request.
  Time since last request: 1.685677 seconds.
  path: Assets/1/ReflectionProbe-0.exr
  artifactKey: Guid(60d5a6eff6718471fa46724c05baa1b4) Importer(815301076,1909f56bfc062723c751e8b465ee728b)
Start importing Assets/1/ReflectionProbe-0.exr using Guid(60d5a6eff6718471fa46724c05baa1b4) Importer(815301076,1909f56bfc062723c751e8b465ee728b) (PreviewImporter) -> (artifact id: '6c1cb1ab0d2d2b4e580b3d6565255a33') in 0.2516075 seconds
Number of updated asset objects reloaded before import = 0Number of asset objects unloaded after import = 1

========================================================================
Received Import Request.
  Time since last request: 0.200057 seconds.
  path: Assets/New Material 1.mat
  artifactKey: Guid(6bf41718e92ed40cbacbff10bf311797) Importer(815301076,1909f56bfc062723c751e8b465ee728b)
Start importing Assets/New Material 1.mat using Guid(6bf41718e92ed40cbacbff10bf311797) Importer(815301076,1909f56bfc062723c751e8b465ee728b) (PreviewImporter) -> (artifact id: '8d4675f04b498d22241b5530738b435a') in 0.033321208 seconds
Number of updated asset objects reloaded before import = 0Number of asset objects unloaded after import = 1

========================================================================
Received Import Request.
  Time since last request: 0.000053 seconds.
  path: Assets/New Material 2.mat
  artifactKey: Guid(fc926505b3c61482c86327d3630a6657) Importer(815301076,1909f56bfc062723c751e8b465ee728b)
Start importing Assets/New Material 2.mat using Guid(fc926505b3c61482c86327d3630a6657) Importer(815301076,1909f56bfc062723c751e8b465ee728b) (PreviewImporter) -> (artifact id: '628e16cda27f88505b27758f70d54be5') in 0.007372375 seconds
Number of updated asset objects reloaded before import = 0Number of asset objects unloaded after import = 1

========================================================================
Received Import Request.
  Time since last request: 0.000086 seconds.
  path: Assets/New Material 3.mat
  artifactKey: Guid(674326326be654376b9fda1c408f9bd3) Importer(815301076,1909f56bfc062723c751e8b465ee728b)
Start importing Assets/New Material 3.mat using Guid(674326326be654376b9fda1c408f9bd3) Importer(815301076,1909f56bfc062723c751e8b465ee728b) (PreviewImporter) -> (artifact id: 'b26ba8879e22a3ea6d8e74d2b90566b2') in 0.017918667 seconds
Number of updated asset objects reloaded before import = 0Number of asset objects unloaded after import = 1

========================================================================
Received Import Request.
  Time since last request: 0.000550 seconds.
  path: Assets/UniversalRenderPipelineGlobalSettings.asset
  artifactKey: Guid(9ebc4dfd637574c9aac6b48d5fb8a678) Importer(815301076,1909f56bfc062723c751e8b465ee728b)
Start importing Assets/UniversalRenderPipelineGlobalSettings.asset using Guid(9ebc4dfd637574c9aac6b48d5fb8a678) Importer(815301076,1909f56bfc062723c751e8b465ee728b) (PreviewImporter) -> (artifact id: 'c89c9f858103be040f6fa530b6461628') in 0.161007208 seconds
Number of updated asset objects reloaded before import = 0Number of asset objects unloaded after import = 94

========================================================================
Received Prepare
Begin MonoManager ReloadAssembly
[Licensing::Client] Successfully resolved entitlement details
[Licensing::Module] License group:
  Id: E4-DBUH-QKTY-V8AZ-2FZA-XXXX
  Product: Unity Education
  Type: ULF
  Expiration: 2027-03-06T23:46:27Z
[Licensing::Module] License group:
  Id: 6872783040574-inesna-UnityProStuXXXX
  Product: Unity Student
  Type: Assigned
  Expiration: 2027-09-28T14:48:01Z
Thread 0x16b5c3000 may have been prematurely finalized
- Loaded All Assemblies, in  1.151 seconds
Refreshing native plugins compatible for Editor in 0.34 ms, found 1 plugins.
Native extension for iOS target not found
Native extension for Android target not found
Native extension for WindowsStandalone target not found
Native extension for OSXStandalone target not found
Native extension for WebGL target not found
[Package Manager] Failed to launch server process. Reason: Unity was launched with the -noUpm command-line argument
[Package Manager] Unable to send message (not connected to server process).
[Package Manager] Cannot connect to Unity Package Manager local server
Mono: successfully reloaded assembly
- Finished resetting the current domain, in  0.637 seconds
Domain Reload Profiling: 1791ms
	BeginReloadAssembly (333ms)
		ExecutionOrderSort (0ms)
		DisableScriptedObjects (10ms)
		BackupInstance (0ms)
		ReleaseScriptingObjects (1ms)
		CreateAndSetChildDomain (116ms)
	RebuildCommonClasses (38ms)
	RebuildNativeTypeToScriptingClass (15ms)
	initialDomainReloadingComplete (33ms)
	LoadAllAssembliesAndSetupDomain (734ms)
		LoadAssemblies (661ms)
		RebuildTransferFunctionScriptingTraits (0ms)
		AnalyzeDomain (201ms)
			TypeCache.Refresh (26ms)
				TypeCache.ScanAssembly (0ms)
			BuildScriptInfoCaches (161ms)
			ResolveRequiredComponents (10ms)
	FinalizeReload (638ms)
		ReleaseScriptCaches (0ms)
		RebuildScriptCaches (0ms)
		SetupLoadedEditorAssemblies (512ms)
			LogAssemblyErrors (0ms)
			InitializePlatformSupportModulesInManaged (31ms)
			SetLoadedEditorAssemblies (3ms)
			BeforeProcessingInitializeOnLoad (149ms)
			ProcessInitializeOnLoadAttributes (281ms)
			ProcessInitializeOnLoadMethodAttributes (47ms)
			AfterProcessingInitializeOnLoad (1ms)
			EditorAssembliesLoaded (0ms)
		ExecutionOrderSort2 (0ms)
		AwakeInstancesAfterBackupRestoration (3ms)
WARNING: Shader Unsupported: 'Hidden/Universal Render Pipeline/Terrain/Lit (Base Pass)' - All subshaders removed
WARNING: Shader Did you use #pragma only_renderers and omit this platform?
WARNING: Shader If subshaders removal was intentional, you may have forgotten turning Fallback off?
WARNING: Shader Unsupported: 'Hidden/Universal Render Pipeline/Terrain/Lit (Base Pass)' - All subshaders removed
WARNING: Shader Did you use #pragma only_renderers and omit this platform?
WARNING: Shader If subshaders removal was intentional, you may have forgotten turning Fallback off?
WARNING: Shader Unsupported: 'Universal Render Pipeline/VR/SpatialMapping/Wireframe' - All subshaders removed
WARNING: Shader Did you use #pragma only_renderers and omit this platform?
WARNING: Shader If subshaders removal was intentional, you may have forgotten turning Fallback off?
WARNING: Shader Unsupported: 'Universal Render Pipeline/VR/SpatialMapping/Wireframe' - All subshaders removed
WARNING: Shader Did you use #pragma only_renderers and omit this platform?
WARNING: Shader If subshaders removal was intentional, you may have forgotten turning Fallback off?
WARNING: Shader Unsupported: 'Universal Render Pipeline/Terrain/Lit' - All subshaders removed
WARNING: Shader Did you use #pragma only_renderers and omit this platform?
WARNING: Shader If subshaders removal was intentional, you may have forgotten turning Fallback off?
WARNING: Shader Unsupported: 'Universal Render Pipeline/Terrain/Lit' - All subshaders removed
WARNING: Shader Did you use #pragma only_renderers and omit this platform?
WARNING: Shader If subshaders removal was intentional, you may have forgotten turning Fallback off?
Refreshing native plugins compatible for Editor in 0.55 ms, found 1 plugins.
Preloading 0 native plugins for Editor in 0.00 ms.
Unloading 45 Unused Serialized files (Serialized files now loaded: 0)
Unloading 6207 unused Assets / (6.3 MB). Loaded Objects now: 6903.
Memory consumption went from 146.3 MB to 140.0 MB.
Total: 10.404584 ms (FindLiveObjects: 0.525209 ms CreateObjectMapping: 0.195916 ms MarkObjects: 7.454125 ms  DeleteObjects: 2.229042 ms)

Prepare: number of updated asset objects reloaded= 0
========================================================================
Received Prepare
Begin MonoManager ReloadAssembly
[Licensing::Client] Successfully resolved entitlement details
[Licensing::Module] License group:
  Id: E4-DBUH-QKTY-V8AZ-2FZA-XXXX
  Product: Unity Education
  Type: ULF
  Expiration: 2027-03-06T23:46:27Z
[Licensing::Module] License group:
  Id: 6872783040574-inesna-UnityProStuXXXX
  Product: Unity Student
  Type: Assigned
  Expiration: 2027-09-28T14:48:01Z
Thread 0x16b5c3000 may have been prematurely finalized
- Loaded All Assemblies, in  0.870 seconds
Refreshing native plugins compatible for Editor in 0.59 ms, found 1 plugins.
Native extension for iOS target not found
Native extension for Android target not found
Native extension for WindowsStandalone target not found
Native extension for OSXStandalone target not found
Native extension for WebGL target not found
[Package Manager] Failed to launch server process. Reason: Unity was launched with the -noUpm command-line argument
[Package Manager] Unable to send message (not connected to server process).
[Package Manager] Cannot connect to Unity Package Manager local server
Mono: successfully reloaded assembly
- Finished resetting the current domain, in  1.375 seconds
Domain Reload Profiling: 2249ms
	BeginReloadAssembly (212ms)
		ExecutionOrderSort (0ms)
		DisableScriptedObjects (11ms)
		BackupInstance (0ms)
		ReleaseScriptingObjects (0ms)
		CreateAndSetChildDomain (72ms)
	RebuildCommonClasses (36ms)
	RebuildNativeTypeToScriptingClass (15ms)
	initialDomainReloadingComplete (20ms)
	LoadAllAssembliesAndSetupDomain (591ms)
		LoadAssemblies (373ms)
		RebuildTransferFunctionScriptingTraits (0ms)
		AnalyzeDomain (290ms)
			TypeCache.Refresh (49ms)
				TypeCache.ScanAssembly (0ms)
			BuildScriptInfoCaches (204ms)
			ResolveRequiredComponents (24ms)
	FinalizeReload (1375ms)
		ReleaseScriptCaches (0ms)
		RebuildScriptCaches (0ms)
		SetupLoadedEditorAssemblies (1159ms)
			LogAssemblyErrors (0ms)
			InitializePlatformSupportModulesInManaged (37ms)
			SetLoadedEditorAssemblies (5ms)
			BeforeProcessingInitializeOnLoad (402ms)
			ProcessInitializeOnLoadAttributes (604ms)
			ProcessInitializeOnLoadMethodAttributes (108ms)
			AfterProcessingInitializeOnLoad (2ms)
			EditorAssembliesLoaded (1ms)
		ExecutionOrderSort2 (0ms)
		AwakeInstancesAfterBackupRestoration (7ms)
WARNING: Shader Unsupported: 'Hidden/Universal Render Pipeline/Terrain/Lit (Base Pass)' - All subshaders removed
WARNING: Shader Did you use #pragma only_renderers and omit this platform?
WARNING: Shader If subshaders removal was intentional, you may have forgotten turning Fallback off?
WARNING: Shader Unsupported: 'Hidden/Universal Render Pipeline/Terrain/Lit (Base Pass)' - All subshaders removed
WARNING: Shader Did you use #pragma only_renderers and omit this platform?
WARNING: Shader If subshaders removal was intentional, you may have forgotten turning Fallback off?
WARNING: Shader Unsupported: 'Universal Render Pipeline/VR/SpatialMapping/Wireframe' - All subshaders removed
WARNING: Shader Did you use #pragma only_renderers and omit this platform?
WARNING: Shader If subshaders removal was intentional, you may have forgotten turning Fallback off?
WARNING: Shader Unsupported: 'Universal Render Pipeline/VR/SpatialMapping/Wireframe' - All subshaders removed
WARNING: Shader Did you use #pragma only_renderers and omit this platform?
WARNING: Shader If subshaders removal was intentional, you may have forgotten turning Fallback off?
WARNING: Shader Unsupported: 'Universal Render Pipeline/Terrain/Lit' - All subshaders removed
WARNING: Shader Did you use #pragma only_renderers and omit this platform?
WARNING: Shader If subshaders removal was intentional, you may have forgotten turning Fallback off?
WARNING: Shader Unsupported: 'Universal Render Pipeline/Terrain/Lit' - All subshaders removed
WARNING: Shader Did you use #pragma only_renderers and omit this platform?
WARNING: Shader If subshaders removal was intentional, you may have forgotten turning Fallback off?
Refreshing native plugins compatible for Editor in 1.22 ms, found 1 plugins.
Preloading 0 native plugins for Editor in 0.00 ms.
Unloading 46 Unused Serialized files (Serialized files now loaded: 0)
Unloading 6207 unused Assets / (3.7 MB). Loaded Objects now: 6906.
Memory consumption went from 145.4 MB to 141.8 MB.
Total: 25.937959 ms (FindLiveObjects: 0.813541 ms CreateObjectMapping: 1.131709 ms MarkObjects: 18.383375 ms  DeleteObjects: 5.607833 ms)

Prepare: number of updated asset objects reloaded= 0
========================================================================
Received Prepare
Begin MonoManager ReloadAssembly
Thread 0x16b5c3000 may have been prematurely finalized
- Loaded All Assemblies, in  0.848 seconds
Refreshing native plugins compatible for Editor in 0.41 ms, found 1 plugins.
Native extension for iOS target not found
Native extension for Android target not found
Native extension for WindowsStandalone target not found
Native extension for OSXStandalone target not found
Native extension for WebGL target not found
[Package Manager] Failed to launch server process. Reason: Unity was launched with the -noUpm command-line argument
[Package Manager] Unable to send message (not connected to server process).
[Package Manager] Cannot connect to Unity Package Manager local server
Mono: successfully reloaded assembly
- Finished resetting the current domain, in  1.460 seconds
Domain Reload Profiling: 2318ms
	BeginReloadAssembly (200ms)
		ExecutionOrderSort (0ms)
		DisableScriptedObjects (7ms)
		BackupInstance (0ms)
		ReleaseScriptingObjects (0ms)
		CreateAndSetChildDomain (69ms)
	RebuildCommonClasses (36ms)
	RebuildNativeTypeToScriptingClass (15ms)
	initialDomainReloadingComplete (21ms)
	LoadAllAssembliesAndSetupDomain (585ms)
		LoadAssemblies (403ms)
		RebuildTransferFunctionScriptingTraits (0ms)
		AnalyzeDomain (247ms)
			TypeCache.Refresh (15ms)
				TypeCache.ScanAssembly (0ms)
			BuildScriptInfoCaches (205ms)
			ResolveRequiredComponents (18ms)
	FinalizeReload (1461ms)
		ReleaseScriptCaches (0ms)
		RebuildScriptCaches (0ms)
		SetupLoadedEditorAssemblies (1243ms)
			LogAssemblyErrors (0ms)
			InitializePlatformSupportModulesInManaged (44ms)
			SetLoadedEditorAssemblies (7ms)
			BeforeProcessingInitializeOnLoad (392ms)
			ProcessInitializeOnLoadAttributes (652ms)
			ProcessInitializeOnLoadMethodAttributes (142ms)
			AfterProcessingInitializeOnLoad (2ms)
			EditorAssembliesLoaded (2ms)
		ExecutionOrderSort2 (0ms)
		AwakeInstancesAfterBackupRestoration (7ms)
WARNING: Shader Unsupported: 'Hidden/Universal Render Pipeline/Terrain/Lit (Base Pass)' - All subshaders removed
WARNING: Shader Did you use #pragma only_renderers and omit this platform?
WARNING: Shader If subshaders removal was intentional, you may have forgotten turning Fallback off?
WARNING: Shader Unsupported: 'Hidden/Universal Render Pipeline/Terrain/Lit (Base Pass)' - All subshaders removed
WARNING: Shader Did you use #pragma only_renderers and omit this platform?
WARNING: Shader If subshaders removal was intentional, you may have forgotten turning Fallback off?
WARNING: Shader Unsupported: 'Universal Render Pipeline/VR/SpatialMapping/Wireframe' - All subshaders removed
WARNING: Shader Did you use #pragma only_renderers and omit this platform?
WARNING: Shader If subshaders removal was intentional, you may have forgotten turning Fallback off?
WARNING: Shader Unsupported: 'Universal Render Pipeline/VR/SpatialMapping/Wireframe' - All subshaders removed
WARNING: Shader Did you use #pragma only_renderers and omit this platform?
WARNING: Shader If subshaders removal was intentional, you may have forgotten turning Fallback off?
WARNING: Shader Unsupported: 'Universal Render Pipeline/Terrain/Lit' - All subshaders removed
WARNING: Shader Did you use #pragma only_renderers and omit this platform?
WARNING: Shader If subshaders removal was intentional, you may have forgotten turning Fallback off?
WARNING: Shader Unsupported: 'Universal Render Pipeline/Terrain/Lit' - All subshaders removed
WARNING: Shader Did you use #pragma only_renderers and omit this platform?
WARNING: Shader If subshaders removal was intentional, you may have forgotten turning Fallback off?
Refreshing native plugins compatible for Editor in 0.95 ms, found 1 plugins.
Preloading 0 native plugins for Editor in 0.00 ms.
Unloading 46 Unused Serialized files (Serialized files now loaded: 0)
Unloading 6207 unused Assets / (4.7 MB). Loaded Objects now: 6909.
Memory consumption went from 145.4 MB to 140.7 MB.
Total: 29.465833 ms (FindLiveObjects: 3.687542 ms CreateObjectMapping: 2.131667 ms MarkObjects: 18.925708 ms  DeleteObjects: 4.719625 ms)

Prepare: number of updated asset objects reloaded= 0
========================================================================
Received Import Request.
  Time since last request: 855.210592 seconds.
  path: Assets/Scripts
  artifactKey: Guid(c986d0b3cf67c4664a0335e9fcb16f3d) Importer(2089858483,b0f066a214c2f5e87bad3c948f4d605d)
Start importing Assets/Scripts using Guid(c986d0b3cf67c4664a0335e9fcb16f3d) Importer(2089858483,b0f066a214c2f5e87bad3c948f4d605d) (ScriptedImporter) -> (artifact id: 'df96ace55cc2aa1015363bfde4c6babe') in 0.436667458 seconds
Number of updated asset objects reloaded before import = 0Number of asset objects unloaded after import = 1

========================================================================
Received Prepare
WARNING: Shader Unsupported: 'Hidden/Universal Render Pipeline/Terrain/Lit (Base Pass)' - All subshaders removed
WARNING: Shader Did you use #pragma only_renderers and omit this platform?
WARNING: Shader If subshaders removal was intentional, you may have forgotten turning Fallback off?
WARNING: Shader Unsupported: 'Hidden/Universal Render Pipeline/Terrain/Lit (Base Pass)' - All subshaders removed
WARNING: Shader Did you use #pragma only_renderers and omit this platform?
WARNING: Shader If subshaders removal was intentional, you may have forgotten turning Fallback off?
WARNING: Shader Unsupported: 'Universal Render Pipeline/VR/SpatialMapping/Wireframe' - All subshaders removed
WARNING: Shader Did you use #pragma only_renderers and omit this platform?
WARNING: Shader If subshaders removal was intentional, you may have forgotten turning Fallback off?
WARNING: Shader Unsupported: 'Universal Render Pipeline/VR/SpatialMapping/Wireframe' - All subshaders removed
WARNING: Shader Did you use #pragma only_renderers and omit this platform?
WARNING: Shader If subshaders removal was intentional, you may have forgotten turning Fallback off?
WARNING: Shader Unsupported: 'Universal Render Pipeline/Terrain/Lit' - All subshaders removed
WARNING: Shader Did you use #pragma only_renderers and omit this platform?
WARNING: Shader If subshaders removal was intentional, you may have forgotten turning Fallback off?
WARNING: Shader Unsupported: 'Universal Render Pipeline/Terrain/Lit' - All subshaders removed
WARNING: Shader Did you use #pragma only_renderers and omit this platform?
WARNING: Shader If subshaders removal was intentional, you may have forgotten turning Fallback off?
Refreshing native plugins compatible for Editor in 0.56 ms, found 1 plugins.
Preloading 0 native plugins for Editor in 0.00 ms.
Unloading 46 Unused Serialized files (Serialized files now loaded: 0)
Unloading 6201 unused Assets / (7.6 MB). Loaded Objects now: 6909.
Memory consumption went from 138.3 MB to 130.6 MB.
Total: 50.549542 ms (FindLiveObjects: 0.658167 ms CreateObjectMapping: 0.191708 ms MarkObjects: 46.301625 ms  DeleteObjects: 3.397791 ms)

Prepare: number of updated asset objects reloaded= 0
========================================================================
Received Import Request.
  Time since last request: 10.088575 seconds.
  path: Assets/Scripts/SeguirWP.cs
  artifactKey: Guid(fa40b3335edfe834097929e9162e41d1) Importer(815301076,1909f56bfc062723c751e8b465ee728b)
Start importing Assets/Scripts/SeguirWP.cs using Guid(fa40b3335edfe834097929e9162e41d1) Importer(815301076,1909f56bfc062723c751e8b465ee728b) (PreviewImporter) -> (artifact id: 'c299606d8eb8107bd66a5d5b9f37ce44') in 0.001673 seconds
Number of updated asset objects reloaded before import = 0Number of asset objects unloaded after import = 0

========================================================================
Received Prepare
Begin MonoManager ReloadAssembly
[Licensing::Client] Successfully resolved entitlement details
[Licensing::Module] License group:
  Id: E4-DBUH-QKTY-V8AZ-2FZA-XXXX
  Product: Unity Education
  Type: ULF
  Expiration: 2027-03-06T23:46:27Z
[Licensing::Module] License group:
  Id: 6872783040574-inesna-UnityProStuXXXX
  Product: Unity Student
  Type: Assigned
  Expiration: 2027-09-28T14:48:01Z
Thread 0x16b5c3000 may have been prematurely finalized
- Loaded All Assemblies, in  1.580 seconds
Refreshing native plugins compatible for Editor in 0.53 ms, found 1 plugins.
Native extension for iOS target not found
Native extension for Android target not found
Native extension for WindowsStandalone target not found
Native extension for OSXStandalone target not found
Native extension for WebGL target not found
[Package Manager] Failed to launch server process. Reason: Unity was launched with the -noUpm command-line argument
[Package Manager] Unable to send message (not connected to server process).
[Package Manager] Cannot connect to Unity Package Manager local server
Mono: successfully reloaded assembly
- Finished resetting the current domain, in  0.904 seconds
Domain Reload Profiling: 2489ms
	BeginReloadAssembly (723ms)
		ExecutionOrderSort (0ms)
		DisableScriptedObjects (28ms)
		BackupInstance (0ms)
		ReleaseScriptingObjects (1ms)
		CreateAndSetChildDomain (184ms)
	RebuildCommonClasses (42ms)
	RebuildNativeTypeToScriptingClass (18ms)
	initialDomainReloadingComplete (26ms)
	LoadAllAssembliesAndSetupDomain (775ms)
		LoadAssemblies (880ms)
		RebuildTransferFunctionScriptingTraits (0ms)
		AnalyzeDomain (310ms)
			TypeCache.Refresh (52ms)
				TypeCache.ScanAssembly (1ms)
			BuildScriptInfoCaches (238ms)
			ResolveRequiredComponents (13ms)
	FinalizeReload (904ms)
		ReleaseScriptCaches (0ms)
		RebuildScriptCaches (0ms)
		SetupLoadedEditorAssemblies (741ms)
			LogAssemblyErrors (0ms)
			InitializePlatformSupportModulesInManaged (97ms)
			SetLoadedEditorAssemblies (4ms)
			BeforeProcessingInitializeOnLoad (197ms)
			ProcessInitializeOnLoadAttributes (391ms)
			ProcessInitializeOnLoadMethodAttributes (51ms)
			AfterProcessingInitializeOnLoad (1ms)
			EditorAssembliesLoaded (0ms)
		ExecutionOrderSort2 (0ms)
		AwakeInstancesAfterBackupRestoration (3ms)
WARNING: Shader Unsupported: 'Hidden/Universal Render Pipeline/Terrain/Lit (Base Pass)' - All subshaders removed
WARNING: Shader Did you use #pragma only_renderers and omit this platform?
WARNING: Shader If subshaders removal was intentional, you may have forgotten turning Fallback off?
WARNING: Shader Unsupported: 'Hidden/Universal Render Pipeline/Terrain/Lit (Base Pass)' - All subshaders removed
WARNING: Shader Did you use #pragma only_renderers and omit this platform?
WARNING: Shader If subshaders removal was intentional, you may have forgotten turning Fallback off?
WARNING: Shader Unsupported: 'Universal Render Pipeline/VR/SpatialMapping/Wireframe' - All subshaders removed
WARNING: Shader Did you use #pragma only_renderers and omit this platform?
WARNING: Shader If subshaders removal was intentional, you may have forgotten turning Fallback off?
WARNING: Shader Unsupported: 'Universal Render Pipeline/VR/SpatialMapping/Wireframe' - All subshaders removed
WARNING: Shader Did you use #pragma only_renderers and omit this platform?
WARNING: Shader If subshaders removal was intentional, you may have forgotten turning Fallback off?
WARNING: Shader Unsupported: 'Universal Render Pipeline/Terrain/Lit' - All subshaders removed
WARNING: Shader Did you use #pragma only_renderers and omit this platform?
WARNING: Shader If subshaders removal was intentional, you may have forgotten turning Fallback off?
WARNING: Shader Unsupported: 'Universal Render Pipeline/Terrain/Lit' - All subshaders removed
WARNING: Shader Did you use #pragma only_renderers and omit this platform?
WARNING: Shader If subshaders removal was intentional, you may have forgotten turning Fallback off?
Refreshing native plugins compatible for Editor in 0.75 ms, found 1 plugins.
Preloading 0 native plugins for Editor in 0.00 ms.
Unloading 46 Unused Serialized files (Serialized files now loaded: 0)
Unloading 6207 unused Assets / (4.7 MB). Loaded Objects now: 6912.
Memory consumption went from 145.4 MB to 140.7 MB.
Total: 13.043541 ms (FindLiveObjects: 0.650042 ms CreateObjectMapping: 0.273042 ms MarkObjects: 9.622958 ms  DeleteObjects: 2.496959 ms)

Prepare: number of updated asset objects reloaded= 0
========================================================================
Received Prepare
Begin MonoManager ReloadAssembly
Thread 0x16b5c3000 may have been prematurely finalized
- Loaded All Assemblies, in  0.740 seconds
Refreshing native plugins compatible for Editor in 0.53 ms, found 1 plugins.
Native extension for iOS target not found
2026-10-01 14:44:09.195 Unity[27093:6535898] [XcodeApplications] Failed to read NSDictionary from path H7g�
/Contents/Info.plist
Native extension for Android target not found
Native extension for WindowsStandalone target not found
Native extension for OSXStandalone target not found
Native extension for WebGL target not found
[Package Manager] Failed to launch server process. Reason: Unity was launched with the -noUpm command-line argument
[Package Manager] Unable to send message (not connected to server process).
[Package Manager] Cannot connect to Unity Package Manager local server
Mono: successfully reloaded assembly
- Finished resetting the current domain, in  1.273 seconds
Domain Reload Profiling: 2018ms
	BeginReloadAssembly (178ms)
		ExecutionOrderSort (0ms)
		DisableScriptedObjects (5ms)
		BackupInstance (0ms)
		ReleaseScriptingObjects (0ms)
		CreateAndSetChildDomain (47ms)
	RebuildCommonClasses (37ms)
	RebuildNativeTypeToScriptingClass (15ms)
	initialDomainReloadingComplete (21ms)
	LoadAllAssembliesAndSetupDomain (492ms)
		LoadAssemblies (345ms)
		RebuildTransferFunctionScriptingTraits (0ms)
		AnalyzeDomain (229ms)
			TypeCache.Refresh (17ms)
				TypeCache.ScanAssembly (0ms)
			BuildScriptInfoCaches (185ms)
			ResolveRequiredComponents (23ms)
	FinalizeReload (1275ms)
		ReleaseScriptCaches (0ms)
		RebuildScriptCaches (0ms)
		SetupLoadedEditorAssemblies (1079ms)
			LogAssemblyErrors (0ms)
			InitializePlatformSupportModulesInManaged (100ms)
			SetLoadedEditorAssemblies (4ms)
			BeforeProcessingInitializeOnLoad (259ms)
			ProcessInitializeOnLoadAttributes (600ms)
			ProcessInitializeOnLoadMethodAttributes (112ms)
			AfterProcessingInitializeOnLoad (2ms)
			EditorAssembliesLoaded (1ms)
		ExecutionOrderSort2 (0ms)
		AwakeInstancesAfterBackupRestoration (8ms)
WARNING: Shader Unsupported: 'Hidden/Universal Render Pipeline/Terrain/Lit (Base Pass)' - All subshaders removed
WARNING: Shader Did you use #pragma only_renderers and omit this platform?
WARNING: Shader If subshaders removal was intentional, you may have forgotten turning Fallback off?
WARNING: Shader Unsupported: 'Hidden/Universal Render Pipeline/Terrain/Lit (Base Pass)' - All subshaders removed
WARNING: Shader Did you use #pragma only_renderers and omit this platform?
WARNING: Shader If subshaders removal was intentional, you may have forgotten turning Fallback off?
WARNING: Shader Unsupported: 'Universal Render Pipeline/VR/SpatialMapping/Wireframe' - All subshaders removed
WARNING: Shader Did you use #pragma only_renderers and omit this platform?
WARNING: Shader If subshaders removal was intentional, you may have forgotten turning Fallback off?
WARNING: Shader Unsupported: 'Universal Render Pipeline/VR/SpatialMapping/Wireframe' - All subshaders removed
WARNING: Shader Did you use #pragma only_renderers and omit this platform?
WARNING: Shader If subshaders removal was intentional, you may have forgotten turning Fallback off?
WARNING: Shader Unsupported: 'Universal Render Pipeline/Terrain/Lit' - All subshaders removed
WARNING: Shader Did you use #pragma only_renderers and omit this platform?
WARNING: Shader If subshaders removal was intentional, you may have forgotten turning Fallback off?
WARNING: Shader Unsupported: 'Universal Render Pipeline/Terrain/Lit' - All subshaders removed
WARNING: Shader Did you use #pragma only_renderers and omit this platform?
WARNING: Shader If subshaders removal was intentional, you may have forgotten turning Fallback off?
Refreshing native plugins compatible for Editor in 1.02 ms, found 1 plugins.
Preloading 0 native plugins for Editor in 0.00 ms.
Unloading 46 Unused Serialized files (Serialized files now loaded: 0)
Unloading 6207 unused Assets / (3.8 MB). Loaded Objects now: 6915.
Memory consumption went from 145.2 MB to 141.4 MB.
Total: 28.581708 ms (FindLiveObjects: 1.626458 ms CreateObjectMapping: 1.891208 ms MarkObjects: 16.847417 ms  DeleteObjects: 8.215750 ms)

Prepare: number of updated asset objects reloaded= 0
========================================================================
Received Prepare
Begin MonoManager ReloadAssembly
Thread 0x16b5c3000 may have been prematurely finalized
- Loaded All Assemblies, in  0.934 seconds
Refreshing native plugins compatible for Editor in 0.64 ms, found 1 plugins.
Native extension for iOS target not found
Native extension for Android target not found
Native extension for WindowsStandalone target not found
Native extension for OSXStandalone target not found
Native extension for WebGL target not found
[Package Manager] Failed to launch server process. Reason: Unity was launched with the -noUpm command-line argument
[Package Manager] Unable to send message (not connected to server process).
[Package Manager] Cannot connect to Unity Package Manager local server
Mono: successfully reloaded assembly
- Finished resetting the current domain, in  1.468 seconds
Domain Reload Profiling: 2419ms
	BeginReloadAssembly (203ms)
		ExecutionOrderSort (0ms)
		DisableScriptedObjects (9ms)
		BackupInstance (0ms)
		ReleaseScriptingObjects (0ms)
		CreateAndSetChildDomain (66ms)
	RebuildCommonClasses (41ms)
	RebuildNativeTypeToScriptingClass (20ms)
	initialDomainReloadingComplete (35ms)
	LoadAllAssembliesAndSetupDomain (651ms)
		LoadAssemblies (466ms)
		RebuildTransferFunctionScriptingTraits (0ms)
		AnalyzeDomain (245ms)
			TypeCache.Refresh (17ms)
				TypeCache.ScanAssembly (0ms)
			BuildScriptInfoCaches (177ms)
			ResolveRequiredComponents (34ms)
	FinalizeReload (1469ms)
		ReleaseScriptCaches (0ms)
		RebuildScriptCaches (0ms)
		SetupLoadedEditorAssemblies (1221ms)
			LogAssemblyErrors (0ms)
			InitializePlatformSupportModulesInManaged (93ms)
			SetLoadedEditorAssemblies (10ms)
			BeforeProcessingInitializeOnLoad (382ms)
			ProcessInitializeOnLoadAttributes (635ms)
			ProcessInitializeOnLoadMethodAttributes (98ms)
			AfterProcessingInitializeOnLoad (2ms)
			EditorAssembliesLoaded (1ms)
		ExecutionOrderSort2 (0ms)
		AwakeInstancesAfterBackupRestoration (4ms)
WARNING: Shader Unsupported: 'Hidden/Universal Render Pipeline/Terrain/Lit (Base Pass)' - All subshaders removed
WARNING: Shader Did you use #pragma only_renderers and omit this platform?
WARNING: Shader If subshaders removal was intentional, you may have forgotten turning Fallback off?
WARNING: Shader Unsupported: 'Hidden/Universal Render Pipeline/Terrain/Lit (Base Pass)' - All subshaders removed
WARNING: Shader Did you use #pragma only_renderers and omit this platform?
WARNING: Shader If subshaders removal was intentional, you may have forgotten turning Fallback off?
WARNING: Shader Unsupported: 'Universal Render Pipeline/VR/SpatialMapping/Wireframe' - All subshaders removed
WARNING: Shader Did you use #pragma only_renderers and omit this platform?
WARNING: Shader If subshaders removal was intentional, you may have forgotten turning Fallback off?
WARNING: Shader Unsupported: 'Universal Render Pipeline/VR/SpatialMapping/Wireframe' - All subshaders removed
WARNING: Shader Did you use #pragma only_renderers and omit this platform?
WARNING: Shader If subshaders removal was intentional, you may have forgotten turning Fallback off?
WARNING: Shader Unsupported: 'Universal Render Pipeline/Terrain/Lit' - All subshaders removed
WARNING: Shader Did you use #pragma only_renderers and omit this platform?
WARNING: Shader If subshaders removal was intentional, you may have forgotten turning Fallback off?
WARNING: Shader Unsupported: 'Universal Render Pipeline/Terrain/Lit' - All subshaders removed
WARNING: Shader Did you use #pragma only_renderers and omit this platform?
WARNING: Shader If subshaders removal was intentional, you may have forgotten turning Fallback off?
Refreshing native plugins compatible for Editor in 0.94 ms, found 1 plugins.
Preloading 0 native plugins for Editor in 0.00 ms.
Unloading 46 Unused Serialized files (Serialized files now loaded: 0)
Unloading 6207 unused Assets / (5.1 MB). Loaded Objects now: 6918.
Memory consumption went from 145.2 MB to 140.1 MB.
Total: 15.127916 ms (FindLiveObjects: 0.671625 ms CreateObjectMapping: 0.479584 ms MarkObjects: 11.223208 ms  DeleteObjects: 2.751208 ms)

Prepare: number of updated asset objects reloaded= 0
========================================================================
Received Prepare
Begin MonoManager ReloadAssembly
[Licensing::Client] Successfully resolved entitlement details
[Licensing::Module] License group:
  Id: E4-DBUH-QKTY-V8AZ-2FZA-XXXX
  Product: Unity Education
  Type: ULF
  Expiration: 2027-03-06T23:46:27Z
[Licensing::Module] License group:
  Id: 6872783040574-inesna-UnityProStuXXXX
  Product: Unity Student
  Type: Assigned
  Expiration: 2027-09-28T14:48:01Z
Thread 0x16b5c3000 may have been prematurely finalized
- Loaded All Assemblies, in  1.085 seconds
Refreshing native plugins compatible for Editor in 0.40 ms, found 1 plugins.
Native extension for iOS target not found
Native extension for Android target not found
Native extension for WindowsStandalone target not found
Native extension for OSXStandalone target not found
Native extension for WebGL target not found
[Package Manager] Failed to launch server process. Reason: Unity was launched with the -noUpm command-line argument
[Package Manager] Unable to send message (not connected to server process).
[Package Manager] Cannot connect to Unity Package Manager local server
Mono: successfully reloaded assembly
- Finished resetting the current domain, in  0.743 seconds
Domain Reload Profiling: 1832ms
	BeginReloadAssembly (277ms)
		ExecutionOrderSort (0ms)
		DisableScriptedObjects (7ms)
		BackupInstance (0ms)
		ReleaseScriptingObjects (0ms)
		CreateAndSetChildDomain (81ms)
	RebuildCommonClasses (36ms)
	RebuildNativeTypeToScriptingClass (20ms)
	initialDomainReloadingComplete (26ms)
	LoadAllAssembliesAndSetupDomain (728ms)
		LoadAssemblies (624ms)
		RebuildTransferFunctionScriptingTraits (0ms)
		AnalyzeDomain (226ms)
			TypeCache.Refresh (36ms)
				TypeCache.ScanAssembly (1ms)
			BuildScriptInfoCaches (177ms)
			ResolveRequiredComponents (9ms)
	FinalizeReload (744ms)
		ReleaseScriptCaches (0ms)
		RebuildScriptCaches (0ms)
		SetupLoadedEditorAssemblies (614ms)
			LogAssemblyErrors (0ms)
			InitializePlatformSupportModulesInManaged (28ms)
			SetLoadedEditorAssemblies (3ms)
			BeforeProcessingInitializeOnLoad (151ms)
			ProcessInitializeOnLoadAttributes (382ms)
			ProcessInitializeOnLoadMethodAttributes (48ms)
			AfterProcessingInitializeOnLoad (1ms)
			EditorAssembliesLoaded (0ms)
		ExecutionOrderSort2 (0ms)
		AwakeInstancesAfterBackupRestoration (3ms)
WARNING: Shader Unsupported: 'Hidden/Universal Render Pipeline/Terrain/Lit (Base Pass)' - All subshaders removed
WARNING: Shader Did you use #pragma only_renderers and omit this platform?
WARNING: Shader If subshaders removal was intentional, you may have forgotten turning Fallback off?
WARNING: Shader Unsupported: 'Hidden/Universal Render Pipeline/Terrain/Lit (Base Pass)' - All subshaders removed
WARNING: Shader Did you use #pragma only_renderers and omit this platform?
WARNING: Shader If subshaders removal was intentional, you may have forgotten turning Fallback off?
WARNING: Shader Unsupported: 'Universal Render Pipeline/VR/SpatialMapping/Wireframe' - All subshaders removed
WARNING: Shader Did you use #pragma only_renderers and omit this platform?
WARNING: Shader If subshaders removal was intentional, you may have forgotten turning Fallback off?
WARNING: Shader Unsupported: 'Universal Render Pipeline/VR/SpatialMapping/Wireframe' - All subshaders removed
WARNING: Shader Did you use #pragma only_renderers and omit this platform?
WARNING: Shader If subshaders removal was intentional, you may have forgotten turning Fallback off?
WARNING: Shader Unsupported: 'Universal Render Pipeline/Terrain/Lit' - All subshaders removed
WARNING: Shader Did you use #pragma only_renderers and omit this platform?
WARNING: Shader If subshaders removal was intentional, you may have forgotten turning Fallback off?
WARNING: Shader Unsupported: 'Universal Render Pipeline/Terrain/Lit' - All subshaders removed
WARNING: Shader Did you use #pragma only_renderers and omit this platform?
WARNING: Shader If subshaders removal was intentional, you may have forgotten turning Fallback off?
Refreshing native plugins compatible for Editor in 0.52 ms, found 1 plugins.
Preloading 0 native plugins for Editor in 0.00 ms.
Unloading 46 Unused Serialized files (Serialized files now loaded: 0)
Unloading 6207 unused Assets / (4.3 MB). Loaded Objects now: 6921.
Memory consumption went from 145.3 MB to 140.9 MB.
Total: 10.546833 ms (FindLiveObjects: 0.537208 ms CreateObjectMapping: 0.205166 ms MarkObjects: 7.353917 ms  DeleteObjects: 2.450125 ms)

Prepare: number of updated asset objects reloaded= 0
========================================================================
Received Prepare
Begin MonoManager ReloadAssembly
[Licensing::Client] Successfully resolved entitlement details
[Licensing::Module] License group:
  Id: E4-DBUH-QKTY-V8AZ-2FZA-XXXX
  Product: Unity Education
  Type: ULF
  Expiration: 2027-03-06T23:46:27Z
[Licensing::Module] License group:
  Id: 6872783040574-inesna-UnityProStuXXXX
  Product: Unity Student
  Type: Assigned
  Expiration: 2027-09-28T14:48:01Z
Thread 0x16b5c3000 may have been prematurely finalized
- Loaded All Assemblies, in  1.865 seconds
Refreshing native plugins compatible for Editor in 1.20 ms, found 1 plugins.
Native extension for iOS target not found
Native extension for Android target not found
Native extension for WindowsStandalone target not found
Native extension for OSXStandalone target not found
Native extension for WebGL target not found
[Package Manager] Failed to launch server process. Reason: Unity was launched with the -noUpm command-line argument
[Package Manager] Unable to send message (not connected to server process).
[Package Manager] Cannot connect to Unity Package Manager local server
Mono: successfully reloaded assembly
- Finished resetting the current domain, in  1.754 seconds
Domain Reload Profiling: 3627ms
	BeginReloadAssembly (499ms)
		ExecutionOrderSort (0ms)
		DisableScriptedObjects (12ms)
		BackupInstance (0ms)
		ReleaseScriptingObjects (4ms)
		CreateAndSetChildDomain (212ms)
	RebuildCommonClasses (43ms)
	RebuildNativeTypeToScriptingClass (17ms)
	initialDomainReloadingComplete (34ms)
	LoadAllAssembliesAndSetupDomain (1279ms)
		LoadAssemblies (968ms)
		RebuildTransferFunctionScriptingTraits (0ms)
		AnalyzeDomain (489ms)
			TypeCache.Refresh (79ms)
				TypeCache.ScanAssembly (4ms)
			BuildScriptInfoCaches (362ms)
			ResolveRequiredComponents (31ms)
	FinalizeReload (1756ms)
		ReleaseScriptCaches (0ms)
		RebuildScriptCaches (0ms)
		SetupLoadedEditorAssemblies (1419ms)
			LogAssemblyErrors (0ms)
			InitializePlatformSupportModulesInManaged (390ms)
			SetLoadedEditorAssemblies (8ms)
			BeforeProcessingInitializeOnLoad (320ms)
			ProcessInitializeOnLoadAttributes (597ms)
			ProcessInitializeOnLoadMethodAttributes (102ms)
			AfterProcessingInitializeOnLoad (2ms)
			EditorAssembliesLoaded (0ms)
		ExecutionOrderSort2 (0ms)
		AwakeInstancesAfterBackupRestoration (6ms)
WARNING: Shader Unsupported: 'Hidden/Universal Render Pipeline/Terrain/Lit (Base Pass)' - All subshaders removed
WARNING: Shader Did you use #pragma only_renderers and omit this platform?
WARNING: Shader If subshaders removal was intentional, you may have forgotten turning Fallback off?
WARNING: Shader Unsupported: 'Hidden/Universal Render Pipeline/Terrain/Lit (Base Pass)' - All subshaders removed
WARNING: Shader Did you use #pragma only_renderers and omit this platform?
WARNING: Shader If subshaders removal was intentional, you may have forgotten turning Fallback off?
WARNING: Shader Unsupported: 'Universal Render Pipeline/VR/SpatialMapping/Wireframe' - All subshaders removed
WARNING: Shader Did you use #pragma only_renderers and omit this platform?
WARNING: Shader If subshaders removal was intentional, you may have forgotten turning Fallback off?
WARNING: Shader Unsupported: 'Universal Render Pipeline/VR/SpatialMapping/Wireframe' - All subshaders removed
WARNING: Shader Did you use #pragma only_renderers and omit this platform?
WARNING: Shader If subshaders removal was intentional, you may have forgotten turning Fallback off?
WARNING: Shader Unsupported: 'Universal Render Pipeline/Terrain/Lit' - All subshaders removed
WARNING: Shader Did you use #pragma only_renderers and omit this platform?
WARNING: Shader If subshaders removal was intentional, you may have forgotten turning Fallback off?
WARNING: Shader Unsupported: 'Universal Render Pipeline/Terrain/Lit' - All subshaders removed
WARNING: Shader Did you use #pragma only_renderers and omit this platform?
WARNING: Shader If subshaders removal was intentional, you may have forgotten turning Fallback off?
Refreshing native plugins compatible for Editor in 10.38 ms, found 1 plugins.
Preloading 0 native plugins for Editor in 0.00 ms.
Unloading 70 Unused Serialized files (Serialized files now loaded: 0)
Unloading 6309 unused Assets / (6.0 MB). Loaded Objects now: 7002.
Memory consumption went from 153.1 MB to 147.1 MB.
Total: 56.871000 ms (FindLiveObjects: 1.698375 ms CreateObjectMapping: 0.619375 ms MarkObjects: 46.927875 ms  DeleteObjects: 7.464250 ms)

Prepare: number of updated asset objects reloaded= 0
========================================================================
Received Import Request.
  Time since last request: 417.415126 seconds.
  path: Assets/Readme.asset
  artifactKey: Guid(8105016687592461f977c054a80ce2f2) Importer(815301076,1909f56bfc062723c751e8b465ee728b)
Start importing Assets/Readme.asset using Guid(8105016687592461f977c054a80ce2f2) Importer(815301076,1909f56bfc062723c751e8b465ee728b) (PreviewImporter) -> (artifact id: 'da1d7f2ac25edac3598e21ef0849251e') in 0.032630042 seconds
Number of updated asset objects reloaded before import = 0Number of asset objects unloaded after import = 1

========================================================================
Received Import Request.
  Time since last request: 82.230334 seconds.
  path: Assets/Materials/TankColour.mat
  artifactKey: Guid(773dd8c87ea324fa69b08051df62d83b) Importer(815301076,1909f56bfc062723c751e8b465ee728b)
Start importing Assets/Materials/TankColour.mat using Guid(773dd8c87ea324fa69b08051df62d83b) Importer(815301076,1909f56bfc062723c751e8b465ee728b) (PreviewImporter) -> (artifact id: '980f9d6a1c77f15a8943588adb090179') in 0.218436583 seconds
Number of updated asset objects reloaded before import = 0Number of asset objects unloaded after import = 2

========================================================================
Received Import Request.
  Time since last request: 0.000305 seconds.
  path: Assets/Materials/TankGrey.mat
  artifactKey: Guid(063d5524599294c58bd5b814f78e3f7a) Importer(815301076,1909f56bfc062723c751e8b465ee728b)
Start importing Assets/Materials/TankGrey.mat using Guid(063d5524599294c58bd5b814f78e3f7a) Importer(815301076,1909f56bfc062723c751e8b465ee728b) (PreviewImporter) -> (artifact id: '34ce306d6f934142971d0a1a44043365') in 0.018078917 seconds
Number of updated asset objects reloaded before import = 0Number of asset objects unloaded after import = 2

========================================================================
Received Import Request.
  Time since last request: 14.078674 seconds.
  path: Assets/TANKASSETS/PostProcessing/Resources/Bluenoise64/LDR_LLL1_6.png
  artifactKey: Guid(79b86f3419b87f3429164a956da8cfab) Importer(2089858483,b0f066a214c2f5e87bad3c948f4d605d)
Start importing Assets/TANKASSETS/PostProcessing/Resources/Bluenoise64/LDR_LLL1_6.png using Guid(79b86f3419b87f3429164a956da8cfab) Importer(2089858483,b0f066a214c2f5e87bad3c948f4d605d) (ScriptedImporter)[Licensing::Client] Successfully resolved entitlement details
[Licensing::Module] License group:
  Id: E4-DBUH-QKTY-V8AZ-2FZA-XXXX
  Product: Unity Education
  Type: ULF
  Expiration: 2027-03-06T23:46:27Z
[Licensing::Module] License group:
  Id: 6872783040574-inesna-UnityProStuXXXX
  Product: Unity Student
  Type: Assigned
  Expiration: 2027-09-28T14:48:01Z
[Licensing::Client] Successfully resolved entitlement details
[Licensing::Module] License group:
  Id: E4-DBUH-QKTY-V8AZ-2FZA-XXXX
  Product: Unity Education
  Type: ULF
  Expiration: 2027-03-06T23:46:27Z
[Licensing::Module] License group:
  Id: 6872783040574-inesna-UnityProStuXXXX
  Product: Unity Student
  Type: Assigned
  Expiration: 2027-09-28T14:48:01Z
 -> (artifact id: 'be6631f2fe5d2c1de6624c2f5356308e') in 0.158300458 seconds
Number of updated asset objects reloaded before import = 0Number of asset objects unloaded after import = 1

========================================================================
Received Import Request.
  Time since last request: 0.000448 seconds.
  path: Assets/TANKASSETS/PostProcessing/Runtime/Models/ChromaticAberrationModel.cs
  artifactKey: Guid(8da01668697617e43879715e835a2367) Importer(2089858483,b0f066a214c2f5e87bad3c948f4d605d)
Start importing Assets/TANKASSETS/PostProcessing/Runtime/Models/ChromaticAberrationModel.cs using Guid(8da01668697617e43879715e835a2367) Importer(2089858483,b0f066a214c2f5e87bad3c948f4d605d) (ScriptedImporter) -> (artifact id: 'dd8a336f8dd947034f97c0bb6f055b0d') in 0.028396583 seconds
Number of updated asset objects reloaded before import = 0Number of asset objects unloaded after import = 0

========================================================================
Received Import Request.
  Time since last request: 0.000122 seconds.
  path: Assets/TANKASSETS/Materials/YellowDark.mat
  artifactKey: Guid(4b4b25f923792ce4ab819907a4629058) Importer(2089858483,b0f066a214c2f5e87bad3c948f4d605d)
Start importing Assets/TANKASSETS/Materials/YellowDark.mat using Guid(4b4b25f923792ce4ab819907a4629058) Importer(2089858483,b0f066a214c2f5e87bad3c948f4d605d) (ScriptedImporter) -> (artifact id: 'f5298aa874d6a81fef180febd4937483') in 0.013287333 seconds
Number of updated asset objects reloaded before import = 0Number of asset objects unloaded after import = 2

========================================================================
Received Import Request.
  Time since last request: 0.000114 seconds.
  path: Assets/TANKASSETS/PostProcessing/Runtime/Models/DepthOfFieldModel.cs
  artifactKey: Guid(2626b17c595c71e43811d654eb28d30d) Importer(2089858483,b0f066a214c2f5e87bad3c948f4d605d)
Start importing Assets/TANKASSETS/PostProcessing/Runtime/Models/DepthOfFieldModel.cs using Guid(2626b17c595c71e43811d654eb28d30d) Importer(2089858483,b0f066a214c2f5e87bad3c948f4d605d) (ScriptedImporter) -> (artifact id: 'a889790f5b29cb1ca1bd774d0cfade1f') in 0.009753958 seconds
Number of updated asset objects reloaded before import = 0Number of asset objects unloaded after import = 0

========================================================================
Received Import Request.
  Time since last request: 0.000129 seconds.
  path: Assets/TANKASSETS/PostProcessing/Resources/Bluenoise64/LDR_LLL1_5.png
  artifactKey: Guid(a1ae041906217ae44a774d4ca139af50) Importer(2089858483,b0f066a214c2f5e87bad3c948f4d605d)
Start importing Assets/TANKASSETS/PostProcessing/Resources/Bluenoise64/LDR_LLL1_5.png using Guid(a1ae041906217ae44a774d4ca139af50) Importer(2089858483,b0f066a214c2f5e87bad3c948f4d605d) (ScriptedImporter) -> (artifact id: '3cf9267b0f25326fdb99dd71a0069b4c') in 0.008778083 seconds
Number of updated asset objects reloaded before import = 0Number of asset objects unloaded after import = 1

========================================================================
Received Import Request.
  Time since last request: 0.000099 seconds.
  path: Assets/TANKASSETS/Models/BustedTank.fbx
  artifactKey: Guid(8c6d26fe262194242becdec17209d306) Importer(2089858483,b0f066a214c2f5e87bad3c948f4d605d)
Start importing Assets/TANKASSETS/Models/BustedTank.fbx using Guid(8c6d26fe262194242becdec17209d306) Importer(2089858483,b0f066a214c2f5e87bad3c948f4d605d) (ScriptedImporter) -> (artifact id: '1238d677046d3b532ac37e264c3f2e94') in 0.043798 seconds
Number of updated asset objects reloaded before import = 0Number of asset objects unloaded after import = 8

========================================================================
Received Import Request.
  Time since last request: 0.000116 seconds.
  path: Assets/TANKASSETS/PostProcessing/Resources/Shaders/Fog.shader
  artifactKey: Guid(2a72fc91cbae3cc4686a6143e8517993) Importer(2089858483,b0f066a214c2f5e87bad3c948f4d605d)
Start importing Assets/TANKASSETS/PostProcessing/Resources/Shaders/Fog.shader using Guid(2a72fc91cbae3cc4686a6143e8517993) Importer(2089858483,b0f066a214c2f5e87bad3c948f4d605d) (ScriptedImporter) -> (artifact id: 'b138e1fbac04f6da1302331eaabc73ab') in 0.016891375 seconds
Number of updated asset objects reloaded before import = 0Number of asset objects unloaded after import = 1

========================================================================
Received Import Request.
  Time since last request: 0.000080 seconds.
  path: Assets/TANKASSETS/Animators/Pumpjack.controller
  artifactKey: Guid(b83bf9933497ccf459675b37a3115920) Importer(2089858483,b0f066a214c2f5e87bad3c948f4d605d)
Start importing Assets/TANKASSETS/Animators/Pumpjack.controller using Guid(b83bf9933497ccf459675b37a3115920) Importer(2089858483,b0f066a214c2f5e87bad3c948f4d605d) (ScriptedImporter) -> (artifact id: '646b4fe9dce6806da5254fba18d7edea') in 0.013973 seconds
Number of updated asset objects reloaded before import = 0Number of asset objects unloaded after import = 4

========================================================================
Received Import Request.
  Time since last request: 0.000043 seconds.
  path: Assets/TANKASSETS/PostProcessing/Textures/LUTs/NeutralLUT_16.png
  artifactKey: Guid(e45483e270a314c4bbc6e317771d56ab) Importer(2089858483,b0f066a214c2f5e87bad3c948f4d605d)
Start importing Assets/TANKASSETS/PostProcessing/Textures/LUTs/NeutralLUT_16.png using Guid(e45483e270a314c4bbc6e317771d56ab) Importer(2089858483,b0f066a214c2f5e87bad3c948f4d605d) (ScriptedImporter) -> (artifact id: 'eccb3834dad2640f8fb21cb030ce982f') in 0.00627825 seconds
Number of updated asset objects reloaded before import = 0Number of asset objects unloaded after import = 1

========================================================================
Received Import Request.
  Time since last request: 0.000058 seconds.
  path: Assets/TANKASSETS/PostProcessing/Runtime/Attributes/TrackballGroupAttribute.cs
  artifactKey: Guid(aa62a51ebe4821e4b89a64d267b30a27) Importer(2089858483,b0f066a214c2f5e87bad3c948f4d605d)
Start importing Assets/TANKASSETS/PostProcessing/Runtime/Attributes/TrackballGroupAttribute.cs using Guid(aa62a51ebe4821e4b89a64d267b30a27) Importer(2089858483,b0f066a214c2f5e87bad3c948f4d605d) (ScriptedImporter) -> (artifact id: '6053a513c4ba16d9b256bf0ef5a8ed93') in 0.003363416 seconds
Number of updated asset objects reloaded before import = 0Number of asset objects unloaded after import = 0

========================================================================
Received Import Request.
  Time since last request: 0.000065 seconds.
  path: Assets/TANKASSETS/PostProcessing/Runtime/Components/GrainComponent.cs
  artifactKey: Guid(6ff793ec42153c34799eed059982bac3) Importer(2089858483,b0f066a214c2f5e87bad3c948f4d605d)
Start importing Assets/TANKASSETS/PostProcessing/Runtime/Components/GrainComponent.cs using Guid(6ff793ec42153c34799eed059982bac3) Importer(2089858483,b0f066a214c2f5e87bad3c948f4d605d) (ScriptedImporter) -> (artifact id: '843e49aab921d34f5dd79c3ada5bae0e') in 0.003795709 seconds
Number of updated asset objects reloaded before import = 0Number of asset objects unloaded after import = 0

========================================================================
Received Import Request.
  Time since last request: 0.000059 seconds.
  path: Assets/TANKASSETS/PostProcessing/Runtime/Components/BuiltinDebugViewsComponent.cs
  artifactKey: Guid(fd834b6165e82e64f9da2d4ed9f4e236) Importer(2089858483,b0f066a214c2f5e87bad3c948f4d605d)
Start importing Assets/TANKASSETS/PostProcessing/Runtime/Components/BuiltinDebugViewsComponent.cs using Guid(fd834b6165e82e64f9da2d4ed9f4e236) Importer(2089858483,b0f066a214c2f5e87bad3c948f4d605d) (ScriptedImporter) -> (artifact id: '4dcd3de77d9ca0f0aa367fa56eeabe77') in 0.003127 seconds
Number of updated asset objects reloaded before import = 0Number of asset objects unloaded after import = 0

========================================================================
Received Import Request.
  Time since last request: 0.000063 seconds.
  path: Assets/TANKASSETS/_Complete-Game.unity
  artifactKey: Guid(37961ba4d27bd46428d20c2ffe403dc3) Importer(2089858483,b0f066a214c2f5e87bad3c948f4d605d)
Start importing Assets/TANKASSETS/_Complete-Game.unity using Guid(37961ba4d27bd46428d20c2ffe403dc3) Importer(2089858483,b0f066a214c2f5e87bad3c948f4d605d) (ScriptedImporter) -> (artifact id: 'b58417326650951917af608942048fe7') in 0.005161333 seconds
Number of updated asset objects reloaded before import = 0Number of asset objects unloaded after import = 1

========================================================================
Received Import Request.
  Time since last request: 0.000138 seconds.
  path: Assets/TANKASSETS/PostProcessing/Resources/Shaders/EyeAdaptation.shader
  artifactKey: Guid(81899cddfbc72494497a6db0ae045f2c) Importer(2089858483,b0f066a214c2f5e87bad3c948f4d605d)
Start importing Assets/TANKASSETS/PostProcessing/Resources/Shaders/EyeAdaptation.shader using Guid(81899cddfbc72494497a6db0ae045f2c) Importer(2089858483,b0f066a214c2f5e87bad3c948f4d605d) (ScriptedImporter) -> (artifact id: '4783946a45c7433e608490d8e4925885') in 0.003879833 seconds
Number of updated asset objects reloaded before import = 0Number of asset objects unloaded after import = 1

========================================================================
Received Import Request.
  Time since last request: 0.000100 seconds.
  path: Assets/TANKASSETS/PostProcessing/Editor/Models/DitheringModelEditor.cs
  artifactKey: Guid(87377c86d84f49a4e912d37d28353e7f) Importer(2089858483,b0f066a214c2f5e87bad3c948f4d605d)
Start importing Assets/TANKASSETS/PostProcessing/Editor/Models/DitheringModelEditor.cs using Guid(87377c86d84f49a4e912d37d28353e7f) Importer(2089858483,b0f066a214c2f5e87bad3c948f4d605d) (ScriptedImporter) -> (artifact id: '8aefee43a7f75166d420b788c372b2ed') in 0.003769167 seconds
Number of updated asset objects reloaded before import = 0Number of asset objects unloaded after import = 0

========================================================================
Received Import Request.
  Time since last request: 0.000093 seconds.
  path: Assets/TANKASSETS/PostProcessing/Resources/Shaders/Bloom.shader
  artifactKey: Guid(4ceb73bc148699b469361531d6062548) Importer(2089858483,b0f066a214c2f5e87bad3c948f4d605d)
Start importing Assets/TANKASSETS/PostProcessing/Resources/Shaders/Bloom.shader using Guid(4ceb73bc148699b469361531d6062548) Importer(2089858483,b0f066a214c2f5e87bad3c948f4d605d) (ScriptedImporter) -> (artifact id: '9118a64d1d2f6b544bdf780557ee39d4') in 0.003700834 seconds
Number of updated asset objects reloaded before import = 0Number of asset objects unloaded after import = 1

========================================================================
Received Import Request.
  Time since last request: 0.000182 seconds.
  path: Assets/TANKASSETS/Materials/BuildingWhite.mat
  artifactKey: Guid(d0c31a39c426da94496d2abbf928d525) Importer(2089858483,b0f066a214c2f5e87bad3c948f4d605d)
Start importing Assets/TANKASSETS/Materials/BuildingWhite.mat using Guid(d0c31a39c426da94496d2abbf928d525) Importer(2089858483,b0f066a214c2f5e87bad3c948f4d605d) (ScriptedImporter) -> (artifact id: 'd84d1153c3dfb941ef76f44c95aa35a7') in 0.008370292 seconds
Number of updated asset objects reloaded before import = 0Number of asset objects unloaded after import = 2

========================================================================
Received Import Request.
  Time since last request: 0.000156 seconds.
  path: Assets/TANKASSETS/Prefabs/PumpJack.prefab
  artifactKey: Guid(0eba80400f16aca4b9dd3354bd2ab01b) Importer(2089858483,b0f066a214c2f5e87bad3c948f4d605d)
Start importing Assets/TANKASSETS/Prefabs/PumpJack.prefab using Guid(0eba80400f16aca4b9dd3354bd2ab01b) Importer(2089858483,b0f066a214c2f5e87bad3c948f4d605d) (ScriptedImporter) -> (artifact id: 'f8184f27171add43a08fad898ae64ead') in 0.0254875 seconds
Number of updated asset objects reloaded before import = 0Number of asset objects unloaded after import = 12

========================================================================
Received Import Request.
  Time since last request: 0.000051 seconds.
  path: Assets/TANKASSETS/Models/Dunes01.fbx
  artifactKey: Guid(1b0f8caf6ec3ed644bf9751040d84dcb) Importer(2089858483,b0f066a214c2f5e87bad3c948f4d605d)
Start importing Assets/TANKASSETS/Models/Dunes01.fbx using Guid(1b0f8caf6ec3ed644bf9751040d84dcb) Importer(2089858483,b0f066a214c2f5e87bad3c948f4d605d) (ScriptedImporter) -> (artifact id: 'dde269fb7bfb7f7331e2109327fc6741') in 0.022510916 seconds
Number of updated asset objects reloaded before import = 0Number of asset objects unloaded after import = 8

========================================================================
Received Import Request.
  Time since last request: 0.000133 seconds.
  path: Assets/TANKASSETS/PostProcessing/Editor/Models/DefaultPostFxModelEditor.cs
  artifactKey: Guid(c15016a7fef58974f91a6a4d6b132d94) Importer(2089858483,b0f066a214c2f5e87bad3c948f4d605d)
Start importing Assets/TANKASSETS/PostProcessing/Editor/Models/DefaultPostFxModelEditor.cs using Guid(c15016a7fef58974f91a6a4d6b132d94) Importer(2089858483,b0f066a214c2f5e87bad3c948f4d605d) (ScriptedImporter) -> (artifact id: 'f4a3643be65320d1a96b1bb13d28318e') in 0.010321417 seconds
Number of updated asset objects reloaded before import = 0Number of asset objects unloaded after import = 0

========================================================================
Received Import Request.
  Time since last request: 0.004698 seconds.
  path: Assets/TANKASSETS/PostProcessing/Resources/Shaders/FXAA.shader
  artifactKey: Guid(291f0d5b6045f4646847c59b4ce13ac5) Importer(2089858483,b0f066a214c2f5e87bad3c948f4d605d)
Start importing Assets/TANKASSETS/PostProcessing/Resources/Shaders/FXAA.shader using Guid(291f0d5b6045f4646847c59b4ce13ac5) Importer(2089858483,b0f066a214c2f5e87bad3c948f4d605d) (ScriptedImporter) -> (artifact id: '25e725842f0da4d52f31c635af3c1723') in 0.017373708 seconds
Number of updated asset objects reloaded before import = 0Number of asset objects unloaded after import = 1

========================================================================
Received Import Request.
  Time since last request: 0.005585 seconds.
  path: Assets/TANKASSETS/PostProcessing/Runtime/Components/MotionBlurComponent.cs
  artifactKey: Guid(9a9ae59cbb7c53e40851df7f32805098) Importer(2089858483,b0f066a214c2f5e87bad3c948f4d605d)
Start importing Assets/TANKASSETS/PostProcessing/Runtime/Components/MotionBlurComponent.cs using Guid(9a9ae59cbb7c53e40851df7f32805098) Importer(2089858483,b0f066a214c2f5e87bad3c948f4d605d) (ScriptedImporter) -> (artifact id: 'e769b1abf30876c733c8a227ac383bbb') in 0.02053675 seconds
Number of updated asset objects reloaded before import = 0Number of asset objects unloaded after import = 0

========================================================================
Received Import Request.
  Time since last request: 0.007085 seconds.
  path: Assets/TANKASSETS/Materials/BuildingMetal.mat
  artifactKey: Guid(e7df269b1d6121e4787b2f27aab18dbe) Importer(2089858483,b0f066a214c2f5e87bad3c948f4d605d)
Start importing Assets/TANKASSETS/Materials/BuildingMetal.mat using Guid(e7df269b1d6121e4787b2f27aab18dbe) Importer(2089858483,b0f066a214c2f5e87bad3c948f4d605d) (ScriptedImporter) -> (artifact id: '0f09c8d8da77ef43883480ffd69c3986') in 0.034065416 seconds
Number of updated asset objects reloaded before import = 0Number of asset objects unloaded after import = 2

========================================================================
Received Import Request.
  Time since last request: 0.009539 seconds.
  path: Assets/TANKASSETS/PostProcessing/Resources/Bluenoise64/LDR_LLL1_53.png
  artifactKey: Guid(c94b57b5a32a22d43ade66e09f6a4bd2) Importer(2089858483,b0f066a214c2f5e87bad3c948f4d605d)
Start importing Assets/TANKASSETS/PostProcessing/Resources/Bluenoise64/LDR_LLL1_53.png using Guid(c94b57b5a32a22d43ade66e09f6a4bd2) Importer(2089858483,b0f066a214c2f5e87bad3c948f4d605d) (ScriptedImporter) -> (artifact id: 'cfa0e615d6aec639b3cd2cb94b2f8679') in 0.026125875 seconds
Number of updated asset objects reloaded before import = 0Number of asset objects unloaded after import = 1

========================================================================
Received Import Request.
  Time since last request: 0.000377 seconds.
  path: Assets/TANKASSETS/PostProcessing/Resources/Bluenoise64/LDR_LLL1_35.png
  artifactKey: Guid(0a79c155edf9b2d429d4736abee5acdb) Importer(2089858483,b0f066a214c2f5e87bad3c948f4d605d)
Start importing Assets/TANKASSETS/PostProcessing/Resources/Bluenoise64/LDR_LLL1_35.png using Guid(0a79c155edf9b2d429d4736abee5acdb) Importer(2089858483,b0f066a214c2f5e87bad3c948f4d605d) (ScriptedImporter) -> (artifact id: '23366412182b24d28625e569353705e6') in 0.015801916 seconds
Number of updated asset objects reloaded before import = 0Number of asset objects unloaded after import = 1

========================================================================
Received Import Request.
  Time since last request: 0.000146 seconds.
  path: Assets/TANKASSETS/Models/Terrain.fbx
  artifactKey: Guid(126dbcddb53386c4f969fdf0c555e822) Importer(2089858483,b0f066a214c2f5e87bad3c948f4d605d)
Start importing Assets/TANKASSETS/Models/Terrain.fbx using Guid(126dbcddb53386c4f969fdf0c555e822) Importer(2089858483,b0f066a214c2f5e87bad3c948f4d605d) (ScriptedImporter) -> (artifact id: '104c2be642ae6dd46d780fd4d7d80db8') in 0.020274875 seconds
Number of updated asset objects reloaded before import = 0Number of asset objects unloaded after import = 8

========================================================================
Received Import Request.
  Time since last request: 0.000082 seconds.
  path: Assets/TANKASSETS/Materials/TankLights.mat
  artifactKey: Guid(574c4e070e5dd0a40a02b979f582a836) Importer(2089858483,b0f066a214c2f5e87bad3c948f4d605d)
Start importing Assets/TANKASSETS/Materials/TankLights.mat using Guid(574c4e070e5dd0a40a02b979f582a836) Importer(2089858483,b0f066a214c2f5e87bad3c948f4d605d) (ScriptedImporter) -> (artifact id: 'eeb456a72bb34738824ec7e3ebd7c4b3') in 0.005295583 seconds
Number of updated asset objects reloaded before import = 0Number of asset objects unloaded after import = 2

========================================================================
Received Import Request.
  Time since last request: 0.000098 seconds.
  path: Assets/TANKASSETS/PostProcessing/Resources/Bluenoise64/LDR_LLL1_43.png
  artifactKey: Guid(71bc1b6b66e8b784b972199b7e90204e) Importer(2089858483,b0f066a214c2f5e87bad3c948f4d605d)
Start importing Assets/TANKASSETS/PostProcessing/Resources/Bluenoise64/LDR_LLL1_43.png using Guid(71bc1b6b66e8b784b972199b7e90204e) Importer(2089858483,b0f066a214c2f5e87bad3c948f4d605d) (ScriptedImporter) -> (artifact id: 'c931e99d48dd9070365c37bda4697d34') in 0.009840708 seconds
Number of updated asset objects reloaded before import = 0Number of asset objects unloaded after import = 1

========================================================================
Received Import Request.
  Time since last request: 0.000199 seconds.
  path: Assets/TANKASSETS/Materials/TankGrey.mat
  artifactKey: Guid(c4c5f95d06932564c8672b4bafeb1b28) Importer(2089858483,b0f066a214c2f5e87bad3c948f4d605d)
Start importing Assets/TANKASSETS/Materials/TankGrey.mat using Guid(c4c5f95d06932564c8672b4bafeb1b28) Importer(2089858483,b0f066a214c2f5e87bad3c948f4d605d) (ScriptedImporter) -> (artifact id: '0b32549f1fb8a2bc31aad99b4b33d78c') in 0.007476 seconds
Number of updated asset objects reloaded before import = 0Number of asset objects unloaded after import = 2

========================================================================
Received Import Request.
  Time since last request: 0.000262 seconds.
  path: Assets/TANKASSETS/Materials/Explosion.mat
  artifactKey: Guid(87bf8b67d0a902842a3b617c1c75d6e5) Importer(2089858483,b0f066a214c2f5e87bad3c948f4d605d)
Start importing Assets/TANKASSETS/Materials/Explosion.mat using Guid(87bf8b67d0a902842a3b617c1c75d6e5) Importer(2089858483,b0f066a214c2f5e87bad3c948f4d605d) (ScriptedImporter) -> (artifact id: '496fb9d6d8dd7ee08f66cbd474be6cac') in 0.0097635 seconds
Number of updated asset objects reloaded before import = 0Number of asset objects unloaded after import = 3

========================================================================
Received Import Request.
  Time since last request: 0.000070 seconds.
  path: Assets/TANKASSETS/PostProcessing/Resources/Bluenoise64/LDR_LLL1_63.png
  artifactKey: Guid(4a11d65ce13d5f542a0ff136cc2f3fba) Importer(2089858483,b0f066a214c2f5e87bad3c948f4d605d)
Start importing Assets/TANKASSETS/PostProcessing/Resources/Bluenoise64/LDR_LLL1_63.png using Guid(4a11d65ce13d5f542a0ff136cc2f3fba) Importer(2089858483,b0f066a214c2f5e87bad3c948f4d605d) (ScriptedImporter) -> (artifact id: '55fc2e3424468afb0f020351b5fd743f') in 0.01195225 seconds
Number of updated asset objects reloaded before import = 0Number of asset objects unloaded after import = 1

========================================================================
Received Import Request.
  Time since last request: 0.000340 seconds.
  path: Assets/TANKASSETS/PostProcessing/Editor/Models/DepthOfFieldModelEditor.cs
  artifactKey: Guid(dc2f388440e9f8b4f8fc7bb43c01cc7d) Importer(2089858483,b0f066a214c2f5e87bad3c948f4d605d)
Start importing Assets/TANKASSETS/PostProcessing/Editor/Models/DepthOfFieldModelEditor.cs using Guid(dc2f388440e9f8b4f8fc7bb43c01cc7d) Importer(2089858483,b0f066a214c2f5e87bad3c948f4d605d) (ScriptedImporter) -> (artifact id: '3d4e966d8f0b4ace9467393e32cea7b7') in 0.010348334 seconds
Number of updated asset objects reloaded before import = 0Number of asset objects unloaded after import = 0

========================================================================
Received Import Request.
  Time since last request: 0.000485 seconds.
  path: Assets/TANKASSETS/PostProcessing/Textures/Lens Dirt/LensDirt02.png
  artifactKey: Guid(a2960ffde020f27409e070d92fb2e00b) Importer(2089858483,b0f066a214c2f5e87bad3c948f4d605d)
Start importing Assets/TANKASSETS/PostProcessing/Textures/Lens Dirt/LensDirt02.png using Guid(a2960ffde020f27409e070d92fb2e00b) Importer(2089858483,b0f066a214c2f5e87bad3c948f4d605d) (ScriptedImporter) -> (artifact id: 'a75fd6f9082fa75c6e44fb5f25f00907') in 0.014523417 seconds
Number of updated asset objects reloaded before import = 0Number of asset objects unloaded after import = 1

========================================================================
Received Import Request.
  Time since last request: 0.000523 seconds.
  path: Assets/TANKASSETS/Models/Cliff.fbx
  artifactKey: Guid(12783825d19a606449c1d81b822fb4a2) Importer(2089858483,b0f066a214c2f5e87bad3c948f4d605d)
Start importing Assets/TANKASSETS/Models/Cliff.fbx using Guid(12783825d19a606449c1d81b822fb4a2) Importer(2089858483,b0f066a214c2f5e87bad3c948f4d605d) (ScriptedImporter) -> (artifact id: '1b445cd0f30e2b8f6ac784f81c7cd9df') in 0.035193125 seconds
Number of updated asset objects reloaded before import = 0Number of asset objects unloaded after import = 8

========================================================================
Received Import Request.
  Time since last request: 0.001010 seconds.
  path: Assets/TANKASSETS/PostProcessing/Resources/Shaders/ScreenSpaceReflection.shader
  artifactKey: Guid(607a5643efb168f429e438f7d6ad270a) Importer(2089858483,b0f066a214c2f5e87bad3c948f4d605d)
Start importing Assets/TANKASSETS/PostProcessing/Resources/Shaders/ScreenSpaceReflection.shader using Guid(607a5643efb168f429e438f7d6ad270a) Importer(2089858483,b0f066a214c2f5e87bad3c948f4d605d) (ScriptedImporter) -> (artifact id: '2b08f40c0fe5c91ac51c68bd880d808f') in 0.022520417 seconds
Number of updated asset objects reloaded before import = 0Number of asset objects unloaded after import = 1

========================================================================
Received Import Request.
  Time since last request: 0.000889 seconds.
  path: Assets/TANKASSETS/PostProcessing/Resources/Shaders/MotionBlur.shader
  artifactKey: Guid(6ab8493603d8f8e408750b81666a95f1) Importer(2089858483,b0f066a214c2f5e87bad3c948f4d605d)
Start importing Assets/TANKASSETS/PostProcessing/Resources/Shaders/MotionBlur.shader using Guid(6ab8493603d8f8e408750b81666a95f1) Importer(2089858483,b0f066a214c2f5e87bad3c948f4d605d) (ScriptedImporter) -> (artifact id: '61cc95ae31b8f9f817a5042496f7ea7c') in 0.010808167 seconds
Number of updated asset objects reloaded before import = 0Number of asset objects unloaded after import = 1

========================================================================
Received Import Request.
  Time since last request: 0.000256 seconds.
  path: Assets/Readme.asset
  artifactKey: Guid(8105016687592461f977c054a80ce2f2) Importer(2089858483,b0f066a214c2f5e87bad3c948f4d605d)
Start importing Assets/Readme.asset using Guid(8105016687592461f977c054a80ce2f2) Importer(2089858483,b0f066a214c2f5e87bad3c948f4d605d) (ScriptedImporter) -> (artifact id: 'b2d4bfa32e8471ca21f148a7dfa43d19') in 0.008170583 seconds
Number of updated asset objects reloaded before import = 0Number of asset objects unloaded after import = 1

========================================================================
Received Import Request.
  Time since last request: 0.001127 seconds.
  path: Assets/TANKASSETS/PostProcessing/Runtime/Components/ScreenSpaceReflectionComponent.cs
  artifactKey: Guid(dd75f795d6a798f44a7801082f6a703f) Importer(2089858483,b0f066a214c2f5e87bad3c948f4d605d)
Start importing Assets/TANKASSETS/PostProcessing/Runtime/Components/ScreenSpaceReflectionComponent.cs using Guid(dd75f795d6a798f44a7801082f6a703f) Importer(2089858483,b0f066a214c2f5e87bad3c948f4d605d) (ScriptedImporter) -> (artifact id: 'a202c07d1276cee49572b2f07e5c4f23') in 0.008478166 seconds
Number of updated asset objects reloaded before import = 0Number of asset objects unloaded after import = 0

========================================================================
Received Import Request.
  Time since last request: 0.000146 seconds.
  path: Assets/TANKASSETS/PostProcessing/Textures/Spectral LUTs/SpectralLut_RedBlue.tga
  artifactKey: Guid(ff5f3317371838d4fa16ac6c2acf2040) Importer(2089858483,b0f066a214c2f5e87bad3c948f4d605d)
Start importing Assets/TANKASSETS/PostProcessing/Textures/Spectral LUTs/SpectralLut_RedBlue.tga using Guid(ff5f3317371838d4fa16ac6c2acf2040) Importer(2089858483,b0f066a214c2f5e87bad3c948f4d605d) (ScriptedImporter) -> (artifact id: 'e304bb3f53ab0a434253e0cc49ec2286') in 0.012182375 seconds
Number of updated asset objects reloaded before import = 0Number of asset objects unloaded after import = 1

========================================================================
Received Import Request.
  Time since last request: 0.000157 seconds.
  path: Assets/TANKASSETS/PostProcessing/Resources/Shaders/AmbientOcclusion.shader
  artifactKey: Guid(e881ae5627d1cc84395303acfbca6fb2) Importer(2089858483,b0f066a214c2f5e87bad3c948f4d605d)
Start importing Assets/TANKASSETS/PostProcessing/Resources/Shaders/AmbientOcclusion.shader using Guid(e881ae5627d1cc84395303acfbca6fb2) Importer(2089858483,b0f066a214c2f5e87bad3c948f4d605d) (ScriptedImporter) -> (artifact id: '27d5c0647f3ce85bb2ae055e82541d69') in 0.00685325 seconds
Number of updated asset objects reloaded before import = 0Number of asset objects unloaded after import = 1

========================================================================
Received Import Request.
  Time since last request: 0.000319 seconds.
  path: Assets/TANKASSETS/PostProcessing/Resources/Bluenoise64/LDR_LLL1_56.png
  artifactKey: Guid(70f23eaf7d8ae9147aa542d20e93733b) Importer(2089858483,b0f066a214c2f5e87bad3c948f4d605d)
Start importing Assets/TANKASSETS/PostProcessing/Resources/Bluenoise64/LDR_LLL1_56.png using Guid(70f23eaf7d8ae9147aa542d20e93733b) Importer(2089858483,b0f066a214c2f5e87bad3c948f4d605d) (ScriptedImporter) -> (artifact id: 'e1d5be0948e7fb13b60e3775f10d06cd') in 0.013003917 seconds
Number of updated asset objects reloaded before import = 0Number of asset objects unloaded after import = 1

========================================================================
Received Import Request.
  Time since last request: 0.000151 seconds.
  path: Assets/TANKASSETS/PostProcessing/Resources/Bluenoise64/LDR_LLL1_62.png
  artifactKey: Guid(a03c400b0e3959f428ee99dfc6cfc263) Importer(2089858483,b0f066a214c2f5e87bad3c948f4d605d)
Start importing Assets/TANKASSETS/PostProcessing/Resources/Bluenoise64/LDR_LLL1_62.png using Guid(a03c400b0e3959f428ee99dfc6cfc263) Importer(2089858483,b0f066a214c2f5e87bad3c948f4d605d) (ScriptedImporter) -> (artifact id: '155d027766a96b4ac56f265c92891a96') in 0.01057625 seconds
Number of updated asset objects reloaded before import = 0Number of asset objects unloaded after import = 1

========================================================================
Received Import Request.
  Time since last request: 0.000118 seconds.
  path: Assets/TANKASSETS/PostProcessing/Resources/Shaders/EyeAdaptation.cginc
  artifactKey: Guid(d2f406cad28afda489b94594fb3ce0af) Importer(2089858483,b0f066a214c2f5e87bad3c948f4d605d)
Start importing Assets/TANKASSETS/PostProcessing/Resources/Shaders/EyeAdaptation.cginc using Guid(d2f406cad28afda489b94594fb3ce0af) Importer(2089858483,b0f066a214c2f5e87bad3c948f4d605d) (ScriptedImporter) -> (artifact id: 'c91b894f272c7abbb741b3370d395586') in 0.005204209 seconds
Number of updated asset objects reloaded before import = 0Number of asset objects unloaded after import = 1

========================================================================
Received Import Request.
  Time since last request: 0.000261 seconds.
  path: Assets/TankAndWP/Tank.fbx
  artifactKey: Guid(c58838a1d6c17484393fa08cdb7f059d) Importer(2089858483,b0f066a214c2f5e87bad3c948f4d605d)
Start importing Assets/TankAndWP/Tank.fbx using Guid(c58838a1d6c17484393fa08cdb7f059d) Importer(2089858483,b0f066a214c2f5e87bad3c948f4d605d) (ScriptedImporter) -> (artifact id: 'e6bfa6349b46a6bd8845fc30bb80914d') in 0.023510791 seconds
Number of updated asset objects reloaded before import = 0Number of asset objects unloaded after import = 26

========================================================================
Received Import Request.
  Time since last request: 0.000061 seconds.
  path: Assets/TANKASSETS/PostProcessing/Resources/Shaders
  artifactKey: Guid(e039bcc30d13c9341aa224f4e89f21b3) Importer(2089858483,b0f066a214c2f5e87bad3c948f4d605d)
Start importing Assets/TANKASSETS/PostProcessing/Resources/Shaders using Guid(e039bcc30d13c9341aa224f4e89f21b3) Importer(2089858483,b0f066a214c2f5e87bad3c948f4d605d) (ScriptedImporter) -> (artifact id: '52fb2dc146b5e9a2929c886365d44018') in 0.007358916 seconds
Number of updated asset objects reloaded before import = 0Number of asset objects unloaded after import = 1

========================================================================
Received Import Request.
  Time since last request: 0.001355 seconds.
  path: Assets/TANKASSETS/PostProcessing/Editor/Models/ChromaticAberrationEditor.cs
  artifactKey: Guid(8a713f71a0169794a915a081f6242f60) Importer(2089858483,b0f066a214c2f5e87bad3c948f4d605d)
Start importing Assets/TANKASSETS/PostProcessing/Editor/Models/ChromaticAberrationEditor.cs using Guid(8a713f71a0169794a915a081f6242f60) Importer(2089858483,b0f066a214c2f5e87bad3c948f4d605d) (ScriptedImporter) -> (artifact id: 'ee29fa1bf80b652a1a828512accb0e9e') in 0.012071458 seconds
Number of updated asset objects reloaded before import = 0Number of asset objects unloaded after import = 0

========================================================================
Received Import Request.
  Time since last request: 0.000245 seconds.
  path: Assets/TANKASSETS/PostProcessing/Runtime/Components/UserLutComponent.cs
  artifactKey: Guid(63cb071fb8442a14f85c02e6ddba9b72) Importer(2089858483,b0f066a214c2f5e87bad3c948f4d605d)
Start importing Assets/TANKASSETS/PostProcessing/Runtime/Components/UserLutComponent.cs using Guid(63cb071fb8442a14f85c02e6ddba9b72) Importer(2089858483,b0f066a214c2f5e87bad3c948f4d605d) (ScriptedImporter) -> (artifact id: 'a53f790e0d082eaaa1191c08af02d35a') in 0.007997625 seconds
Number of updated asset objects reloaded before import = 0Number of asset objects unloaded after import = 0

========================================================================
Received Import Request.
  Time since last request: 0.001093 seconds.
  path: Assets/TANKASSETS/PostProcessing/Resources/Bluenoise64/LDR_LLL1_39.png
  artifactKey: Guid(547dbd5f858c74047ba3f213e4408307) Importer(2089858483,b0f066a214c2f5e87bad3c948f4d605d)
Start importing Assets/TANKASSETS/PostProcessing/Resources/Bluenoise64/LDR_LLL1_39.png using Guid(547dbd5f858c74047ba3f213e4408307) Importer(2089858483,b0f066a214c2f5e87bad3c948f4d605d) (ScriptedImporter) -> (artifact id: '4067b948f8e8735607f64e8eb7e7040f') in 0.022190791 seconds
Number of updated asset objects reloaded before import = 0Number of asset objects unloaded after import = 1

========================================================================
Received Import Request.
  Time since last request: 0.004237 seconds.
  path: Assets/TANKASSETS/PostProcessing/Resources/Bluenoise64/LDR_LLL1_29.png
  artifactKey: Guid(aa80dc44aa4fe4c43bb9d51d90cf2958) Importer(2089858483,b0f066a214c2f5e87bad3c948f4d605d)
Start importing Assets/TANKASSETS/PostProcessing/Resources/Bluenoise64/LDR_LLL1_29.png using Guid(aa80dc44aa4fe4c43bb9d51d90cf2958) Importer(2089858483,b0f066a214c2f5e87bad3c948f4d605d) (ScriptedImporter) -> (artifact id: '04577074ca3645e0f57cce69531903e1') in 0.012410459 seconds
Number of updated asset objects reloaded before import = 0Number of asset objects unloaded after import = 1

========================================================================
Received Import Request.
  Time since last request: 0.001675 seconds.
  path: Assets/TANKASSETS/Prefabs
  artifactKey: Guid(c2d6bea73573c9f4499c64d2b2f5f0ca) Importer(2089858483,b0f066a214c2f5e87bad3c948f4d605d)
Start importing Assets/TANKASSETS/Prefabs using Guid(c2d6bea73573c9f4499c64d2b2f5f0ca) Importer(2089858483,b0f066a214c2f5e87bad3c948f4d605d) (ScriptedImporter) -> (artifact id: '35ebbacbf993928ccf5f62f88ee47158') in 0.008170166 seconds
Number of updated asset objects reloaded before import = 0Number of asset objects unloaded after import = 1

========================================================================
Received Import Request.
  Time since last request: 0.000571 seconds.
  path: Assets/TANKASSETS/PostProcessing/Editor Resources/Monitors/WaveformCompute.compute
  artifactKey: Guid(9d9b886f7a8fe7b4baf56624c42e3420) Importer(2089858483,b0f066a214c2f5e87bad3c948f4d605d)
Start importing Assets/TANKASSETS/PostProcessing/Editor Resources/Monitors/WaveformCompute.compute using Guid(9d9b886f7a8fe7b4baf56624c42e3420) Importer(2089858483,b0f066a214c2f5e87bad3c948f4d605d) (ScriptedImporter) -> (artifact id: 'd75b4d00b74e7d95db20e324ed61d90f') in 0.007915583 seconds
Number of updated asset objects reloaded before import = 0Number of asset objects unloaded after import = 1

========================================================================
Received Import Request.
  Time since last request: 0.000886 seconds.
  path: Assets/TANKASSETS/PostProcessing/Runtime/Models/BloomModel.cs
  artifactKey: Guid(e215a6ec29d100f489c186f289526f06) Importer(2089858483,b0f066a214c2f5e87bad3c948f4d605d)
Start importing Assets/TANKASSETS/PostProcessing/Runtime/Models/BloomModel.cs using Guid(e215a6ec29d100f489c186f289526f06) Importer(2089858483,b0f066a214c2f5e87bad3c948f4d605d) (ScriptedImporter) -> (artifact id: '1a66ac091cedddddac77037aa2034758') in 0.007280584 seconds
Number of updated asset objects reloaded before import = 0Number of asset objects unloaded after import = 0

========================================================================
Received Import Request.
  Time since last request: 0.000123 seconds.
  path: Assets/TANKASSETS/PostProcessing/Editor/Utils/CurveEditor.cs
  artifactKey: Guid(afb349ef0bffd144db2bdd25630f648e) Importer(2089858483,b0f066a214c2f5e87bad3c948f4d605d)
Start importing Assets/TANKASSETS/PostProcessing/Editor/Utils/CurveEditor.cs using Guid(afb349ef0bffd144db2bdd25630f648e) Importer(2089858483,b0f066a214c2f5e87bad3c948f4d605d) (ScriptedImporter) -> (artifact id: '70b512542dba90271b6713574c12cebe') in 0.006611417 seconds
Number of updated asset objects reloaded before import = 0Number of asset objects unloaded after import = 0

========================================================================
Received Import Request.
  Time since last request: 0.000160 seconds.
  path: Assets/TANKASSETS/PostProcessing/Editor/PropertyDrawers/GetSetDrawer.cs
  artifactKey: Guid(e1a43b92f2bbd914ca2e6b4c6a5dba48) Importer(2089858483,b0f066a214c2f5e87bad3c948f4d605d)
Start importing Assets/TANKASSETS/PostProcessing/Editor/PropertyDrawers/GetSetDrawer.cs using Guid(e1a43b92f2bbd914ca2e6b4c6a5dba48) Importer(2089858483,b0f066a214c2f5e87bad3c948f4d605d) (ScriptedImporter) -> (artifact id: '5e7496f30511e7670e617e5153010298') in 0.006699334 seconds
Number of updated asset objects reloaded before import = 0Number of asset objects unloaded after import = 0

========================================================================
Received Import Request.
  Time since last request: 0.000244 seconds.
  path: Assets/TANKASSETS/PostProcessing/Runtime/Models/AmbientOcclusionModel.cs
  artifactKey: Guid(564228afc5cbd5f49beb80038b4b7af2) Importer(2089858483,b0f066a214c2f5e87bad3c948f4d605d)
Start importing Assets/TANKASSETS/PostProcessing/Runtime/Models/AmbientOcclusionModel.cs using Guid(564228afc5cbd5f49beb80038b4b7af2) Importer(2089858483,b0f066a214c2f5e87bad3c948f4d605d) (ScriptedImporter) -> (artifact id: '7fe39d2dab3b5b67a41b356a4c21491c') in 0.004585625 seconds
Number of updated asset objects reloaded before import = 0Number of asset objects unloaded after import = 0

========================================================================
Received Import Request.
  Time since last request: 0.000242 seconds.
  path: Assets/TANKASSETS/PostProcessing/Editor/Monitors/ParadeMonitor.cs
  artifactKey: Guid(b1f878f3742072e40a280683573bd0ee) Importer(2089858483,b0f066a214c2f5e87bad3c948f4d605d)
Start importing Assets/TANKASSETS/PostProcessing/Editor/Monitors/ParadeMonitor.cs using Guid(b1f878f3742072e40a280683573bd0ee) Importer(2089858483,b0f066a214c2f5e87bad3c948f4d605d) (ScriptedImporter) -> (artifact id: '21fc1e86be060d16dc37a0307f1f8a6b') in 0.005225375 seconds
Number of updated asset objects reloaded before import = 0Number of asset objects unloaded after import = 0

========================================================================
Received Import Request.
  Time since last request: 0.000159 seconds.
  path: Assets/TANKASSETS/PostProcessing/Editor Resources/UI/MotionBlendingIcon.png
  artifactKey: Guid(c0fa58091049bd24394fa15b0b6d4c5a) Importer(2089858483,b0f066a214c2f5e87bad3c948f4d605d)
Start importing Assets/TANKASSETS/PostProcessing/Editor Resources/UI/MotionBlendingIcon.png using Guid(c0fa58091049bd24394fa15b0b6d4c5a) Importer(2089858483,b0f066a214c2f5e87bad3c948f4d605d) (ScriptedImporter) -> (artifact id: '83e275366ed20c12497223ebb34875dc') in 0.015051542 seconds
Number of updated asset objects reloaded before import = 0Number of asset objects unloaded after import = 1

========================================================================
Received Import Request.
  Time since last request: 0.000172 seconds.
  path: Assets/TANKASSETS/PostProcessing/Runtime/Components/ColorGradingComponent.cs
  artifactKey: Guid(9baf73db7c9fc1b478f4a0a1000c86f5) Importer(2089858483,b0f066a214c2f5e87bad3c948f4d605d)
Start importing Assets/TANKASSETS/PostProcessing/Runtime/Components/ColorGradingComponent.cs using Guid(9baf73db7c9fc1b478f4a0a1000c86f5) Importer(2089858483,b0f066a214c2f5e87bad3c948f4d605d) (ScriptedImporter) -> (artifact id: 'd975605cfe7daae9164737f7fd0e4de2') in 0.009856958 seconds
Number of updated asset objects reloaded before import = 0Number of asset objects unloaded after import = 0

========================================================================
Received Import Request.
  Time since last request: 0.000298 seconds.
  path: Assets/TANKASSETS/Materials/OilDrums.mat
  artifactKey: Guid(b3a1f2f69b4c3a84cba5446e31e87c20) Importer(2089858483,b0f066a214c2f5e87bad3c948f4d605d)
Start importing Assets/TANKASSETS/Materials/OilDrums.mat using Guid(b3a1f2f69b4c3a84cba5446e31e87c20) Importer(2089858483,b0f066a214c2f5e87bad3c948f4d605d) (ScriptedImporter) -> (artifact id: 'd03c5a104484b55ea19ff99acc70682d') in 0.00841775 seconds
Number of updated asset objects reloaded before import = 0Number of asset objects unloaded after import = 2

========================================================================
Received Import Request.
  Time since last request: 0.000301 seconds.
  path: Assets/TANKASSETS/PostProcessing/Resources/Shaders/BuiltinDebugViews.shader
  artifactKey: Guid(72127ba7dd8c6b04bb3f29c7ee669813) Importer(2089858483,b0f066a214c2f5e87bad3c948f4d605d)
Start importing Assets/TANKASSETS/PostProcessing/Resources/Shaders/BuiltinDebugViews.shader using Guid(72127ba7dd8c6b04bb3f29c7ee669813) Importer(2089858483,b0f066a214c2f5e87bad3c948f4d605d) (ScriptedImporter) -> (artifact id: '625483551bd3897b11714986d40849eb') in 0.01461725 seconds
Number of updated asset objects reloaded before import = 0Number of asset objects unloaded after import = 1

========================================================================
Received Import Request.
  Time since last request: 0.001181 seconds.
  path: Assets/TANKASSETS/PostProcessing/Resources/Bluenoise64/LDR_LLL1_47.png
  artifactKey: Guid(1378a33cdd085d64c9da863d2484ff21) Importer(2089858483,b0f066a214c2f5e87bad3c948f4d605d)
Start importing Assets/TANKASSETS/PostProcessing/Resources/Bluenoise64/LDR_LLL1_47.png using Guid(1378a33cdd085d64c9da863d2484ff21) Importer(2089858483,b0f066a214c2f5e87bad3c948f4d605d) (ScriptedImporter) -> (artifact id: 'ec2a56fa6aa3afd59e0ff1a84f36cb52') in 0.0179725 seconds
Number of updated asset objects reloaded before import = 0Number of asset objects unloaded after import = 1

========================================================================
Received Import Request.
  Time since last request: 0.002322 seconds.
  path: Assets/TANKASSETS/PostProcessing/Resources/Bluenoise64/LDR_LLL1_58.png
  artifactKey: Guid(85a45a6d8b2ffb84987d2b028ecfb220) Importer(2089858483,b0f066a214c2f5e87bad3c948f4d605d)
Start importing Assets/TANKASSETS/PostProcessing/Resources/Bluenoise64/LDR_LLL1_58.png using Guid(85a45a6d8b2ffb84987d2b028ecfb220) Importer(2089858483,b0f066a214c2f5e87bad3c948f4d605d) (ScriptedImporter) -> (artifact id: '9f245aafc179dc6ade7f9555da973aab') in 0.022963709 seconds
Number of updated asset objects reloaded before import = 0Number of asset objects unloaded after import = 1

========================================================================
Received Import Request.
  Time since last request: 0.000347 seconds.
  path: Assets/TANKASSETS/PostProcessing/Resources/Bluenoise64/LDR_LLL1_18.png
  artifactKey: Guid(74aca53eb7273624baffc2bf5e5cc173) Importer(2089858483,b0f066a214c2f5e87bad3c948f4d605d)
Start importing Assets/TANKASSETS/PostProcessing/Resources/Bluenoise64/LDR_LLL1_18.png using Guid(74aca53eb7273624baffc2bf5e5cc173) Importer(2089858483,b0f066a214c2f5e87bad3c948f4d605d) (ScriptedImporter) -> (artifact id: '7993ae10fe66589e2f8f663f2ae294f3') in 0.025376667 seconds
Number of updated asset objects reloaded before import = 0Number of asset objects unloaded after import = 1

========================================================================
Received Import Request.
  Time since last request: 0.002205 seconds.
  path: Assets/TANKASSETS/PostProcessing/Resources/Bluenoise64/LDR_LLL1_3.png
  artifactKey: Guid(373f9bf6b0841af4ebf26d25e4a3f4e2) Importer(2089858483,b0f066a214c2f5e87bad3c948f4d605d)
Start importing Assets/TANKASSETS/PostProcessing/Resources/Bluenoise64/LDR_LLL1_3.png using Guid(373f9bf6b0841af4ebf26d25e4a3f4e2) Importer(2089858483,b0f066a214c2f5e87bad3c948f4d605d) (ScriptedImporter) -> (artifact id: 'f61f4cb7385cb8a320d5a9bb663738e2') in 0.013169667 seconds
Number of updated asset objects reloaded before import = 0Number of asset objects unloaded after import = 1

========================================================================
Received Import Request.
  Time since last request: 0.000253 seconds.
  path: Assets/TANKASSETS/PostProcessing/Editor/Models/BloomModelEditor.cs
  artifactKey: Guid(a95f3f10e7e437c49ade656f531b30d2) Importer(2089858483,b0f066a214c2f5e87bad3c948f4d605d)
Start importing Assets/TANKASSETS/PostProcessing/Editor/Models/BloomModelEditor.cs using Guid(a95f3f10e7e437c49ade656f531b30d2) Importer(2089858483,b0f066a214c2f5e87bad3c948f4d605d) (ScriptedImporter) -> (artifact id: 'e14c7e2f6297944ec24de68da008404f') in 0.005720584 seconds
Number of updated asset objects reloaded before import = 0Number of asset objects unloaded after import = 0

========================================================================
Received Import Request.
  Time since last request: 0.000370 seconds.
  path: Assets/TANKASSETS/PostProcessing/Runtime/Models/AntialiasingModel.cs
  artifactKey: Guid(cb9a239ec5f20ca4cb5d0391441588de) Importer(2089858483,b0f066a214c2f5e87bad3c948f4d605d)
Start importing Assets/TANKASSETS/PostProcessing/Runtime/Models/AntialiasingModel.cs using Guid(cb9a239ec5f20ca4cb5d0391441588de) Importer(2089858483,b0f066a214c2f5e87bad3c948f4d605d) (ScriptedImporter) -> (artifact id: '49434563c1fef3efb225e1462900a87c') in 0.007446875 seconds
Number of updated asset objects reloaded before import = 0Number of asset objects unloaded after import = 0

========================================================================
Received Import Request.
  Time since last request: 0.000279 seconds.
  path: Assets/TANKASSETS/PostProcessing/Runtime/Utils/GraphicsUtils.cs
  artifactKey: Guid(f40f0a1acf6ce2f419f2b71c667e8973) Importer(2089858483,b0f066a214c2f5e87bad3c948f4d605d)
Start importing Assets/TANKASSETS/PostProcessing/Runtime/Utils/GraphicsUtils.cs using Guid(f40f0a1acf6ce2f419f2b71c667e8973) Importer(2089858483,b0f066a214c2f5e87bad3c948f4d605d) (ScriptedImporter) -> (artifact id: 'bb740de97c99924b472d40f120d64696') in 0.006130459 seconds
Number of updated asset objects reloaded before import = 0Number of asset objects unloaded after import = 0

========================================================================
Received Import Request.
  Time since last request: 0.000215 seconds.
  path: Assets/TANKASSETS/PostProcessing/Resources/Bluenoise64/LDR_LLL1_42.png
  artifactKey: Guid(b266511438fae724f9d3ce6bd26583e8) Importer(2089858483,b0f066a214c2f5e87bad3c948f4d605d)
Start importing Assets/TANKASSETS/PostProcessing/Resources/Bluenoise64/LDR_LLL1_42.png using Guid(b266511438fae724f9d3ce6bd26583e8) Importer(2089858483,b0f066a214c2f5e87bad3c948f4d605d) (ScriptedImporter) -> (artifact id: 'b7ccd9fee455389837ed5253ce642b8e') in 0.014383458 seconds
Number of updated asset objects reloaded before import = 0Number of asset objects unloaded after import = 1

========================================================================
Received Import Request.
  Time since last request: 0.000300 seconds.
  path: Assets/TANKASSETS/PostProcessing/Editor Resources
  artifactKey: Guid(83715878d3a8db441aa5636641db69a3) Importer(2089858483,b0f066a214c2f5e87bad3c948f4d605d)
Start importing Assets/TANKASSETS/PostProcessing/Editor Resources using Guid(83715878d3a8db441aa5636641db69a3) Importer(2089858483,b0f066a214c2f5e87bad3c948f4d605d) (ScriptedImporter) -> (artifact id: '4ac07e7886de9e1b853c681f5bae1266') in 0.00415125 seconds
Number of updated asset objects reloaded before import = 0Number of asset objects unloaded after import = 1

========================================================================
Received Import Request.
  Time since last request: 0.000289 seconds.
  path: Assets/TANKASSETS/PostProcessing/Resources/Bluenoise64/LDR_LLL1_15.png
  artifactKey: Guid(2ee161d8945169243b5698fec114e1b7) Importer(2089858483,b0f066a214c2f5e87bad3c948f4d605d)
Start importing Assets/TANKASSETS/PostProcessing/Resources/Bluenoise64/LDR_LLL1_15.png using Guid(2ee161d8945169243b5698fec114e1b7) Importer(2089858483,b0f066a214c2f5e87bad3c948f4d605d) (ScriptedImporter) -> (artifact id: '465904039da9d59d66cd0e65bf8a94bf') in 0.010064833 seconds
Number of updated asset objects reloaded before import = 0Number of asset objects unloaded after import = 1

========================================================================
Received Import Request.
  Time since last request: 0.000577 seconds.
  path: Assets/TANKASSETS/PostProcessing/Runtime
  artifactKey: Guid(4b79d54138d9d1a498085393504c7d02) Importer(2089858483,b0f066a214c2f5e87bad3c948f4d605d)
Start importing Assets/TANKASSETS/PostProcessing/Runtime using Guid(4b79d54138d9d1a498085393504c7d02) Importer(2089858483,b0f066a214c2f5e87bad3c948f4d605d) (ScriptedImporter) -> (artifact id: '432386a7e3abd0c9c494ee9d8a91bbde') in 0.006485292 seconds
Number of updated asset objects reloaded before import = 0Number of asset objects unloaded after import = 1

========================================================================
Received Import Request.
  Time since last request: 0.003990 seconds.
  path: Assets/TANKASSETS/PostProcessing/Runtime/Attributes/TrackballAttribute.cs
  artifactKey: Guid(65e30143f4e114f45b84a1d9cba8f469) Importer(2089858483,b0f066a214c2f5e87bad3c948f4d605d)
Start importing Assets/TANKASSETS/PostProcessing/Runtime/Attributes/TrackballAttribute.cs using Guid(65e30143f4e114f45b84a1d9cba8f469) Importer(2089858483,b0f066a214c2f5e87bad3c948f4d605d) (ScriptedImporter) -> (artifact id: '840d708cf80f90bf58985e71411aea0e') in 0.011183125 seconds
Number of updated asset objects reloaded before import = 0Number of asset objects unloaded after import = 0

========================================================================
Received Import Request.
  Time since last request: 0.000106 seconds.
  path: Assets/TANKASSETS/PostProcessing/Resources/Bluenoise64/LDR_LLL1_44.png
  artifactKey: Guid(15e54aa23a938444389469d53765d741) Importer(2089858483,b0f066a214c2f5e87bad3c948f4d605d)
Start importing Assets/TANKASSETS/PostProcessing/Resources/Bluenoise64/LDR_LLL1_44.png using Guid(15e54aa23a938444389469d53765d741) Importer(2089858483,b0f066a214c2f5e87bad3c948f4d605d) (ScriptedImporter) -> (artifact id: '3bf9f5b4b4a63e84b7565dfd572c4870') in 0.023253417 seconds
Number of updated asset objects reloaded before import = 0Number of asset objects unloaded after import = 1

========================================================================
Received Import Request.
  Time since last request: 0.001248 seconds.
  path: Assets/TANKASSETS/PostProcessing/Resources/Bluenoise64/LDR_LLL1_1.png
  artifactKey: Guid(3c2f1fb7e4b66e74191b7c328ada52d9) Importer(2089858483,b0f066a214c2f5e87bad3c948f4d605d)
Start importing Assets/TANKASSETS/PostProcessing/Resources/Bluenoise64/LDR_LLL1_1.png using Guid(3c2f1fb7e4b66e74191b7c328ada52d9) Importer(2089858483,b0f066a214c2f5e87bad3c948f4d605d) (ScriptedImporter) -> (artifact id: 'd5f597ae489b61175e9f0838149c5e71') in 0.02717825 seconds
Number of updated asset objects reloaded before import = 0Number of asset objects unloaded after import = 1

========================================================================
Received Import Request.
  Time since last request: 0.001037 seconds.
  path: Assets/TANKASSETS/PostProcessing/Runtime/PostProcessingContext.cs
  artifactKey: Guid(63da4b6536f11834fa026e327087bd7b) Importer(2089858483,b0f066a214c2f5e87bad3c948f4d605d)
Start importing Assets/TANKASSETS/PostProcessing/Runtime/PostProcessingContext.cs using Guid(63da4b6536f11834fa026e327087bd7b) Importer(2089858483,b0f066a214c2f5e87bad3c948f4d605d) (ScriptedImporter) -> (artifact id: 'ca9839586752881c735d677544d25ca7') in 0.021269334 seconds
Number of updated asset objects reloaded before import = 0Number of asset objects unloaded after import = 0

========================================================================
Received Import Request.
  Time since last request: 0.002386 seconds.
  path: Assets/TANKASSETS/PostProcessing/Runtime/Components/FxaaComponent.cs
  artifactKey: Guid(d4e1109c5030ca04e9a28243a35155ff) Importer(2089858483,b0f066a214c2f5e87bad3c948f4d605d)
Start importing Assets/TANKASSETS/PostProcessing/Runtime/Components/FxaaComponent.cs using Guid(d4e1109c5030ca04e9a28243a35155ff) Importer(2089858483,b0f066a214c2f5e87bad3c948f4d605d) (ScriptedImporter) -> (artifact id: 'bebe1c2f09af22ac953553f813b5f0f7') in 0.009244084 seconds
Number of updated asset objects reloaded before import = 0Number of asset objects unloaded after import = 0

========================================================================
Received Import Request.
  Time since last request: 0.000602 seconds.
  path: Assets/TANKASSETS/Materials/BuildingStone.mat
  artifactKey: Guid(03ad6a4c3c0e64440b1d6cee74fc2a4f) Importer(2089858483,b0f066a214c2f5e87bad3c948f4d605d)
Start importing Assets/TANKASSETS/Materials/BuildingStone.mat using Guid(03ad6a4c3c0e64440b1d6cee74fc2a4f) Importer(2089858483,b0f066a214c2f5e87bad3c948f4d605d) (ScriptedImporter) -> (artifact id: '468ef248577de7d3bdc2d965834c6efc') in 0.0095915 seconds
Number of updated asset objects reloaded before import = 0Number of asset objects unloaded after import = 2

========================================================================
Received Import Request.
  Time since last request: 0.000662 seconds.
  path: Assets/TANKASSETS/PostProcessing/Editor/Monitors
  artifactKey: Guid(e31078d57ac582944ad5e1e76a84f36a) Importer(2089858483,b0f066a214c2f5e87bad3c948f4d605d)
Start importing Assets/TANKASSETS/PostProcessing/Editor/Monitors using Guid(e31078d57ac582944ad5e1e76a84f36a) Importer(2089858483,b0f066a214c2f5e87bad3c948f4d605d) (ScriptedImporter) -> (artifact id: 'b642d24d0e1c1a18cc86aa83442621b2') in 0.006231083 seconds
Number of updated asset objects reloaded before import = 0Number of asset objects unloaded after import = 1

========================================================================
Received Import Request.
  Time since last request: 0.000229 seconds.
  path: Assets/TANKASSETS/PostProcessing/Resources/Bluenoise64/LDR_LLL1_11.png
  artifactKey: Guid(771903fe7b4674445829e52e91cff019) Importer(2089858483,b0f066a214c2f5e87bad3c948f4d605d)
Start importing Assets/TANKASSETS/PostProcessing/Resources/Bluenoise64/LDR_LLL1_11.png using Guid(771903fe7b4674445829e52e91cff019) Importer(2089858483,b0f066a214c2f5e87bad3c948f4d605d) (ScriptedImporter) -> (artifact id: '0dbc69595dfd013928e5b71883297ebe') in 0.014945292 seconds
Number of updated asset objects reloaded before import = 0Number of asset objects unloaded after import = 1

========================================================================
Received Import Request.
  Time since last request: 0.000611 seconds.
  path: Assets/TANKASSETS/PostProcessing/Runtime/Models/BuiltinDebugViewsModel.cs
  artifactKey: Guid(33d6d1a4b7b3dec40819019a25605191) Importer(2089858483,b0f066a214c2f5e87bad3c948f4d605d)
Start importing Assets/TANKASSETS/PostProcessing/Runtime/Models/BuiltinDebugViewsModel.cs using Guid(33d6d1a4b7b3dec40819019a25605191) Importer(2089858483,b0f066a214c2f5e87bad3c948f4d605d) (ScriptedImporter) -> (artifact id: '0d3e561f0d8d7600df63695ed3f6a1f9') in 0.005976292 seconds
Number of updated asset objects reloaded before import = 0Number of asset objects unloaded after import = 0

========================================================================
Received Import Request.
  Time since last request: 0.000285 seconds.
  path: Assets/TANKASSETS/PostProcessing/Editor/Utils/FxStyles.cs
  artifactKey: Guid(8f31cf52f05e80c4ea48570d0c3c8f59) Importer(2089858483,b0f066a214c2f5e87bad3c948f4d605d)
Start importing Assets/TANKASSETS/PostProcessing/Editor/Utils/FxStyles.cs using Guid(8f31cf52f05e80c4ea48570d0c3c8f59) Importer(2089858483,b0f066a214c2f5e87bad3c948f4d605d) (ScriptedImporter) -> (artifact id: 'd00c7b9dacc0888aea7fe0df3445a288') in 0.00419725 seconds
Number of updated asset objects reloaded before import = 0Number of asset objects unloaded after import = 0

========================================================================
Received Import Request.
  Time since last request: 0.000116 seconds.
  path: Assets/TANKASSETS/PostProcessing/Runtime/Models/UserLutModel.cs
  artifactKey: Guid(3a7afd753a89c4140b80c855e15f69d6) Importer(2089858483,b0f066a214c2f5e87bad3c948f4d605d)
Start importing Assets/TANKASSETS/PostProcessing/Runtime/Models/UserLutModel.cs using Guid(3a7afd753a89c4140b80c855e15f69d6) Importer(2089858483,b0f066a214c2f5e87bad3c948f4d605d) (ScriptedImporter) -> (artifact id: '62656b35b2c5fdd3d22f990e48b37241') in 0.004947709 seconds
Number of updated asset objects reloaded before import = 0Number of asset objects unloaded after import = 0

========================================================================
Received Import Request.
  Time since last request: 0.000162 seconds.
  path: Assets/TANKASSETS/Materials/Brown.mat
  artifactKey: Guid(65b34bd0b696fd64c809daa8ff1aac63) Importer(2089858483,b0f066a214c2f5e87bad3c948f4d605d)
Start importing Assets/TANKASSETS/Materials/Brown.mat using Guid(65b34bd0b696fd64c809daa8ff1aac63) Importer(2089858483,b0f066a214c2f5e87bad3c948f4d605d) (ScriptedImporter) -> (artifact id: 'b08b189c784a65a1bf0f78b48a68ed04') in 0.008585709 seconds
Number of updated asset objects reloaded before import = 0Number of asset objects unloaded after import = 2

========================================================================
Received Import Request.
  Time since last request: 0.000299 seconds.
  path: Assets/WPTank
  artifactKey: Guid(49be2f80f9871ba4aa178733e29989a1) Importer(2089858483,b0f066a214c2f5e87bad3c948f4d605d)
Start importing Assets/WPTank using Guid(49be2f80f9871ba4aa178733e29989a1) Importer(2089858483,b0f066a214c2f5e87bad3c948f4d605d) (ScriptedImporter) -> (artifact id: '434cb66795bf447cc61a523a3a36b4b6') in 0.004963333 seconds
Number of updated asset objects reloaded before import = 0Number of asset objects unloaded after import = 1

========================================================================
Received Import Request.
  Time since last request: 0.000168 seconds.
  path: Assets/TANKASSETS/PostProcessing/Editor/Models/VignetteModelEditor.cs
  artifactKey: Guid(745ad42620dabf04b94761acc86189ba) Importer(2089858483,b0f066a214c2f5e87bad3c948f4d605d)
Start importing Assets/TANKASSETS/PostProcessing/Editor/Models/VignetteModelEditor.cs using Guid(745ad42620dabf04b94761acc86189ba) Importer(2089858483,b0f066a214c2f5e87bad3c948f4d605d) (ScriptedImporter) -> (artifact id: '76da7fbc6062798824be5958cc6cb08e') in 0.004563541 seconds
Number of updated asset objects reloaded before import = 0Number of asset objects unloaded after import = 0

========================================================================
Received Import Request.
  Time since last request: 0.000453 seconds.
  path: Assets/TANKASSETS/PostProcessing/Resources/Bluenoise64/LDR_LLL1_37.png
  artifactKey: Guid(1d6958e30e40a254dbe5a54c573eeb3c) Importer(2089858483,b0f066a214c2f5e87bad3c948f4d605d)
Start importing Assets/TANKASSETS/PostProcessing/Resources/Bluenoise64/LDR_LLL1_37.png using Guid(1d6958e30e40a254dbe5a54c573eeb3c) Importer(2089858483,b0f066a214c2f5e87bad3c948f4d605d) (ScriptedImporter) -> (artifact id: '9a24cfb558ba209184b199bd4b8077df') in 0.021277083 seconds
Number of updated asset objects reloaded before import = 0Number of asset objects unloaded after import = 1

========================================================================
Received Import Request.
  Time since last request: 0.000260 seconds.
  path: Assets/TANKASSETS/PostProcessing/Runtime/Models/EyeAdaptationModel.cs
  artifactKey: Guid(edf6d216ca4b60942a0c533c14f26d53) Importer(2089858483,b0f066a214c2f5e87bad3c948f4d605d)
Start importing Assets/TANKASSETS/PostProcessing/Runtime/Models/EyeAdaptationModel.cs using Guid(edf6d216ca4b60942a0c533c14f26d53) Importer(2089858483,b0f066a214c2f5e87bad3c948f4d605d) (ScriptedImporter) -> (artifact id: 'd8a2456fc5232a628ffada7adb9ab63f') in 0.01903 seconds
Number of updated asset objects reloaded before import = 0Number of asset objects unloaded after import = 0

========================================================================
Received Import Request.
  Time since last request: 0.004989 seconds.
  path: Assets/TANKASSETS/PostProcessing/Resources/Bluenoise64/LDR_LLL1_57.png
  artifactKey: Guid(e138166e7a7c70f49943be7edda35d35) Importer(2089858483,b0f066a214c2f5e87bad3c948f4d605d)
Start importing Assets/TANKASSETS/PostProcessing/Resources/Bluenoise64/LDR_LLL1_57.png using Guid(e138166e7a7c70f49943be7edda35d35) Importer(2089858483,b0f066a214c2f5e87bad3c948f4d605d) (ScriptedImporter) -> (artifact id: 'aa3b5c9f0f622126959a88d3ad9e9274') in 0.019036875 seconds
Number of updated asset objects reloaded before import = 0Number of asset objects unloaded after import = 1

========================================================================
Received Import Request.
  Time since last request: 0.000127 seconds.
  path: Assets/TANKASSETS/PostProcessing/Resources/Shaders/DiskKernels.cginc
  artifactKey: Guid(faeb738b5a2c3ff43bd104dd5b1a275c) Importer(2089858483,b0f066a214c2f5e87bad3c948f4d605d)
Start importing Assets/TANKASSETS/PostProcessing/Resources/Shaders/DiskKernels.cginc using Guid(faeb738b5a2c3ff43bd104dd5b1a275c) Importer(2089858483,b0f066a214c2f5e87bad3c948f4d605d) (ScriptedImporter) -> (artifact id: '08f916a13e647e0b8194d44060cb67de') in 0.007894916 seconds
Number of updated asset objects reloaded before import = 0Number of asset objects unloaded after import = 1

========================================================================
Received Import Request.
  Time since last request: 0.000318 seconds.
  path: Assets/TANKASSETS/PostProcessing/Textures/Lens Dirt/LensDirt00.png
  artifactKey: Guid(69e847bbff1cf5449a4ee0bbd045dbc9) Importer(2089858483,b0f066a214c2f5e87bad3c948f4d605d)
Start importing Assets/TANKASSETS/PostProcessing/Textures/Lens Dirt/LensDirt00.png using Guid(69e847bbff1cf5449a4ee0bbd045dbc9) Importer(2089858483,b0f066a214c2f5e87bad3c948f4d605d) (ScriptedImporter) -> (artifact id: '2c30184eed71e5196bf0cee93606f463') in 0.017928542 seconds
Number of updated asset objects reloaded before import = 0Number of asset objects unloaded after import = 1

========================================================================
Received Import Request.
  Time since last request: 0.000772 seconds.
  path: Assets/TANKASSETS/PostProcessing/Resources/Shaders/EyeHistogram.compute
  artifactKey: Guid(e213272ad8ff213409a6e13b5c26b4e4) Importer(2089858483,b0f066a214c2f5e87bad3c948f4d605d)
Start importing Assets/TANKASSETS/PostProcessing/Resources/Shaders/EyeHistogram.compute using Guid(e213272ad8ff213409a6e13b5c26b4e4) Importer(2089858483,b0f066a214c2f5e87bad3c948f4d605d) (ScriptedImporter) -> (artifact id: 'f6de9c86ae018590f8e3eec578449613') in 0.007712333 seconds
Number of updated asset objects reloaded before import = 0Number of asset objects unloaded after import = 1

========================================================================
Received Import Request.
  Time since last request: 0.260043 seconds.
  path: Assets/TANKASSETS/Models/Shell.fbx
  artifactKey: Guid(9ed1e8a25f964bd4298944675e425a0d) Importer(2089858483,b0f066a214c2f5e87bad3c948f4d605d)
Start importing Assets/TANKASSETS/Models/Shell.fbx using Guid(9ed1e8a25f964bd4298944675e425a0d) Importer(2089858483,b0f066a214c2f5e87bad3c948f4d605d) (ScriptedImporter) -> (artifact id: 'b48bf5538e7525ba67f3bbdc80703310') in 0.03040275 seconds
Number of updated asset objects reloaded before import = 0Number of asset objects unloaded after import = 8

========================================================================
Received Import Request.
  Time since last request: 0.000110 seconds.
  path: Assets/TANKASSETS/PostProcessing/Resources/Shaders/DepthOfField.shader
  artifactKey: Guid(ac8ed710934a3564686a096bb351caee) Importer(2089858483,b0f066a214c2f5e87bad3c948f4d605d)
Start importing Assets/TANKASSETS/PostProcessing/Resources/Shaders/DepthOfField.shader using Guid(ac8ed710934a3564686a096bb351caee) Importer(2089858483,b0f066a214c2f5e87bad3c948f4d605d) (ScriptedImporter) -> (artifact id: 'a2572d5684512e83bbbc00aff21c8bc1') in 0.00655525 seconds
Number of updated asset objects reloaded before import = 0Number of asset objects unloaded after import = 1

========================================================================
Received Import Request.
  Time since last request: 0.000076 seconds.
  path: Assets/TANKASSETS/PostProcessing/Resources/Shaders/Uber.shader
  artifactKey: Guid(8ce0a6f4c8cae334d8a5617f302b6769) Importer(2089858483,b0f066a214c2f5e87bad3c948f4d605d)
Start importing Assets/TANKASSETS/PostProcessing/Resources/Shaders/Uber.shader using Guid(8ce0a6f4c8cae334d8a5617f302b6769) Importer(2089858483,b0f066a214c2f5e87bad3c948f4d605d) (ScriptedImporter) -> (artifact id: 'b80b457b1829f5a7efbef1c59867fe41') in 0.00571675 seconds
Number of updated asset objects reloaded before import = 0Number of asset objects unloaded after import = 1

========================================================================
Received Import Request.
  Time since last request: 0.000175 seconds.
  path: Assets/TANKASSETS/PostProcessing/Editor/PostProcessingBehaviourEditor.cs
  artifactKey: Guid(0c12e797b02402246a52aa270c45059b) Importer(2089858483,b0f066a214c2f5e87bad3c948f4d605d)
Start importing Assets/TANKASSETS/PostProcessing/Editor/PostProcessingBehaviourEditor.cs using Guid(0c12e797b02402246a52aa270c45059b) Importer(2089858483,b0f066a214c2f5e87bad3c948f4d605d) (ScriptedImporter) -> (artifact id: 'dcea15b9516b58927a72bb4bf4469e37') in 0.003570834 seconds
Number of updated asset objects reloaded before import = 0Number of asset objects unloaded after import = 0

========================================================================
Received Import Request.
  Time since last request: 0.000925 seconds.
  path: Assets/TANKASSETS/Models/Concrete.fbx
  artifactKey: Guid(a678ab9f67b4ce84093be35214bdb92d) Importer(2089858483,b0f066a214c2f5e87bad3c948f4d605d)
Start importing Assets/TANKASSETS/Models/Concrete.fbx using Guid(a678ab9f67b4ce84093be35214bdb92d) Importer(2089858483,b0f066a214c2f5e87bad3c948f4d605d) (ScriptedImporter) -> (artifact id: 'c4482930806731fec8743ce8c8023cad') in 0.009275959 seconds
Number of updated asset objects reloaded before import = 0Number of asset objects unloaded after import = 8

========================================================================
Received Import Request.
  Time since last request: 0.000054 seconds.
  path: Assets/TANKASSETS/PostProcessing/Runtime/Components/BloomComponent.cs
  artifactKey: Guid(acd4204a794b09048b928b1e987500c5) Importer(2089858483,b0f066a214c2f5e87bad3c948f4d605d)
Start importing Assets/TANKASSETS/PostProcessing/Runtime/Components/BloomComponent.cs using Guid(acd4204a794b09048b928b1e987500c5) Importer(2089858483,b0f066a214c2f5e87bad3c948f4d605d) (ScriptedImporter) -> (artifact id: '03e8bec36d26a98492258c3eb3b5eec7') in 0.004156209 seconds
Number of updated asset objects reloaded before import = 0Number of asset objects unloaded after import = 0

========================================================================
Received Import Request.
  Time since last request: 0.000101 seconds.
  path: Assets/TANKASSETS/PostProcessing/Resources/Bluenoise64/LDR_LLL1_48.png
  artifactKey: Guid(aff59c63d25d43f4c938f248837c30fb) Importer(2089858483,b0f066a214c2f5e87bad3c948f4d605d)
Start importing Assets/TANKASSETS/PostProcessing/Resources/Bluenoise64/LDR_LLL1_48.png using Guid(aff59c63d25d43f4c938f248837c30fb) Importer(2089858483,b0f066a214c2f5e87bad3c948f4d605d) (ScriptedImporter) -> (artifact id: '5898745e0bbd2d97d650061fa3619374') in 0.011189542 seconds
Number of updated asset objects reloaded before import = 0Number of asset objects unloaded after import = 1

========================================================================
Received Import Request.
  Time since last request: 0.000068 seconds.
  path: Assets/TANKASSETS/Fonts
  artifactKey: Guid(32145277a30f2c840a782ff0c6321632) Importer(2089858483,b0f066a214c2f5e87bad3c948f4d605d)
Start importing Assets/TANKASSETS/Fonts using Guid(32145277a30f2c840a782ff0c6321632) Importer(2089858483,b0f066a214c2f5e87bad3c948f4d605d) (ScriptedImporter) -> (artifact id: 'a5844d63d7d1d768b537e814b4ddd925') in 0.001944458 seconds
Number of updated asset objects reloaded before import = 0Number of asset objects unloaded after import = 1

========================================================================
Received Import Request.
  Time since last request: 0.000141 seconds.
  path: Assets/TANKASSETS/PostProcessing/Runtime/PostProcessingComponent.cs
  artifactKey: Guid(ef3277e9c14f78546a1ecaab0d293b77) Importer(2089858483,b0f066a214c2f5e87bad3c948f4d605d)
Start importing Assets/TANKASSETS/PostProcessing/Runtime/PostProcessingComponent.cs using Guid(ef3277e9c14f78546a1ecaab0d293b77) Importer(2089858483,b0f066a214c2f5e87bad3c948f4d605d) (ScriptedImporter) -> (artifact id: '28a190794e85f1d6f4aeb40a4438bc9a') in 0.002747375 seconds
Number of updated asset objects reloaded before import = 0Number of asset objects unloaded after import = 0

========================================================================
Received Import Request.
  Time since last request: 0.000097 seconds.
  path: Assets/TANKASSETS/Models/Tree.fbx
  artifactKey: Guid(50912a5d3c9322a46afa5ca162962a5c) Importer(2089858483,b0f066a214c2f5e87bad3c948f4d605d)
Start importing Assets/TANKASSETS/Models/Tree.fbx using Guid(50912a5d3c9322a46afa5ca162962a5c) Importer(2089858483,b0f066a214c2f5e87bad3c948f4d605d) (ScriptedImporter) -> (artifact id: '558486ddfdbf0c8511e50d41ddfa5639') in 0.007169958 seconds
Number of updated asset objects reloaded before import = 0Number of asset objects unloaded after import = 8

========================================================================
Received Import Request.
  Time since last request: 0.000145 seconds.
  path: Assets/TANKASSETS/Models/Refinery.fbx
  artifactKey: Guid(6e4d8dfe03882c54380948659f725233) Importer(2089858483,b0f066a214c2f5e87bad3c948f4d605d)
Start importing Assets/TANKASSETS/Models/Refinery.fbx using Guid(6e4d8dfe03882c54380948659f725233) Importer(2089858483,b0f066a214c2f5e87bad3c948f4d605d) (ScriptedImporter) -> (artifact id: 'b9227850d1dfc14434fe2228f05ed376') in 0.011230875 seconds
Number of updated asset objects reloaded before import = 0Number of asset objects unloaded after import = 11

========================================================================
Received Import Request.
  Time since last request: 0.000148 seconds.
  path: Assets/TANKASSETS/PostProcessing/Resources/Shaders/Blit.shader
  artifactKey: Guid(7d89469544dfa214eabdbf37fca76f40) Importer(2089858483,b0f066a214c2f5e87bad3c948f4d605d)
Start importing Assets/TANKASSETS/PostProcessing/Resources/Shaders/Blit.shader using Guid(7d89469544dfa214eabdbf37fca76f40) Importer(2089858483,b0f066a214c2f5e87bad3c948f4d605d) (ScriptedImporter) -> (artifact id: 'cc8bd058290267a41cae5c0126d37bc3') in 0.003382042 seconds
Number of updated asset objects reloaded before import = 0Number of asset objects unloaded after import = 1

========================================================================
Received Import Request.
  Time since last request: 0.271874 seconds.
  path: Assets/TANKASSETS/PostProcessing/Textures/Lens Dirt/LensDirt03.png
  artifactKey: Guid(7a051dbda2d7bc447bee412427cd311e) Importer(2089858483,b0f066a214c2f5e87bad3c948f4d605d)
Start importing Assets/TANKASSETS/PostProcessing/Textures/Lens Dirt/LensDirt03.png using Guid(7a051dbda2d7bc447bee412427cd311e) Importer(2089858483,b0f066a214c2f5e87bad3c948f4d605d) (ScriptedImporter) -> (artifact id: '12de30ca700675f5bb2f0e15a7990e29') in 0.006569625 seconds
Number of updated asset objects reloaded before import = 0Number of asset objects unloaded after import = 1

========================================================================
Received Import Request.
  Time since last request: 0.000072 seconds.
  path: Assets/TANKASSETS/PostProcessing/Runtime/Attributes
  artifactKey: Guid(68327f748e8ffd94889a47317b7d327b) Importer(2089858483,b0f066a214c2f5e87bad3c948f4d605d)
Start importing Assets/TANKASSETS/PostProcessing/Runtime/Attributes using Guid(68327f748e8ffd94889a47317b7d327b) Importer(2089858483,b0f066a214c2f5e87bad3c948f4d605d) (ScriptedImporter) -> (artifact id: 'bdd25c6dcb94d673ee20f289c2879218') in 0.002129666 seconds
Number of updated asset objects reloaded before import = 0Number of asset objects unloaded after import = 1

========================================================================
Received Import Request.
  Time since last request: 0.000180 seconds.
  path: Assets/TANKASSETS/PostProcessing/Editor/PropertyDrawers
  artifactKey: Guid(ced92f1cc2085ae48acacc79a2b8e196) Importer(2089858483,b0f066a214c2f5e87bad3c948f4d605d)
Start importing Assets/TANKASSETS/PostProcessing/Editor/PropertyDrawers using Guid(ced92f1cc2085ae48acacc79a2b8e196) Importer(2089858483,b0f066a214c2f5e87bad3c948f4d605d) (ScriptedImporter) -> (artifact id: 'b65e6dc8508bedbeec40e1a905da55f9') in 0.003271917 seconds
Number of updated asset objects reloaded before import = 0Number of asset objects unloaded after import = 1

========================================================================
Received Import Request.
  Time since last request: 0.000272 seconds.
  path: Assets/TANKASSETS/PostProcessing/Resources/Bluenoise64/LDR_LLL1_59.png
  artifactKey: Guid(d96974690c77f50489eb60ec84bd8dac) Importer(2089858483,b0f066a214c2f5e87bad3c948f4d605d)
Start importing Assets/TANKASSETS/PostProcessing/Resources/Bluenoise64/LDR_LLL1_59.png using Guid(d96974690c77f50489eb60ec84bd8dac) Importer(2089858483,b0f066a214c2f5e87bad3c948f4d605d) (ScriptedImporter) -> (artifact id: 'c169b43e4fbecaeb82eafcf3884af6a7') in 0.008692625 seconds
Number of updated asset objects reloaded before import = 0Number of asset objects unloaded after import = 1

========================================================================
Received Import Request.
  Time since last request: 0.000185 seconds.
  path: Assets/TANKASSETS/Models/Ruins01.fbx
  artifactKey: Guid(8c99ccdf18f6a404f84ffd08488298d8) Importer(2089858483,b0f066a214c2f5e87bad3c948f4d605d)
Start importing Assets/TANKASSETS/Models/Ruins01.fbx using Guid(8c99ccdf18f6a404f84ffd08488298d8) Importer(2089858483,b0f066a214c2f5e87bad3c948f4d605d) (ScriptedImporter) -> (artifact id: '32c34ac9d5f68fa2f4f8a1983b0cbf67') in 0.007982875 seconds
Number of updated asset objects reloaded before import = 0Number of asset objects unloaded after import = 8

========================================================================
Received Import Request.
  Time since last request: 0.000062 seconds.
  path: Assets/TANKASSETS/PostProcessing/Runtime/Utils/MaterialFactory.cs
  artifactKey: Guid(594fad000c373f746864717c588e1815) Importer(2089858483,b0f066a214c2f5e87bad3c948f4d605d)
Start importing Assets/TANKASSETS/PostProcessing/Runtime/Utils/MaterialFactory.cs using Guid(594fad000c373f746864717c588e1815) Importer(2089858483,b0f066a214c2f5e87bad3c948f4d605d) (ScriptedImporter) -> (artifact id: '7b801d0656b8c06c36db01f5d6d1722a') in 0.003720875 seconds
Number of updated asset objects reloaded before import = 0Number of asset objects unloaded after import = 0

========================================================================
Received Import Request.
  Time since last request: 0.000181 seconds.
  path: Assets/TANKASSETS/PostProcessing/Resources/Bluenoise64/LDR_LLL1_38.png
  artifactKey: Guid(9660a4ca1ca8425408ac25c641932977) Importer(2089858483,b0f066a214c2f5e87bad3c948f4d605d)
Start importing Assets/TANKASSETS/PostProcessing/Resources/Bluenoise64/LDR_LLL1_38.png using Guid(9660a4ca1ca8425408ac25c641932977) Importer(2089858483,b0f066a214c2f5e87bad3c948f4d605d) (ScriptedImporter) -> (artifact id: 'f5052be90a860fe076fb0a00f20749c3') in 0.011181917 seconds
Number of updated asset objects reloaded before import = 0Number of asset objects unloaded after import = 1

========================================================================
Received Import Request.
  Time since last request: 0.000038 seconds.
  path: Assets/TANKASSETS/PostProcessing/Runtime/Components/VignetteComponent.cs
  artifactKey: Guid(39074aa97f4be23438147346f081c7f3) Importer(2089858483,b0f066a214c2f5e87bad3c948f4d605d)
Start importing Assets/TANKASSETS/PostProcessing/Runtime/Components/VignetteComponent.cs using Guid(39074aa97f4be23438147346f081c7f3) Importer(2089858483,b0f066a214c2f5e87bad3c948f4d605d) (ScriptedImporter) -> (artifact id: 'a04720652c74e8a944999a98b74662d7') in 0.006766583 seconds
Number of updated asset objects reloaded before import = 0Number of asset objects unloaded after import = 0

========================================================================
Received Import Request.
  Time since last request: 0.000093 seconds.
  path: Assets/TANKASSETS/PostProcessing/Resources/Bluenoise64/LDR_LLL1_16.png
  artifactKey: Guid(153f7d6dfbe713d4884df0f1e243ba92) Importer(2089858483,b0f066a214c2f5e87bad3c948f4d605d)
Start importing Assets/TANKASSETS/PostProcessing/Resources/Bluenoise64/LDR_LLL1_16.png using Guid(153f7d6dfbe713d4884df0f1e243ba92) Importer(2089858483,b0f066a214c2f5e87bad3c948f4d605d) (ScriptedImporter) -> (artifact id: '8c3956ad0bba3c4ce18881894b3d157f') in 0.008613459 seconds
Number of updated asset objects reloaded before import = 0Number of asset objects unloaded after import = 1

========================================================================
Received Import Request.
  Time since last request: 6.364216 seconds.
  path: Assets/TankAndWP/WayPoint.prefab
  artifactKey: Guid(650ea2e5f9c3b4ae4aa6e7fdf6cf157b) Importer(2089858483,b0f066a214c2f5e87bad3c948f4d605d)
Start importing Assets/TankAndWP/WayPoint.prefab using Guid(650ea2e5f9c3b4ae4aa6e7fdf6cf157b) Importer(2089858483,b0f066a214c2f5e87bad3c948f4d605d) (ScriptedImporter) -> (artifact id: '4c84c2085d69d50cbf64de262b54264c') in 0.034703583 seconds
Number of updated asset objects reloaded before import = 0Number of asset objects unloaded after import = 13

========================================================================
Received Import Request.
  Time since last request: 0.000816 seconds.
  path: Assets/TANKASSETS/PostProcessing/Resources/Shaders/TAA.shader
  artifactKey: Guid(ec6c5af987867f54aa08fba81ee279bd) Importer(2089858483,b0f066a214c2f5e87bad3c948f4d605d)
Start importing Assets/TANKASSETS/PostProcessing/Resources/Shaders/TAA.shader using Guid(ec6c5af987867f54aa08fba81ee279bd) Importer(2089858483,b0f066a214c2f5e87bad3c948f4d605d) (ScriptedImporter) -> (artifact id: '2e8444eb7493c9e64b5a5ef48ee76d59') in 0.004626667 seconds
Number of updated asset objects reloaded before import = 0Number of asset objects unloaded after import = 1

========================================================================
Received Import Request.
  Time since last request: 0.000057 seconds.
  path: Assets/TANKASSETS/PostProcessing/Resources/Bluenoise64/LDR_LLL1_41.png
  artifactKey: Guid(cd9006dc442cc244e89b3f492384d46a) Importer(2089858483,b0f066a214c2f5e87bad3c948f4d605d)
Start importing Assets/TANKASSETS/PostProcessing/Resources/Bluenoise64/LDR_LLL1_41.png using Guid(cd9006dc442cc244e89b3f492384d46a) Importer(2089858483,b0f066a214c2f5e87bad3c948f4d605d) (ScriptedImporter) -> (artifact id: '49868d82212671393653f4e8093421d7') in 0.0128055 seconds
Number of updated asset objects reloaded before import = 0Number of asset objects unloaded after import = 1

========================================================================
Received Import Request.
  Time since last request: 0.000165 seconds.
  path: Assets/TANKASSETS/PostProcessing/Editor Resources/Monitors/HistogramCompute.compute
  artifactKey: Guid(51b7e4b4448c98f4a849081110fd6212) Importer(2089858483,b0f066a214c2f5e87bad3c948f4d605d)
Start importing Assets/TANKASSETS/PostProcessing/Editor Resources/Monitors/HistogramCompute.compute using Guid(51b7e4b4448c98f4a849081110fd6212) Importer(2089858483,b0f066a214c2f5e87bad3c948f4d605d) (ScriptedImporter) -> (artifact id: '88478e3e1cbf4c2cc05dd5a3660f707d') in 0.005258 seconds
Number of updated asset objects reloaded before import = 0Number of asset objects unloaded after import = 1

========================================================================
Received Import Request.
  Time since last request: 0.000151 seconds.
  path: Assets/TANKASSETS/PostProcessing/Resources/Bluenoise64/LDR_LLL1_23.png
  artifactKey: Guid(bfe953600e8fb1849a804ee08ace7b4c) Importer(2089858483,b0f066a214c2f5e87bad3c948f4d605d)
Start importing Assets/TANKASSETS/PostProcessing/Resources/Bluenoise64/LDR_LLL1_23.png using Guid(bfe953600e8fb1849a804ee08ace7b4c) Importer(2089858483,b0f066a214c2f5e87bad3c948f4d605d) (ScriptedImporter) -> (artifact id: '46e8da5d982c5a907ffd223320f15a03') in 0.006655 seconds
Number of updated asset objects reloaded before import = 0Number of asset objects unloaded after import = 1

========================================================================
Received Import Request.
  Time since last request: 0.000075 seconds.
  path: Assets/TANKASSETS/PostProcessing/Runtime/Attributes/GetSetAttribute.cs
  artifactKey: Guid(f17e8602928ea02419dae051ec79c5a2) Importer(2089858483,b0f066a214c2f5e87bad3c948f4d605d)
Start importing Assets/TANKASSETS/PostProcessing/Runtime/Attributes/GetSetAttribute.cs using Guid(f17e8602928ea02419dae051ec79c5a2) Importer(2089858483,b0f066a214c2f5e87bad3c948f4d605d) (ScriptedImporter) -> (artifact id: '92c68e6b9c2fb69e40089125146010cd') in 0.003388458 seconds
Number of updated asset objects reloaded before import = 0Number of asset objects unloaded after import = 0

========================================================================
Received Import Request.
  Time since last request: 0.000104 seconds.
  path: Assets/TANKASSETS/PostProcessing/Resources/Shaders/GrainGen.shader
  artifactKey: Guid(11852d1b1b034654bb03e7c8fda28fbf) Importer(2089858483,b0f066a214c2f5e87bad3c948f4d605d)
Start importing Assets/TANKASSETS/PostProcessing/Resources/Shaders/GrainGen.shader using Guid(11852d1b1b034654bb03e7c8fda28fbf) Importer(2089858483,b0f066a214c2f5e87bad3c948f4d605d) (ScriptedImporter) -> (artifact id: 'e541bc8dc6bf87260a2b45078410a8bd') in 0.004606875 seconds
Number of updated asset objects reloaded before import = 0Number of asset objects unloaded after import = 1

========================================================================
Received Import Request.
  Time since last request: 0.000053 seconds.
  path: Assets/TANKASSETS/PostProcessing/Runtime/Models/GrainModel.cs
  artifactKey: Guid(f4fbcdb7f7a3c76489f32ffea74e6bb3) Importer(2089858483,b0f066a214c2f5e87bad3c948f4d605d)
Start importing Assets/TANKASSETS/PostProcessing/Runtime/Models/GrainModel.cs using Guid(f4fbcdb7f7a3c76489f32ffea74e6bb3) Importer(2089858483,b0f066a214c2f5e87bad3c948f4d605d) (ScriptedImporter) -> (artifact id: 'cd7a353b3fa9594a99ba07177210e5b9') in 0.003431375 seconds
Number of updated asset objects reloaded before import = 0Number of asset objects unloaded after import = 0

========================================================================
Received Import Request.
  Time since last request: 0.000094 seconds.
  path: Assets/TANKASSETS/PostProcessing/Editor/Monitors/HistogramMonitor.cs
  artifactKey: Guid(4581c45ac4aa2264187087659a4cc252) Importer(2089858483,b0f066a214c2f5e87bad3c948f4d605d)
Start importing Assets/TANKASSETS/PostProcessing/Editor/Monitors/HistogramMonitor.cs using Guid(4581c45ac4aa2264187087659a4cc252) Importer(2089858483,b0f066a214c2f5e87bad3c948f4d605d) (ScriptedImporter) -> (artifact id: '616131dd1596ef898403dd698366ad30') in 0.003455792 seconds
Number of updated asset objects reloaded before import = 0Number of asset objects unloaded after import = 0

========================================================================
Received Import Request.
  Time since last request: 0.308651 seconds.
  path: Assets/TANKASSETS/Models/Building01.fbx
  artifactKey: Guid(f698f69d64c51f8438d853e5c274e5fc) Importer(2089858483,b0f066a214c2f5e87bad3c948f4d605d)
Start importing Assets/TANKASSETS/Models/Building01.fbx using Guid(f698f69d64c51f8438d853e5c274e5fc) Importer(2089858483,b0f066a214c2f5e87bad3c948f4d605d) (ScriptedImporter) -> (artifact id: '2e36e939fe2bbb512e72afb5261a10f4') in 0.020511 seconds
Number of updated asset objects reloaded before import = 0Number of asset objects unloaded after import = 12

========================================================================
Received Import Request.
  Time since last request: 0.000263 seconds.
  path: Assets/TANKASSETS/Prefabs/DustTrail.prefab
  artifactKey: Guid(f7167ad2844254441b40b8a300b4f1fe) Importer(2089858483,b0f066a214c2f5e87bad3c948f4d605d)
Start importing Assets/TANKASSETS/Prefabs/DustTrail.prefab using Guid(f7167ad2844254441b40b8a300b4f1fe) Importer(2089858483,b0f066a214c2f5e87bad3c948f4d605d) (ScriptedImporter) -> (artifact id: '80811688268203250125ae65d3d469ad') in 0.143298625 seconds
Number of updated asset objects reloaded before import = 0Number of asset objects unloaded after import = 6

========================================================================
Received Import Request.
  Time since last request: 0.317445 seconds.
  path: Assets/TANKASSETS/Materials/Gold.mat
  artifactKey: Guid(6221f2fbc7212d94cb9c069ee262d824) Importer(2089858483,b0f066a214c2f5e87bad3c948f4d605d)
Start importing Assets/TANKASSETS/Materials/Gold.mat using Guid(6221f2fbc7212d94cb9c069ee262d824) Importer(2089858483,b0f066a214c2f5e87bad3c948f4d605d) (ScriptedImporter) -> (artifact id: 'c0107446291f8e51a214532dc886df87') in 0.005312334 seconds
Number of updated asset objects reloaded before import = 0Number of asset objects unloaded after import = 2

========================================================================
Received Import Request.
  Time since last request: 0.000075 seconds.
  path: Assets/TANKASSETS/Models/Rocks02.fbx
  artifactKey: Guid(8f90bdc8aeb4bad4db0cb091100a44f4) Importer(2089858483,b0f066a214c2f5e87bad3c948f4d605d)
Start importing Assets/TANKASSETS/Models/Rocks02.fbx using Guid(8f90bdc8aeb4bad4db0cb091100a44f4) Importer(2089858483,b0f066a214c2f5e87bad3c948f4d605d) (ScriptedImporter) -> (artifact id: '79d99ed5b456d3d1af3f25d2ce4349dd') in 0.008851417 seconds
Number of updated asset objects reloaded before import = 0Number of asset objects unloaded after import = 8

========================================================================
Received Import Request.
  Time since last request: 0.000062 seconds.
  path: Assets/TANKASSETS/PostProcessing/Resources/Shaders/ScreenSpaceRaytrace.cginc
  artifactKey: Guid(a92d6fdbe2c35f94190497c18b88f9af) Importer(2089858483,b0f066a214c2f5e87bad3c948f4d605d)
Start importing Assets/TANKASSETS/PostProcessing/Resources/Shaders/ScreenSpaceRaytrace.cginc using Guid(a92d6fdbe2c35f94190497c18b88f9af) Importer(2089858483,b0f066a214c2f5e87bad3c948f4d605d) (ScriptedImporter) -> (artifact id: 'fec9ea6e8a824c28b716af090275e302') in 0.003882084 seconds
Number of updated asset objects reloaded before import = 0Number of asset objects unloaded after import = 1

========================================================================
Received Import Request.
  Time since last request: 0.446759 seconds.
  path: Assets/TANKASSETS/Materials/BuildingGrey.mat
  artifactKey: Guid(87d2e70ca18454e4f855f8d99afb32e3) Importer(2089858483,b0f066a214c2f5e87bad3c948f4d605d)
Start importing Assets/TANKASSETS/Materials/BuildingGrey.mat using Guid(87d2e70ca18454e4f855f8d99afb32e3) Importer(2089858483,b0f066a214c2f5e87bad3c948f4d605d) (ScriptedImporter) -> (artifact id: '01acee3ec8976c93e9ff9d65c318cfd6') in 0.003811875 seconds
Number of updated asset objects reloaded before import = 0Number of asset objects unloaded after import = 2

========================================================================
Received Import Request.
  Time since last request: 0.000059 seconds.
  path: Assets/TANKASSETS/PostProcessing/Textures/LUTs/NeutralLUT_32.png
  artifactKey: Guid(4f98e9c96c8a48541b5eb704e92d99b8) Importer(2089858483,b0f066a214c2f5e87bad3c948f4d605d)
Start importing Assets/TANKASSETS/PostProcessing/Textures/LUTs/NeutralLUT_32.png using Guid(4f98e9c96c8a48541b5eb704e92d99b8) Importer(2089858483,b0f066a214c2f5e87bad3c948f4d605d) (ScriptedImporter) -> (artifact id: '4aae52d18a2dab0746a5a4742885d665') in 0.005914625 seconds
Number of updated asset objects reloaded before import = 0Number of asset objects unloaded after import = 1

========================================================================
Received Import Request.
  Time since last request: 0.000067 seconds.
  path: Assets/TANKASSETS/PostProcessing/Resources/Bluenoise64/LDR_LLL1_61.png
  artifactKey: Guid(119591e0bb084e848835d237546b3882) Importer(2089858483,b0f066a214c2f5e87bad3c948f4d605d)
Start importing Assets/TANKASSETS/PostProcessing/Resources/Bluenoise64/LDR_LLL1_61.png using Guid(119591e0bb084e848835d237546b3882) Importer(2089858483,b0f066a214c2f5e87bad3c948f4d605d) (ScriptedImporter) -> (artifact id: '6520f6359a4dd1dfe87e63339e1d7f04') in 0.006307459 seconds
Number of updated asset objects reloaded before import = 0Number of asset objects unloaded after import = 1

========================================================================
Received Import Request.
  Time since last request: 0.000107 seconds.
  path: Assets/TANKASSETS/PostProcessing/Resources/Bluenoise64/LDR_LLL1_30.png
  artifactKey: Guid(0fa10b21877c61b4db40ba5708815f81) Importer(2089858483,b0f066a214c2f5e87bad3c948f4d605d)
Start importing Assets/TANKASSETS/PostProcessing/Resources/Bluenoise64/LDR_LLL1_30.png using Guid(0fa10b21877c61b4db40ba5708815f81) Importer(2089858483,b0f066a214c2f5e87bad3c948f4d605d) (ScriptedImporter) -> (artifact id: '80d06917b932338e3b65808da5acc793') in 0.007738208 seconds
Number of updated asset objects reloaded before import = 0Number of asset objects unloaded after import = 1

========================================================================
Received Import Request.
  Time since last request: 0.000127 seconds.
  path: Assets/TANKASSETS/PostProcessing/Resources/Bluenoise64/LICENSE.txt
  artifactKey: Guid(48ffda675aa0afa4f9eec3a5d5487aeb) Importer(2089858483,b0f066a214c2f5e87bad3c948f4d605d)
Start importing Assets/TANKASSETS/PostProcessing/Resources/Bluenoise64/LICENSE.txt using Guid(48ffda675aa0afa4f9eec3a5d5487aeb) Importer(2089858483,b0f066a214c2f5e87bad3c948f4d605d) (ScriptedImporter) -> (artifact id: '11d7efbca7c643408398f9b1a32017d5') in 0.003154375 seconds
Number of updated asset objects reloaded before import = 0Number of asset objects unloaded after import = 1

========================================================================
Received Import Request.
  Time since last request: 0.000154 seconds.
  path: Assets/TANKASSETS/PostProcessing/Editor/PropertyDrawers/MinDrawer.cs
  artifactKey: Guid(8995f52f410f0fb4cb1bdaa71a16e04e) Importer(2089858483,b0f066a214c2f5e87bad3c948f4d605d)
Start importing Assets/TANKASSETS/PostProcessing/Editor/PropertyDrawers/MinDrawer.cs using Guid(8995f52f410f0fb4cb1bdaa71a16e04e) Importer(2089858483,b0f066a214c2f5e87bad3c948f4d605d) (ScriptedImporter) -> (artifact id: 'd1aeca8d5cccd2fca291f9eda2d0a230') in 0.003565125 seconds
Number of updated asset objects reloaded before import = 0Number of asset objects unloaded after import = 0

========================================================================
Received Import Request.
  Time since last request: 0.409908 seconds.
  path: Assets/TANKASSETS/PostProcessing/Editor Resources/UI/Trackball.shader
  artifactKey: Guid(4bf49309c7ab9eb42a86774d2c09b4fa) Importer(2089858483,b0f066a214c2f5e87bad3c948f4d605d)
Start importing Assets/TANKASSETS/PostProcessing/Editor Resources/UI/Trackball.shader using Guid(4bf49309c7ab9eb42a86774d2c09b4fa) Importer(2089858483,b0f066a214c2f5e87bad3c948f4d605d) (ScriptedImporter) -> (artifact id: 'c7adfe52078d5f2b5b402645116f846f') in 0.003311042 seconds
Number of updated asset objects reloaded before import = 0Number of asset objects unloaded after import = 1

========================================================================
Received Import Request.
  Time since last request: 0.000048 seconds.
  path: Assets/TANKASSETS/Models/Column02.FBX
  artifactKey: Guid(74d835b756ff5654f8060c76cbcb4e19) Importer(2089858483,b0f066a214c2f5e87bad3c948f4d605d)
Start importing Assets/TANKASSETS/Models/Column02.FBX using Guid(74d835b756ff5654f8060c76cbcb4e19) Importer(2089858483,b0f066a214c2f5e87bad3c948f4d605d) (ScriptedImporter) -> (artifact id: '1c47c3d7b853779f0ace48253f2f08c6') in 0.008186458 seconds
Number of updated asset objects reloaded before import = 0Number of asset objects unloaded after import = 8

========================================================================
Received Import Request.
  Time since last request: 0.000041 seconds.
  path: Assets/TANKASSETS/PostProcessing/Textures/Spectral LUTs/SpectralLut_PurpleGreen.tga
  artifactKey: Guid(42183971d24cfe443a346e7ec6e83bbb) Importer(2089858483,b0f066a214c2f5e87bad3c948f4d605d)
Start importing Assets/TANKASSETS/PostProcessing/Textures/Spectral LUTs/SpectralLut_PurpleGreen.tga using Guid(42183971d24cfe443a346e7ec6e83bbb) Importer(2089858483,b0f066a214c2f5e87bad3c948f4d605d) (ScriptedImporter) -> (artifact id: 'fb8c2ac2589d2625891283b4631f85f7') in 0.006402667 seconds
Number of updated asset objects reloaded before import = 0Number of asset objects unloaded after import = 1

========================================================================
Received Import Request.
  Time since last request: 0.000070 seconds.
  path: Assets/TANKASSETS/PostProcessing/Editor/PostProcessingMonitor.cs
  artifactKey: Guid(801186e9e649457469bcddd8ee391c71) Importer(2089858483,b0f066a214c2f5e87bad3c948f4d605d)
Start importing Assets/TANKASSETS/PostProcessing/Editor/PostProcessingMonitor.cs using Guid(801186e9e649457469bcddd8ee391c71) Importer(2089858483,b0f066a214c2f5e87bad3c948f4d605d) (ScriptedImporter) -> (artifact id: '990a0892fa459d36ce5ddebd29d748e6') in 0.002547375 seconds
Number of updated asset objects reloaded before import = 0Number of asset objects unloaded after import = 0

========================================================================
Received Import Request.
  Time since last request: 0.000238 seconds.
  path: Assets/TANKASSETS/PostProcessing/Runtime/Utils/RenderTextureFactory.cs
  artifactKey: Guid(aec5694806c4d75449e231cfae69c329) Importer(2089858483,b0f066a214c2f5e87bad3c948f4d605d)
Start importing Assets/TANKASSETS/PostProcessing/Runtime/Utils/RenderTextureFactory.cs using Guid(aec5694806c4d75449e231cfae69c329) Importer(2089858483,b0f066a214c2f5e87bad3c948f4d605d) (ScriptedImporter) -> (artifact id: '9f9320d2e92f7452b9fe5c2191756938') in 0.004169792 seconds
Number of updated asset objects reloaded before import = 0Number of asset objects unloaded after import = 0

========================================================================
Received Import Request.
  Time since last request: 0.000825 seconds.
  path: Assets/TANKASSETS/PostProcessing/Editor/Models/ColorGradingModelEditor.cs
  artifactKey: Guid(c3e3bce1d5c900d4fa7aa0f2b21814cf) Importer(2089858483,b0f066a214c2f5e87bad3c948f4d605d)
Start importing Assets/TANKASSETS/PostProcessing/Editor/Models/ColorGradingModelEditor.cs using Guid(c3e3bce1d5c900d4fa7aa0f2b21814cf) Importer(2089858483,b0f066a214c2f5e87bad3c948f4d605d) (ScriptedImporter) -> (artifact id: '6074e638621a5101372b1d8bea55b7aa') in 0.002861708 seconds
Number of updated asset objects reloaded before import = 0Number of asset objects unloaded after import = 0

========================================================================
Received Import Request.
  Time since last request: 0.416872 seconds.
  path: Assets/TANKASSETS/PostProcessing/Resources/Shaders/MotionBlur.cginc
  artifactKey: Guid(c83956915580e42489479d2a109470ab) Importer(2089858483,b0f066a214c2f5e87bad3c948f4d605d)
Start importing Assets/TANKASSETS/PostProcessing/Resources/Shaders/MotionBlur.cginc using Guid(c83956915580e42489479d2a109470ab) Importer(2089858483,b0f066a214c2f5e87bad3c948f4d605d) (ScriptedImporter) -> (artifact id: '8306276ee4518a2723bbc2c6221e94a6') in 0.002525542 seconds
Number of updated asset objects reloaded before import = 0Number of asset objects unloaded after import = 1

========================================================================
Received Import Request.
  Time since last request: 0.000107 seconds.
  path: Assets/TANKASSETS/PostProcessing/Resources/Shaders/ACES.cginc
  artifactKey: Guid(b8d56fc3449f426408c23c723b58d7b5) Importer(2089858483,b0f066a214c2f5e87bad3c948f4d605d)
Start importing Assets/TANKASSETS/PostProcessing/Resources/Shaders/ACES.cginc using Guid(b8d56fc3449f426408c23c723b58d7b5) Importer(2089858483,b0f066a214c2f5e87bad3c948f4d605d) (ScriptedImporter) -> (artifact id: '2ff933f02de96545432d8dac351b4435') in 0.003834 seconds
Number of updated asset objects reloaded before import = 0Number of asset objects unloaded after import = 1

========================================================================
Received Import Request.
  Time since last request: 0.000151 seconds.
  path: Assets/TANKASSETS/PostProcessing/Editor/PostProcessingInspector.cs
  artifactKey: Guid(27fa95984763d9d47bbad59e7fdb66fe) Importer(2089858483,b0f066a214c2f5e87bad3c948f4d605d)
Start importing Assets/TANKASSETS/PostProcessing/Editor/PostProcessingInspector.cs using Guid(27fa95984763d9d47bbad59e7fdb66fe) Importer(2089858483,b0f066a214c2f5e87bad3c948f4d605d) (ScriptedImporter) -> (artifact id: '7bc02711ddfc860d59b36545ba6e177e') in 0.002986833 seconds
Number of updated asset objects reloaded before import = 0Number of asset objects unloaded after import = 0

========================================================================
Received Import Request.
  Time since last request: 0.000172 seconds.
  path: Assets/TANKASSETS/PostProcessing/Editor/Models/BuiltinDebugViewsEditor.cs
  artifactKey: Guid(760ffebbef2ed644c87940a699eb7fe6) Importer(2089858483,b0f066a214c2f5e87bad3c948f4d605d)
Start importing Assets/TANKASSETS/PostProcessing/Editor/Models/BuiltinDebugViewsEditor.cs using Guid(760ffebbef2ed644c87940a699eb7fe6) Importer(2089858483,b0f066a214c2f5e87bad3c948f4d605d) (ScriptedImporter) -> (artifact id: '2a31b645d3a976f9629b7960c637e30f') in 0.0038685 seconds
Number of updated asset objects reloaded before import = 0Number of asset objects unloaded after import = 0

========================================================================
Received Import Request.
  Time since last request: 0.000122 seconds.
  path: Assets/TANKASSETS/Sprites/Smoke.tif
  artifactKey: Guid(8e2e7f1c0de3a1e4bab7041325aef152) Importer(2089858483,b0f066a214c2f5e87bad3c948f4d605d)
Start importing Assets/TANKASSETS/Sprites/Smoke.tif using Guid(8e2e7f1c0de3a1e4bab7041325aef152) Importer(2089858483,b0f066a214c2f5e87bad3c948f4d605d) (ScriptedImporter) -> (artifact id: '2b6a0f98316e41deb7f622a6f7ce3acd') in 0.007902833 seconds
Number of updated asset objects reloaded before import = 0Number of asset objects unloaded after import = 1

========================================================================
Received Import Request.
  Time since last request: 0.000118 seconds.
  path: Assets/TANKASSETS/PostProcessing/Runtime/PostProcessingProfile.cs
  artifactKey: Guid(8a3bdb2cd68f901469e7cc149151eb49) Importer(2089858483,b0f066a214c2f5e87bad3c948f4d605d)
Start importing Assets/TANKASSETS/PostProcessing/Runtime/PostProcessingProfile.cs using Guid(8a3bdb2cd68f901469e7cc149151eb49) Importer(2089858483,b0f066a214c2f5e87bad3c948f4d605d) (ScriptedImporter) -> (artifact id: 'b0f5efd23d723e5867f5efa9bd708b6c') in 0.005016792 seconds
Number of updated asset objects reloaded before import = 0Number of asset objects unloaded after import = 0

========================================================================
Received Import Request.
  Time since last request: 0.000091 seconds.
  path: Assets/TANKASSETS/PostProcessing/Resources/Shaders/AmbientOcclusion.cginc
  artifactKey: Guid(447591ee3d9d4204899be5fe25968ea0) Importer(2089858483,b0f066a214c2f5e87bad3c948f4d605d)
Start importing Assets/TANKASSETS/PostProcessing/Resources/Shaders/AmbientOcclusion.cginc using Guid(447591ee3d9d4204899be5fe25968ea0) Importer(2089858483,b0f066a214c2f5e87bad3c948f4d605d) (ScriptedImporter) -> (artifact id: '0886d58bce58ed984fcef2e9b6ca7b1d') in 0.002938917 seconds
Number of updated asset objects reloaded before import = 0Number of asset objects unloaded after import = 1

========================================================================
Received Import Request.
  Time since last request: 1083.612688 seconds.
  path: Assets/WPTankSettings.lighting
  artifactKey: Guid(3ba97f81972144f12b602adc11bf0f39) Importer(2089858483,b0f066a214c2f5e87bad3c948f4d605d)
Start importing Assets/WPTankSettings.lighting using Guid(3ba97f81972144f12b602adc11bf0f39) Importer(2089858483,b0f066a214c2f5e87bad3c948f4d605d) (ScriptedImporter) -> (artifact id: 'e7c61666843845c95d4959ef8b857982') in 0.173641541 seconds
Number of updated asset objects reloaded before import = 0Number of asset objects unloaded after import = 1

========================================================================
Received Import Request.
  Time since last request: 329.343153 seconds.
  path: Assets/TankAndWP/Tank.fbx
  artifactKey: Guid(c58838a1d6c17484393fa08cdb7f059d) Importer(815301076,1909f56bfc062723c751e8b465ee728b)
Start importing Assets/TankAndWP/Tank.fbx using Guid(c58838a1d6c17484393fa08cdb7f059d) Importer(815301076,1909f56bfc062723c751e8b465ee728b) (PreviewImporter) -> (artifact id: '1a99274f45c88770cbfd5ca90d78ec76') in 0.636816875 seconds
Number of updated asset objects reloaded before import = 0Number of asset objects unloaded after import = 30

========================================================================
Received Import Request.
  Time since last request: 867.397491 seconds.
  path: Assets/TANKASSETS/red.mat
  artifactKey: Guid(2a3b48702fd1447bc9cc1408210c3ac2) Importer(815301076,1909f56bfc062723c751e8b465ee728b)
Start importing Assets/TANKASSETS/red.mat using Guid(2a3b48702fd1447bc9cc1408210c3ac2) Importer(815301076,1909f56bfc062723c751e8b465ee728b) (PreviewImporter) -> (artifact id: 'd10b589bebba8ed921bda1688df5b56b') in 0.112654417 seconds
Number of updated asset objects reloaded before import = 0Number of asset objects unloaded after import = 1

========================================================================
Received Import Request.
  Time since last request: 1.766472 seconds.
  path: Assets/TankRacing/ReflectionProbe-0.exr
  artifactKey: Guid(94e3ad02a5719f84ca4cac0aa02aa487) Importer(815301076,1909f56bfc062723c751e8b465ee728b)
Start importing Assets/TankRacing/ReflectionProbe-0.exr using Guid(94e3ad02a5719f84ca4cac0aa02aa487) Importer(815301076,1909f56bfc062723c751e8b465ee728b) (PreviewImporter) -> (artifact id: '92d4083417b5f19de2d1618bc03e41b6') in 0.1072965 seconds
Number of updated asset objects reloaded before import = 0Number of asset objects unloaded after import = 1

========================================================================
Received Import Request.
  Time since last request: 58.258628 seconds.
  path: Assets/TANKASSETS/Materials/Green.mat
  artifactKey: Guid(c39933e60e73205419d1f79a2af1fdac) Importer(2089858483,b0f066a214c2f5e87bad3c948f4d605d)
Start importing Assets/TANKASSETS/Materials/Green.mat using Guid(c39933e60e73205419d1f79a2af1fdac) Importer(2089858483,b0f066a214c2f5e87bad3c948f4d605d) (ScriptedImporter) -> (artifact id: 'd0a54cda9a19ac6ffd3e43cc11fee262') in 0.067017375 seconds
Number of updated asset objects reloaded before import = 0Number of asset objects unloaded after import = 1

========================================================================
Received Import Request.
  Time since last request: 0.001005 seconds.
  path: Assets/TANKASSETS/Materials/BuildingWhite.mat
  artifactKey: Guid(d0c31a39c426da94496d2abbf928d525) Importer(2089858483,b0f066a214c2f5e87bad3c948f4d605d)
Start importing Assets/TANKASSETS/Materials/BuildingWhite.mat using Guid(d0c31a39c426da94496d2abbf928d525) Importer(2089858483,b0f066a214c2f5e87bad3c948f4d605d) (ScriptedImporter) -> (artifact id: 'bdaca3194e5d054abc15d73b43528630') in 0.008673291 seconds
Number of updated asset objects reloaded before import = 0Number of asset objects unloaded after import = 1

========================================================================
Received Import Request.
  Time since last request: 0.000303 seconds.
  path: Assets/Materials/Sand.mat
  artifactKey: Guid(8661ec9df5b994b458273469fdf76170) Importer(2089858483,b0f066a214c2f5e87bad3c948f4d605d)
Start importing Assets/Materials/Sand.mat using Guid(8661ec9df5b994b458273469fdf76170) Importer(2089858483,b0f066a214c2f5e87bad3c948f4d605d) (ScriptedImporter) -> (artifact id: '3578801c7e6f9302e3d753d8c024e7ae') in 0.010179292 seconds
Number of updated asset objects reloaded before import = 0Number of asset objects unloaded after import = 2

========================================================================
Received Import Request.
  Time since last request: 0.000236 seconds.
  path: Assets/Models/Ground.mat
  artifactKey: Guid(66f7afd8c186a468ca9f4daf621cdaf9) Importer(2089858483,b0f066a214c2f5e87bad3c948f4d605d)
Start importing Assets/Models/Ground.mat using Guid(66f7afd8c186a468ca9f4daf621cdaf9) Importer(2089858483,b0f066a214c2f5e87bad3c948f4d605d) (ScriptedImporter) -> (artifact id: '4e12bcd9ef95e1909d1a2a3f7fc20006') in 0.00896625 seconds
Number of updated asset objects reloaded before import = 0Number of asset objects unloaded after import = 3

========================================================================
Received Import Request.
  Time since last request: 0.000040 seconds.
  path: Assets/TANKASSETS/Materials/Brown.mat
  artifactKey: Guid(65b34bd0b696fd64c809daa8ff1aac63) Importer(2089858483,b0f066a214c2f5e87bad3c948f4d605d)
Start importing Assets/TANKASSETS/Materials/Brown.mat using Guid(65b34bd0b696fd64c809daa8ff1aac63) Importer(2089858483,b0f066a214c2f5e87bad3c948f4d605d) (ScriptedImporter) -> (artifact id: 'a06108b512f0f872671ce550ba201404') in 0.004212125 seconds
Number of updated asset objects reloaded before import = 0Number of asset objects unloaded after import = 1

========================================================================
Received Import Request.
  Time since last request: 0.000129 seconds.
  path: Assets/TANKASSETS/Materials/BuildingStone.mat
  artifactKey: Guid(03ad6a4c3c0e64440b1d6cee74fc2a4f) Importer(2089858483,b0f066a214c2f5e87bad3c948f4d605d)
Start importing Assets/TANKASSETS/Materials/BuildingStone.mat using Guid(03ad6a4c3c0e64440b1d6cee74fc2a4f) Importer(2089858483,b0f066a214c2f5e87bad3c948f4d605d) (ScriptedImporter) -> (artifact id: '3220c31a71cb87ace89f81e7c39e787b') in 0.0054745 seconds
Number of updated asset objects reloaded before import = 0Number of asset objects unloaded after import = 1

========================================================================
Received Import Request.
  Time since last request: 0.000130 seconds.
  path: Assets/Models/yellow.mat
  artifactKey: Guid(0953770822730481798c3f71b6a9813f) Importer(2089858483,b0f066a214c2f5e87bad3c948f4d605d)
Start importing Assets/Models/yellow.mat using Guid(0953770822730481798c3f71b6a9813f) Importer(2089858483,b0f066a214c2f5e87bad3c948f4d605d) (ScriptedImporter) -> (artifact id: '1e1a19b939501cf241d8ebaf18ff3995') in 0.006365083 seconds
Number of updated asset objects reloaded before import = 0Number of asset objects unloaded after import = 1

========================================================================
Received Import Request.
  Time since last request: 0.000369 seconds.
  path: Assets/TANKASSETS/Materials/YellowLight.mat
  artifactKey: Guid(2ebf33c8c66048e4392138d1501e6be3) Importer(2089858483,b0f066a214c2f5e87bad3c948f4d605d)
Start importing Assets/TANKASSETS/Materials/YellowLight.mat using Guid(2ebf33c8c66048e4392138d1501e6be3) Importer(2089858483,b0f066a214c2f5e87bad3c948f4d605d) (ScriptedImporter) -> (artifact id: '50bace925e8ef338f38a136aafe1b560') in 0.009555709 seconds
Number of updated asset objects reloaded before import = 0Number of asset objects unloaded after import = 1

========================================================================
Received Import Request.
  Time since last request: 0.000270 seconds.
  path: Assets/TANKASSETS/Materials/TankGrey.mat
  artifactKey: Guid(c4c5f95d06932564c8672b4bafeb1b28) Importer(2089858483,b0f066a214c2f5e87bad3c948f4d605d)
Start importing Assets/TANKASSETS/Materials/TankGrey.mat using Guid(c4c5f95d06932564c8672b4bafeb1b28) Importer(2089858483,b0f066a214c2f5e87bad3c948f4d605d) (ScriptedImporter) -> (artifact id: 'd484eaee1b710e3022c8dbf85b7cba5d') in 0.003940792 seconds
Number of updated asset objects reloaded before import = 0Number of asset objects unloaded after import = 1

========================================================================
Received Import Request.
  Time since last request: 0.000101 seconds.
  path: Assets/Models/Blue.mat
  artifactKey: Guid(62f93b80049dc4a44a23cc414cbf0e5f) Importer(2089858483,b0f066a214c2f5e87bad3c948f4d605d)
Start importing Assets/Models/Blue.mat using Guid(62f93b80049dc4a44a23cc414cbf0e5f) Importer(2089858483,b0f066a214c2f5e87bad3c948f4d605d) (ScriptedImporter) -> (artifact id: '8e4fd9cb40395a1ebaab2501f938bf83') in 0.014087125 seconds
Number of updated asset objects reloaded before import = 0Number of asset objects unloaded after import = 1

========================================================================
Received Import Request.
  Time since last request: 0.000065 seconds.
  path: Assets/Materials/TankLights.mat
  artifactKey: Guid(dd67a36539c63437dbdbd9d73b3c9d90) Importer(2089858483,b0f066a214c2f5e87bad3c948f4d605d)
Start importing Assets/Materials/TankLights.mat using Guid(dd67a36539c63437dbdbd9d73b3c9d90) Importer(2089858483,b0f066a214c2f5e87bad3c948f4d605d) (ScriptedImporter) -> (artifact id: '610cef1acb2128ac0b81f58514df9b97') in 0.006017708 seconds
Number of updated asset objects reloaded before import = 0Number of asset objects unloaded after import = 1

========================================================================
Received Import Request.
  Time since last request: 38.582905 seconds.
  path: Assets/TANKASSETS/Materials/TankLights.mat
  artifactKey: Guid(574c4e070e5dd0a40a02b979f582a836) Importer(2089858483,b0f066a214c2f5e87bad3c948f4d605d)
Start importing Assets/TANKASSETS/Materials/TankLights.mat using Guid(574c4e070e5dd0a40a02b979f582a836) Importer(2089858483,b0f066a214c2f5e87bad3c948f4d605d) (ScriptedImporter) -> (artifact id: 'f6b998d0b8540e94e3cff529626b63de') in 0.052566834 seconds
Number of updated asset objects reloaded before import = 0Number of asset objects unloaded after import = 2

========================================================================
Received Import Request.
  Time since last request: 0.001197 seconds.
  path: Assets/Materials/TankGrey.mat
  artifactKey: Guid(063d5524599294c58bd5b814f78e3f7a) Importer(2089858483,b0f066a214c2f5e87bad3c948f4d605d)
Start importing Assets/Materials/TankGrey.mat using Guid(063d5524599294c58bd5b814f78e3f7a) Importer(2089858483,b0f066a214c2f5e87bad3c948f4d605d) (ScriptedImporter) -> (artifact id: 'f458f9dc65f0d8d898898e5292d3559e') in 0.006442958 seconds
Number of updated asset objects reloaded before import = 0Number of asset objects unloaded after import = 2

========================================================================
Received Import Request.
  Time since last request: 0.000119 seconds.
  path: Assets/WPTank/LightingData.asset
  artifactKey: Guid(950bec307c347c24a808d94ae8d5094d) Importer(2089858483,b0f066a214c2f5e87bad3c948f4d605d)
Start importing Assets/WPTank/LightingData.asset using Guid(950bec307c347c24a808d94ae8d5094d) Importer(2089858483,b0f066a214c2f5e87bad3c948f4d605d) (ScriptedImporter) -> (artifact id: 'ff5da9c94956e8b598b1904ff6637034') in 0.009676375 seconds
Number of updated asset objects reloaded before import = 0Number of asset objects unloaded after import = 2

========================================================================
Received Import Request.
  Time since last request: 0.000177 seconds.
  path: Assets/TANKASSETS/Materials/Brown.mat
  artifactKey: Guid(65b34bd0b696fd64c809daa8ff1aac63) Importer(2089858483,b0f066a214c2f5e87bad3c948f4d605d)
Start importing Assets/TANKASSETS/Materials/Brown.mat using Guid(65b34bd0b696fd64c809daa8ff1aac63) Importer(2089858483,b0f066a214c2f5e87bad3c948f4d605d) (ScriptedImporter) -> (artifact id: '0318b03f3bf911b850488db61b7b5f15') in 0.006303792 seconds
Number of updated asset objects reloaded before import = 0Number of asset objects unloaded after import = 2

========================================================================
Received Import Request.
  Time since last request: 0.000448 seconds.
  path: Assets/TANKASSETS/Materials/OilDrums.mat
  artifactKey: Guid(b3a1f2f69b4c3a84cba5446e31e87c20) Importer(2089858483,b0f066a214c2f5e87bad3c948f4d605d)
Start importing Assets/TANKASSETS/Materials/OilDrums.mat using Guid(b3a1f2f69b4c3a84cba5446e31e87c20) Importer(2089858483,b0f066a214c2f5e87bad3c948f4d605d) (ScriptedImporter) -> (artifact id: '62cf261c6d8aebd4716eb45490ba9ae9') in 0.004594334 seconds
Number of updated asset objects reloaded before import = 0Number of asset objects unloaded after import = 2

========================================================================
Received Import Request.
  Time since last request: 0.000149 seconds.
  path: Assets/TANKASSETS/Materials/Smoke.mat
  artifactKey: Guid(d391697c7deb3a0459e0cdc4774e1631) Importer(2089858483,b0f066a214c2f5e87bad3c948f4d605d)
Start importing Assets/TANKASSETS/Materials/Smoke.mat using Guid(d391697c7deb3a0459e0cdc4774e1631) Importer(2089858483,b0f066a214c2f5e87bad3c948f4d605d) (ScriptedImporter) -> (artifact id: 'f4110ea85abcdec7982443905ad18a7e') in 0.007459292 seconds
Number of updated asset objects reloaded before import = 0Number of asset objects unloaded after import = 3

========================================================================
Received Import Request.
  Time since last request: 0.000094 seconds.
  path: Assets/TANKASSETS/Materials/Green.mat
  artifactKey: Guid(c39933e60e73205419d1f79a2af1fdac) Importer(2089858483,b0f066a214c2f5e87bad3c948f4d605d)
Start importing Assets/TANKASSETS/Materials/Green.mat using Guid(c39933e60e73205419d1f79a2af1fdac) Importer(2089858483,b0f066a214c2f5e87bad3c948f4d605d) (ScriptedImporter) -> (artifact id: '6fed4d464af6389fc74d4bf283ff1317') in 0.005687167 seconds
Number of updated asset objects reloaded before import = 0Number of asset objects unloaded after import = 2

========================================================================
Received Import Request.
  Time since last request: 0.000331 seconds.
  path: Assets/TANKASSETS/Materials/YellowLight.mat
  artifactKey: Guid(2ebf33c8c66048e4392138d1501e6be3) Importer(2089858483,b0f066a214c2f5e87bad3c948f4d605d)
Start importing Assets/TANKASSETS/Materials/YellowLight.mat using Guid(2ebf33c8c66048e4392138d1501e6be3) Importer(2089858483,b0f066a214c2f5e87bad3c948f4d605d) (ScriptedImporter) -> (artifact id: 'b91e9bd2893304e1d55167b20181ceae') in 0.006699667 seconds
Number of updated asset objects reloaded before import = 0Number of asset objects unloaded after import = 2

========================================================================
Received Import Request.
  Time since last request: 0.000154 seconds.
  path: Assets/Materials/TankColour.mat
  artifactKey: Guid(773dd8c87ea324fa69b08051df62d83b) Importer(2089858483,b0f066a214c2f5e87bad3c948f4d605d)
Start importing Assets/Materials/TankColour.mat using Guid(773dd8c87ea324fa69b08051df62d83b) Importer(2089858483,b0f066a214c2f5e87bad3c948f4d605d) (ScriptedImporter) -> (artifact id: 'dbde12896f6680bb5a2a801bdf5d377b') in 0.00723325 seconds
Number of updated asset objects reloaded before import = 0Number of asset objects unloaded after import = 2

========================================================================
Received Import Request.
  Time since last request: 0.000130 seconds.
  path: Assets/TANKASSETS/Materials/White.mat
  artifactKey: Guid(c0d660c0333c4224098a02ecd84d6232) Importer(2089858483,b0f066a214c2f5e87bad3c948f4d605d)
Start importing Assets/TANKASSETS/Materials/White.mat using Guid(c0d660c0333c4224098a02ecd84d6232) Importer(2089858483,b0f066a214c2f5e87bad3c948f4d605d) (ScriptedImporter) -> (artifact id: '7b38ac1a905db76d58028be121a9cfaf') in 0.004450208 seconds
Number of updated asset objects reloaded before import = 0Number of asset objects unloaded after import = 2

========================================================================
Received Import Request.
  Time since last request: 0.000205 seconds.
  path: Assets/TANKASSETS/Materials/Gold.mat
  artifactKey: Guid(6221f2fbc7212d94cb9c069ee262d824) Importer(2089858483,b0f066a214c2f5e87bad3c948f4d605d)
Start importing Assets/TANKASSETS/Materials/Gold.mat using Guid(6221f2fbc7212d94cb9c069ee262d824) Importer(2089858483,b0f066a214c2f5e87bad3c948f4d605d) (ScriptedImporter) -> (artifact id: '1f2d9a52bf716d32fa3031811a8419da') in 0.0040815 seconds
Number of updated asset objects reloaded before import = 0Number of asset objects unloaded after import = 2

========================================================================
Received Import Request.
  Time since last request: 0.000050 seconds.
  path: Assets/WPTank/ReflectionProbe-0.exr
  artifactKey: Guid(637d91be2f6f6e34eb00de04213840c2) Importer(2089858483,b0f066a214c2f5e87bad3c948f4d605d)
Start importing Assets/WPTank/ReflectionProbe-0.exr using Guid(637d91be2f6f6e34eb00de04213840c2) Importer(2089858483,b0f066a214c2f5e87bad3c948f4d605d) (ScriptedImporter) -> (artifact id: 'a3dfa7f4692cd20144032e0ed9685966') in 0.013328125 seconds
Number of updated asset objects reloaded before import = 0Number of asset objects unloaded after import = 1

========================================================================
Received Import Request.
  Time since last request: 0.000126 seconds.
  path: Assets/Materials/TankLights.mat
  artifactKey: Guid(dd67a36539c63437dbdbd9d73b3c9d90) Importer(2089858483,b0f066a214c2f5e87bad3c948f4d605d)
Start importing Assets/Materials/TankLights.mat using Guid(dd67a36539c63437dbdbd9d73b3c9d90) Importer(2089858483,b0f066a214c2f5e87bad3c948f4d605d) (ScriptedImporter) -> (artifact id: '22215cda361571da3423ba5e3583ce93') in 0.006025875 seconds
Number of updated asset objects reloaded before import = 0Number of asset objects unloaded after import = 2

========================================================================
Received Import Request.
  Time since last request: 62.068909 seconds.
  path: Assets/TankAndWP/Tank.fbx
  artifactKey: Guid(c58838a1d6c17484393fa08cdb7f059d) Importer(815301076,1909f56bfc062723c751e8b465ee728b)
Start importing Assets/TankAndWP/Tank.fbx using Guid(c58838a1d6c17484393fa08cdb7f059d) Importer(815301076,1909f56bfc062723c751e8b465ee728b) (PreviewImporter) -> (artifact id: '3def441316b2cfc0ab80369d8a0a38a4') in 0.146111917 seconds
Number of updated asset objects reloaded before import = 0Number of asset objects unloaded after import = 30

========================================================================
Received Import Request.
  Time since last request: 2.343587 seconds.
  path: Assets/Models/Ground.mat
  artifactKey: Guid(66f7afd8c186a468ca9f4daf621cdaf9) Importer(815301076,1909f56bfc062723c751e8b465ee728b)
Start importing Assets/Models/Ground.mat using Guid(66f7afd8c186a468ca9f4daf621cdaf9) Importer(815301076,1909f56bfc062723c751e8b465ee728b) (PreviewImporter) -> (artifact id: '36fa8aebddb815ac39d010ce6a994af0') in 0.588834792 seconds
Number of updated asset objects reloaded before import = 0Number of asset objects unloaded after import = 3

