Unity Editor version:    6000.3.1f1 (37142da19a94)
Branch:                  6000.3/respin/6000.3.1f1-f56f53296c2c
Build type:              Release
Batch mode:              YES
macOS version:           Version 26.6.2 (Build 25G83)
Darwin version:          25.6.0
Architecture:            arm64
Running under Rosetta:   NO
Available memory:        8192 MB
Date:                    2026-10-01T13:29:15Z
[Licensing::Module] Trying to connect to existing licensing client channel...
[Licensing::IpcConnector] Successfully connected to: "LicenseClient-inesna" at "2026-10-01T13:29:15.243958Z"

COMMAND LINE ARGUMENTS:
/Applications/Unity/Hub/Editor/6000.3.1f1/Unity.app/Contents/MacOS/Unity
-adb2
-batchMode
-noUpm
-name
AssetImportWorker0
-projectPath
/Users/inesna/Desktop/INTELIGÊNCIA ARTIFICIAL/Waypoints&Graphs_63574
-logFile
Logs/AssetImportWorker0.log
-srvPort
52213
-licensingIpc
LicenseClient-inesna
-job-worker-count
3
-background-job-worker-count
8
-gc-helper-count
1
-name AssetImport
Successfully changed project path to: /Users/inesna/Desktop/INTELIGÊNCIA ARTIFICIAL/Waypoints&Graphs_63574
/Users/inesna/Desktop/INTELIGÊNCIA ARTIFICIAL/Waypoints&Graphs_63574
[UnityMemory] Configuration Parameters - Can be set up in boot.config
    "memorysetup-allocator-temp-initial-block-size-main=262144"
    "memorysetup-allocator-temp-initial-block-size-worker=262144"
    "memorysetup-temp-allocator-size-background-worker=32768"
    "memorysetup-temp-allocator-size-job-worker=262144"
    "memorysetup-temp-allocator-size-preload-manager=33554432"
    "memorysetup-temp-allocator-size-nav-mesh-worker=65536"
    "memorysetup-temp-allocator-size-audio-worker=65536"
    "memorysetup-temp-allocator-size-cloud-worker=32768"
    "memorysetup-bucket-allocator-granularity=16"
    "memorysetup-bucket-allocator-bucket-count=8"
    "memorysetup-bucket-allocator-block-size=33554432"
    "memorysetup-bucket-allocator-block-count=8"
    "memorysetup-main-allocator-block-size=16777216"
    "memorysetup-thread-allocator-block-size=16777216"
    "memorysetup-gfx-main-allocator-block-size=16777216"
    "memorysetup-gfx-thread-allocator-block-size=16777216"
    "memorysetup-cache-allocator-block-size=4194304"
    "memorysetup-typetree-allocator-block-size=2097152"
    "memorysetup-profiler-bucket-allocator-granularity=16"
    "memorysetup-profiler-bucket-allocator-bucket-count=8"
    "memorysetup-profiler-bucket-allocator-block-size=33554432"
    "memorysetup-profiler-bucket-allocator-block-count=8"
    "memorysetup-profiler-allocator-block-size=16777216"
    "memorysetup-profiler-editor-allocator-block-size=1048576"
    "memorysetup-temp-allocator-size-main=16777216"
    "memorysetup-job-temp-allocator-block-size=2097152"
    "memorysetup-job-temp-allocator-block-size-background=1048576"
    "memorysetup-job-temp-allocator-reduction-small-platforms=262144"
    "memorysetup-temp-allocator-size-gi-baking-worker=262144"
    "memorysetup-temp-allocator-size-gi-baking-worker=262144"
    "memorysetup-temp-allocator-size-gi-baking-worker=262144"
    "memorysetup-temp-allocator-size-gi-baking-worker=262144"
    "memorysetup-temp-allocator-size-gi-baking-worker=262144"
    "memorysetup-temp-allocator-size-gfx=262144"
Player connection [8303206784]  Target information:

Player connection [8303206784]  * "[IP] 193.137.106.59 [Port] 0 [Flags] 2 [Guid] 362242396 [EditorId] 362242396 [Version] 1048832 [Id] OSXEditor(0,alunos59.esact.wifi.ipb.pt) [Debug] 1 [PackageName] OSXEditor [ProjectName] Editor" 

Player connection [8303206784] Host joined multi-casting on [225.0.0.222:54997]...
Player connection [8303206784] Host joined alternative multi-casting on [225.0.0.222:34997]...
JobSystem: Creating JobQueue using job-worker-count value 3
Input System module state changed to: Initialized.
[Physics::Module] Initialized fallback backend.
[Physics::Module] Id: 0xdecafbad
Library Redirect Path: Library/
[Physics::Module] Selected backend.
[Physics::Module] Name: PhysX
[Physics::Module] Id: 0xf2b8ea05
[Physics::Module] SDK Version: 4.1.2
[Physics::Module] Integration Version: 1.0.0
[Physics::Module] Threading Mode: Multi-Threaded
Refreshing native plugins compatible for Editor in 6.68 ms, found 1 plugins.
Preloading 0 native plugins for Editor in 0.00 ms.
Initialize engine version: 6000.3.1f1 (37142da19a94)
[Subsystems] Discovering subsystems at path /Applications/Unity/Hub/Editor/6000.3.1f1/Unity.app/Contents/Resources/UnitySubsystems
[Subsystems] Discovering subsystems at path /Users/inesna/Desktop/INTELIGÊNCIA ARTIFICIAL/Waypoints&Graphs_63574/Assets
GfxDevice: creating device client; kGfxThreadingModeNonThreaded
 preferred device: Apple M3 (high power)
Metal devices available: 1
0: Apple M3 (high power)
Using device Apple M3 (high power)
Initializing Metal device caps: Apple M3
Mac GPU Family: 2
Apple GPU Family: 9
MSL Version: 3.0
Has Float MSAA: 1
Has Float Filtering: 1
ReadWrite Texture Tier: 2
Initialize mono
Mono path[0] = '/Applications/Unity/Hub/Editor/6000.3.1f1/Unity.app/Contents/Resources/Scripting/Managed'
Mono path[1] = '/Applications/Unity/Hub/Editor/6000.3.1f1/Unity.app/Contents/Resources/Scripting/MonoBleedingEdge/lib/mono/unityjit-macos'
Mono config path = '/Applications/Unity/Hub/Editor/6000.3.1f1/Unity.app/Contents/Resources/Scripting/MonoBleedingEdge/etc'
Using monoOptions --debugger-agent=transport=dt_socket,embedding=1,server=y,suspend=n,address=127.0.0.1:56091
[Licensing::Client] Handshaking with LicensingClient:
  Version:                 1.18.3+d7ffd15
  Session Id:              9e68de565df94d27ba0adc530247708f
  Correlation Id:          7432ab61843d69594f21169c236e0be7
  External correlation Id: 8466946737839258376
  Machine Id:              9tSwGK+TjQWgoUuGoX27KD/RBPM=
[Licensing::Module] Successfully connected to LicensingClient on channel: "LicenseClient-inesna" (connect: 0.00s, validation: 0.01s, handshake: 1.70s)
[Licensing::IpcConnector] Successfully connected to: "LicenseClient-inesna-notifications" at "2026-10-01T13:29:16.955872Z"
[Licensing::Module] Licensing Background thread has ended after 1.71s
Begin MonoManager ReloadAssembly
Registering precompiled unity dll's ...
Register platform support module: /Applications/Unity/Hub/Editor/6000.3.1f1/PlaybackEngines/WebGLSupport/UnityEditor.WebGL.Extensions.dll
Register platform support module: /Applications/Unity/Hub/Editor/6000.3.1f1/Unity.app/Contents/PlaybackEngines/MacStandaloneSupport/UnityEditor.OSXStandalone.Extensions.dll
Register platform support module: /Applications/Unity/Hub/Editor/6000.3.1f1/PlaybackEngines/WindowsStandaloneSupport/UnityEditor.WindowsStandalone.Extensions.dll
[Licensing::Client] Successfully resolved entitlement details
[Licensing::Module] License group:
  Id: E4-DBUH-QKTY-V8AZ-2FZA-XXXX
  Product: Unity Education
  Type: ULF
  Expiration: 2027-03-06T23:46:27Z
[Licensing::Module] License group:
  Id: 6872783040574-inesna-UnityProStuXXXX
  Product: Unity Student
  Type: Assigned
  Expiration: 2027-09-28T14:48:01Z
Register platform support module: /Applications/Unity/Hub/Editor/6000.3.1f1/PlaybackEngines/AndroidPlayer/UnityEditor.Android.Extensions.dll
[Licensing::Client] Successfully resolved entitlement details
[Licensing::Module] License group:
  Id: E4-DBUH-QKTY-V8AZ-2FZA-XXXX
  Product: Unity Education
  Type: ULF
  Expiration: 2027-03-06T23:46:27Z
[Licensing::Module] License group:
  Id: 6872783040574-inesna-UnityProStuXXXX
  Product: Unity Student
  Type: Assigned
  Expiration: 2027-09-28T14:48:01Z
Register platform support module: /Applications/Unity/Hub/Editor/6000.3.1f1/PlaybackEngines/iOSSupport/UnityEditor.iOS.Extensions.dll
Registered in 0.031355 seconds.
- Loaded All Assemblies, in  0.676 seconds
[usbmuxd] Start listen thread
[usbmuxd] Listen thread started
[usbmuxd] Send listen message
Native extension for iOS target not found
Native extension for Android target not found
Android Extension - Scanning For ADB Devices 113 ms
Native extension for WindowsStandalone target not found
Native extension for OSXStandalone target not found
Native extension for WebGL target not found
Mono: successfully reloaded assembly
- Finished resetting the current domain, in  0.826 seconds
Domain Reload Profiling: 1504ms
	BeginReloadAssembly (251ms)
		ExecutionOrderSort (0ms)
		DisableScriptedObjects (0ms)
		BackupInstance (0ms)
		ReleaseScriptingObjects (0ms)
		CreateAndSetChildDomain (2ms)
	RebuildCommonClasses (62ms)
	RebuildNativeTypeToScriptingClass (24ms)
	initialDomainReloadingComplete (98ms)
	LoadAllAssembliesAndSetupDomain (243ms)
		LoadAssemblies (251ms)
		RebuildTransferFunctionScriptingTraits (0ms)
		AnalyzeDomain (234ms)
			TypeCache.Refresh (230ms)
				TypeCache.ScanAssembly (213ms)
			BuildScriptInfoCaches (0ms)
			ResolveRequiredComponents (1ms)
	FinalizeReload (826ms)
		ReleaseScriptCaches (0ms)
		RebuildScriptCaches (0ms)
		SetupLoadedEditorAssemblies (764ms)
			LogAssemblyErrors (0ms)
			InitializePlatformSupportModulesInManaged (335ms)
			SetLoadedEditorAssemblies (5ms)
			BeforeProcessingInitializeOnLoad (115ms)
			ProcessInitializeOnLoadAttributes (174ms)
			ProcessInitializeOnLoadMethodAttributes (134ms)
			AfterProcessingInitializeOnLoad (0ms)
			EditorAssembliesLoaded (0ms)
		ExecutionOrderSort2 (0ms)
		AwakeInstancesAfterBackupRestoration (0ms)
[CoreBusinessMetrics] Unexpected thread when updating session info.
========================================================================
Worker process is ready to serve import requests
Import Worker Mode flag is 0x00
Begin MonoManager ReloadAssembly
[Licensing::Client] Successfully resolved entitlement details
[Licensing::Module] License group:
  Id: E4-DBUH-QKTY-V8AZ-2FZA-XXXX
  Product: Unity Education
  Type: ULF
  Expiration: 2027-03-06T23:46:27Z
[Licensing::Module] License group:
  Id: 6872783040574-inesna-UnityProStuXXXX
  Product: Unity Student
  Type: Assigned
  Expiration: 2027-09-28T14:48:01Z
- Loaded All Assemblies, in  1.000 seconds
Refreshing native plugins compatible for Editor in 0.52 ms, found 1 plugins.
Native extension for iOS target not found
Native extension for Android target not found
Native extension for WindowsStandalone target not found
Native extension for OSXStandalone target not found
Native extension for WebGL target not found
Package Manager log level set to [2]
[Package Manager] Failed to launch server process. Reason: Unity was launched with the -noUpm command-line argument
[Package Manager] Unable to send message (not connected to server process).
[Package Manager] Cannot connect to Unity Package Manager local server
Mono: successfully reloaded assembly
- Finished resetting the current domain, in  0.814 seconds
Domain Reload Profiling: 1814ms
	BeginReloadAssembly (142ms)
		ExecutionOrderSort (0ms)
		DisableScriptedObjects (7ms)
		BackupInstance (0ms)
		ReleaseScriptingObjects (0ms)
		CreateAndSetChildDomain (29ms)
	RebuildCommonClasses (42ms)
	RebuildNativeTypeToScriptingClass (17ms)
	initialDomainReloadingComplete (32ms)
	LoadAllAssembliesAndSetupDomain (767ms)
		LoadAssemblies (548ms)
		RebuildTransferFunctionScriptingTraits (0ms)
		AnalyzeDomain (280ms)
			TypeCache.Refresh (227ms)
				TypeCache.ScanAssembly (193ms)
			BuildScriptInfoCaches (40ms)
			ResolveRequiredComponents (10ms)
	FinalizeReload (814ms)
		ReleaseScriptCaches (0ms)
		RebuildScriptCaches (0ms)
		SetupLoadedEditorAssemblies (652ms)
			LogAssemblyErrors (0ms)
			InitializePlatformSupportModulesInManaged (32ms)
			SetLoadedEditorAssemblies (4ms)
			BeforeProcessingInitializeOnLoad (178ms)
			ProcessInitializeOnLoadAttributes (372ms)
			ProcessInitializeOnLoadMethodAttributes (64ms)
			AfterProcessingInitializeOnLoad (1ms)
			EditorAssembliesLoaded (0ms)
		ExecutionOrderSort2 (0ms)
		AwakeInstancesAfterBackupRestoration (4ms)
WARNING: Shader Unsupported: 'Hidden/Universal Render Pipeline/Terrain/Lit (Base Pass)' - All subshaders removed
WARNING: Shader Did you use #pragma only_renderers and omit this platform?
WARNING: Shader If subshaders removal was intentional, you may have forgotten turning Fallback off?
WARNING: Shader Unsupported: 'Hidden/Universal Render Pipeline/Terrain/Lit (Base Pass)' - All subshaders removed
WARNING: Shader Did you use #pragma only_renderers and omit this platform?
WARNING: Shader If subshaders removal was intentional, you may have forgotten turning Fallback off?
WARNING: Shader Unsupported: 'Universal Render Pipeline/VR/SpatialMapping/Wireframe' - All subshaders removed
WARNING: Shader Did you use #pragma only_renderers and omit this platform?
WARNING: Shader If subshaders removal was intentional, you may have forgotten turning Fallback off?
WARNING: Shader Unsupported: 'Universal Render Pipeline/VR/SpatialMapping/Wireframe' - All subshaders removed
WARNING: Shader Did you use #pragma only_renderers and omit this platform?
WARNING: Shader If subshaders removal was intentional, you may have forgotten turning Fallback off?
WARNING: Shader Unsupported: 'Universal Render Pipeline/Terrain/Lit' - All subshaders removed
WARNING: Shader Did you use #pragma only_renderers and omit this platform?
WARNING: Shader If subshaders removal was intentional, you may have forgotten turning Fallback off?
WARNING: Shader Unsupported: 'Universal Render Pipeline/Terrain/Lit' - All subshaders removed
WARNING: Shader Did you use #pragma only_renderers and omit this platform?
WARNING: Shader If subshaders removal was intentional, you may have forgotten turning Fallback off?
Launching external process: /Applications/Unity/Hub/Editor/6000.3.1f1/Unity.app/Contents/Helpers/UnityShaderCompiler
Launched and connected shader compiler UnityShaderCompiler after 0.08 seconds
Refreshing native plugins compatible for Editor in 0.52 ms, found 1 plugins.
Preloading 0 native plugins for Editor in 0.00 ms.
Unloading 46 Unused Serialized files (Serialized files now loaded: 0)
Unloading 6208 unused Assets / (5.7 MB). Loaded Objects now: 6855.
Memory consumption went from 135.8 MB to 130.1 MB.
Total: 12.736583 ms (FindLiveObjects: 1.240084 ms CreateObjectMapping: 0.208750 ms MarkObjects: 8.347084 ms  DeleteObjects: 2.940041 ms)

========================================================================
Received Import Request.
  Time since last request: 435118.187335 seconds.
  path: Assets/New Material 2.mat
  artifactKey: Guid(fc926505b3c61482c86327d3630a6657) Importer(2089858483,b0f066a214c2f5e87bad3c948f4d605d)
Start importing Assets/New Material 2.mat using Guid(fc926505b3c61482c86327d3630a6657) Importer(2089858483,b0f066a214c2f5e87bad3c948f4d605d) (ScriptedImporter) -> (artifact id: '34c6ec6c0349e513d7a093e64bf7b4d4') in 0.067699458 seconds
Number of updated asset objects reloaded before import = 0Number of asset objects unloaded after import = 1

========================================================================
Received Import Request.
  Time since last request: 0.000090 seconds.
  path: Assets/Models/Red.mat
  artifactKey: Guid(b0506a51a85354683b5f04c0dbc0b550) Importer(2089858483,b0f066a214c2f5e87bad3c948f4d605d)
Start importing Assets/Models/Red.mat using Guid(b0506a51a85354683b5f04c0dbc0b550) Importer(2089858483,b0f066a214c2f5e87bad3c948f4d605d) (ScriptedImporter) -> (artifact id: '2907666e97021bb684f6af9cd1bc6ad1') in 0.0109715 seconds
Number of updated asset objects reloaded before import = 0Number of asset objects unloaded after import = 2

========================================================================
Received Import Request.
  Time since last request: 0.000069 seconds.
  path: Assets/New Material.mat
  artifactKey: Guid(ade53aebf470b4121a17427754c4f098) Importer(2089858483,b0f066a214c2f5e87bad3c948f4d605d)
Start importing Assets/New Material.mat using Guid(ade53aebf470b4121a17427754c4f098) Importer(2089858483,b0f066a214c2f5e87bad3c948f4d605d) (ScriptedImporter) -> (artifact id: 'fddc19be9cf44d99bc0a4c8b721ca6ca') in 0.003783084 seconds
Number of updated asset objects reloaded before import = 0Number of asset objects unloaded after import = 1

========================================================================
Received Import Request.
  Time since last request: 1.678777 seconds.
  path: Assets/1/LightingData.asset
  artifactKey: Guid(b013b2852280e4f8eb7babba62997ba5) Importer(815301076,1909f56bfc062723c751e8b465ee728b)
Start importing Assets/1/LightingData.asset using Guid(b013b2852280e4f8eb7babba62997ba5) Importer(815301076,1909f56bfc062723c751e8b465ee728b) (PreviewImporter) -> (artifact id: '7ea22a5dce2e64f10fd0931251929f3b') in 0.088863916 seconds
Number of updated asset objects reloaded before import = 0Number of asset objects unloaded after import = 5

========================================================================
Received Import Request.
  Time since last request: 0.367194 seconds.
  path: Assets/New Material.mat
  artifactKey: Guid(ade53aebf470b4121a17427754c4f098) Importer(815301076,1909f56bfc062723c751e8b465ee728b)
Start importing Assets/New Material.mat using Guid(ade53aebf470b4121a17427754c4f098) Importer(815301076,1909f56bfc062723c751e8b465ee728b) (PreviewImporter) -> (artifact id: 'e1d2cdc4ab5eeeefb73be903b818544b') in 0.114632792 seconds
Number of updated asset objects reloaded before import = 0Number of asset objects unloaded after import = 1

========================================================================
Received Import Request.
  Time since last request: 12.786000 seconds.
  path: Assets/Sand.tif
  artifactKey: Guid(4dde4063ce427441e896259644113e91) Importer(2089858483,b0f066a214c2f5e87bad3c948f4d605d)
Start importing Assets/Sand.tif using Guid(4dde4063ce427441e896259644113e91) Importer(2089858483,b0f066a214c2f5e87bad3c948f4d605d) (ScriptedImporter) -> (artifact id: '3cf42d978c8f4691397454adcacc29a1') in 0.053525541 seconds
Number of updated asset objects reloaded before import = 0Number of asset objects unloaded after import = 1

========================================================================
Received Import Request.
  Time since last request: 3.605364 seconds.
  path: Assets/TankRacing.unity
  artifactKey: Guid(2a334138a2ba04f5aa973bdfc10cd12d) Importer(815301076,1909f56bfc062723c751e8b465ee728b)
Start importing Assets/TankRacing.unity using Guid(2a334138a2ba04f5aa973bdfc10cd12d) Importer(815301076,1909f56bfc062723c751e8b465ee728b) (PreviewImporter) -> (artifact id: 'ea72837e440c1977cf264ab1f2b81ea0') in 0.000531875 seconds
Number of updated asset objects reloaded before import = 0Number of asset objects unloaded after import = 0

========================================================================
Received Prepare
Begin MonoManager ReloadAssembly
[Licensing::Client] Successfully resolved entitlement details
[Licensing::Module] License group:
  Id: E4-DBUH-QKTY-V8AZ-2FZA-XXXX
  Product: Unity Education
  Type: ULF
  Expiration: 2027-03-06T23:46:27Z
[Licensing::Module] License group:
  Id: 6872783040574-inesna-UnityProStuXXXX
  Product: Unity Student
  Type: Assigned
  Expiration: 2027-09-28T14:48:01Z
Thread 0x16d6bf000 may have been prematurely finalized
- Loaded All Assemblies, in  1.129 seconds
Refreshing native plugins compatible for Editor in 0.45 ms, found 1 plugins.
Native extension for iOS target not found
Native extension for Android target not found
Native extension for WindowsStandalone target not found
Native extension for OSXStandalone target not found
Native extension for WebGL target not found
[Package Manager] Failed to launch server process. Reason: Unity was launched with the -noUpm command-line argument
[Package Manager] Unable to send message (not connected to server process).
[Package Manager] Cannot connect to Unity Package Manager local server
Mono: successfully reloaded assembly
- Finished resetting the current domain, in  0.642 seconds
Domain Reload Profiling: 1774ms
	BeginReloadAssembly (319ms)
		ExecutionOrderSort (0ms)
		DisableScriptedObjects (13ms)
		BackupInstance (0ms)
		ReleaseScriptingObjects (0ms)
		CreateAndSetChildDomain (97ms)
	RebuildCommonClasses (38ms)
	RebuildNativeTypeToScriptingClass (15ms)
	initialDomainReloadingComplete (32ms)
	LoadAllAssembliesAndSetupDomain (726ms)
		LoadAssemblies (636ms)
		RebuildTransferFunctionScriptingTraits (0ms)
		AnalyzeDomain (201ms)
			TypeCache.Refresh (23ms)
				TypeCache.ScanAssembly (0ms)
			BuildScriptInfoCaches (162ms)
			ResolveRequiredComponents (11ms)
	FinalizeReload (642ms)
		ReleaseScriptCaches (0ms)
		RebuildScriptCaches (0ms)
		SetupLoadedEditorAssemblies (516ms)
			LogAssemblyErrors (0ms)
			InitializePlatformSupportModulesInManaged (35ms)
			SetLoadedEditorAssemblies (3ms)
			BeforeProcessingInitializeOnLoad (145ms)
			ProcessInitializeOnLoadAttributes (284ms)
			ProcessInitializeOnLoadMethodAttributes (47ms)
			AfterProcessingInitializeOnLoad (1ms)
			EditorAssembliesLoaded (0ms)
		ExecutionOrderSort2 (0ms)
		AwakeInstancesAfterBackupRestoration (3ms)
WARNING: Shader Unsupported: 'Hidden/Universal Render Pipeline/Terrain/Lit (Base Pass)' - All subshaders removed
WARNING: Shader Did you use #pragma only_renderers and omit this platform?
WARNING: Shader If subshaders removal was intentional, you may have forgotten turning Fallback off?
WARNING: Shader Unsupported: 'Hidden/Universal Render Pipeline/Terrain/Lit (Base Pass)' - All subshaders removed
WARNING: Shader Did you use #pragma only_renderers and omit this platform?
WARNING: Shader If subshaders removal was intentional, you may have forgotten turning Fallback off?
WARNING: Shader Unsupported: 'Universal Render Pipeline/VR/SpatialMapping/Wireframe' - All subshaders removed
WARNING: Shader Did you use #pragma only_renderers and omit this platform?
WARNING: Shader If subshaders removal was intentional, you may have forgotten turning Fallback off?
WARNING: Shader Unsupported: 'Universal Render Pipeline/VR/SpatialMapping/Wireframe' - All subshaders removed
WARNING: Shader Did you use #pragma only_renderers and omit this platform?
WARNING: Shader If subshaders removal was intentional, you may have forgotten turning Fallback off?
WARNING: Shader Unsupported: 'Universal Render Pipeline/Terrain/Lit' - All subshaders removed
WARNING: Shader Did you use #pragma only_renderers and omit this platform?
WARNING: Shader If subshaders removal was intentional, you may have forgotten turning Fallback off?
WARNING: Shader Unsupported: 'Universal Render Pipeline/Terrain/Lit' - All subshaders removed
WARNING: Shader Did you use #pragma only_renderers and omit this platform?
WARNING: Shader If subshaders removal was intentional, you may have forgotten turning Fallback off?
Refreshing native plugins compatible for Editor in 0.54 ms, found 1 plugins.
Preloading 0 native plugins for Editor in 0.00 ms.
Unloading 46 Unused Serialized files (Serialized files now loaded: 0)
Unloading 6207 unused Assets / (6.2 MB). Loaded Objects now: 6901.
Memory consumption went from 146.5 MB to 140.3 MB.
Total: 10.468042 ms (FindLiveObjects: 0.533250 ms CreateObjectMapping: 0.212084 ms MarkObjects: 7.502334 ms  DeleteObjects: 2.220125 ms)

Prepare: number of updated asset objects reloaded= 0
========================================================================
Received Import Request.
  Time since last request: 350.515110 seconds.
  path: Assets/Models/Materials
  artifactKey: Guid(4d95afc6e6fbb438db5963fe98225d70) Importer(815301076,1909f56bfc062723c751e8b465ee728b)
Start importing Assets/Models/Materials using Guid(4d95afc6e6fbb438db5963fe98225d70) Importer(815301076,1909f56bfc062723c751e8b465ee728b) (PreviewImporter) -> (artifact id: '1eb4bf07478de068683bc2b38a363657') in 0.021202125 seconds
Number of updated asset objects reloaded before import = 0Number of asset objects unloaded after import = 0

========================================================================
Received Import Request.
  Time since last request: 0.037156 seconds.
  path: Assets/Models/Materials/Sand.mat
  artifactKey: Guid(2287193c904aa467da10cd874842d6bf) Importer(815301076,1909f56bfc062723c751e8b465ee728b)
Start importing Assets/Models/Materials/Sand.mat using Guid(2287193c904aa467da10cd874842d6bf) Importer(815301076,1909f56bfc062723c751e8b465ee728b) (PreviewImporter) -> (artifact id: '3c3f4cc22cb5e19987dc4fde35097635') in 0.137472334 seconds
Number of updated asset objects reloaded before import = 0Number of asset objects unloaded after import = 2

========================================================================
Received Prepare
Begin MonoManager ReloadAssembly
[Licensing::Client] Successfully resolved entitlement details
[Licensing::Module] License group:
  Id: E4-DBUH-QKTY-V8AZ-2FZA-XXXX
  Product: Unity Education
  Type: ULF
  Expiration: 2027-03-06T23:46:27Z
[Licensing::Module] License group:
  Id: 6872783040574-inesna-UnityProStuXXXX
  Product: Unity Student
  Type: Assigned
  Expiration: 2027-09-28T14:48:01Z
Thread 0x16d6bf000 may have been prematurely finalized
- Loaded All Assemblies, in  0.874 seconds
Refreshing native plugins compatible for Editor in 0.58 ms, found 1 plugins.
Native extension for iOS target not found
Native extension for Android target not found
Native extension for WindowsStandalone target not found
Native extension for OSXStandalone target not found
Native extension for WebGL target not found
[Package Manager] Failed to launch server process. Reason: Unity was launched with the -noUpm command-line argument
[Package Manager] Unable to send message (not connected to server process).
[Package Manager] Cannot connect to Unity Package Manager local server
Mono: successfully reloaded assembly
- Finished resetting the current domain, in  1.375 seconds
Domain Reload Profiling: 2254ms
	BeginReloadAssembly (218ms)
		ExecutionOrderSort (0ms)
		DisableScriptedObjects (11ms)
		BackupInstance (0ms)
		ReleaseScriptingObjects (0ms)
		CreateAndSetChildDomain (74ms)
	RebuildCommonClasses (36ms)
	RebuildNativeTypeToScriptingClass (15ms)
	initialDomainReloadingComplete (24ms)
	LoadAllAssembliesAndSetupDomain (586ms)
		LoadAssemblies (361ms)
		RebuildTransferFunctionScriptingTraits (0ms)
		AnalyzeDomain (297ms)
			TypeCache.Refresh (50ms)
				TypeCache.ScanAssembly (0ms)
			BuildScriptInfoCaches (219ms)
			ResolveRequiredComponents (17ms)
	FinalizeReload (1375ms)
		ReleaseScriptCaches (0ms)
		RebuildScriptCaches (0ms)
		SetupLoadedEditorAssemblies (1172ms)
			LogAssemblyErrors (0ms)
			InitializePlatformSupportModulesInManaged (41ms)
			SetLoadedEditorAssemblies (5ms)
			BeforeProcessingInitializeOnLoad (383ms)
			ProcessInitializeOnLoadAttributes (628ms)
			ProcessInitializeOnLoadMethodAttributes (113ms)
			AfterProcessingInitializeOnLoad (2ms)
			EditorAssembliesLoaded (1ms)
		ExecutionOrderSort2 (0ms)
		AwakeInstancesAfterBackupRestoration (8ms)
WARNING: Shader Unsupported: 'Hidden/Universal Render Pipeline/Terrain/Lit (Base Pass)' - All subshaders removed
WARNING: Shader Did you use #pragma only_renderers and omit this platform?
WARNING: Shader If subshaders removal was intentional, you may have forgotten turning Fallback off?
WARNING: Shader Unsupported: 'Hidden/Universal Render Pipeline/Terrain/Lit (Base Pass)' - All subshaders removed
WARNING: Shader Did you use #pragma only_renderers and omit this platform?
WARNING: Shader If subshaders removal was intentional, you may have forgotten turning Fallback off?
WARNING: Shader Unsupported: 'Universal Render Pipeline/VR/SpatialMapping/Wireframe' - All subshaders removed
WARNING: Shader Did you use #pragma only_renderers and omit this platform?
WARNING: Shader If subshaders removal was intentional, you may have forgotten turning Fallback off?
WARNING: Shader Unsupported: 'Universal Render Pipeline/VR/SpatialMapping/Wireframe' - All subshaders removed
WARNING: Shader Did you use #pragma only_renderers and omit this platform?
WARNING: Shader If subshaders removal was intentional, you may have forgotten turning Fallback off?
WARNING: Shader Unsupported: 'Universal Render Pipeline/Terrain/Lit' - All subshaders removed
WARNING: Shader Did you use #pragma only_renderers and omit this platform?
WARNING: Shader If subshaders removal was intentional, you may have forgotten turning Fallback off?
WARNING: Shader Unsupported: 'Universal Render Pipeline/Terrain/Lit' - All subshaders removed
WARNING: Shader Did you use #pragma only_renderers and omit this platform?
WARNING: Shader If subshaders removal was intentional, you may have forgotten turning Fallback off?
Refreshing native plugins compatible for Editor in 0.93 ms, found 1 plugins.
Preloading 0 native plugins for Editor in 0.00 ms.
Unloading 46 Unused Serialized files (Serialized files now loaded: 0)
Unloading 6207 unused Assets / (4.4 MB). Loaded Objects now: 6904.
Memory consumption went from 145.0 MB to 140.6 MB.
Total: 25.423125 ms (FindLiveObjects: 1.572292 ms CreateObjectMapping: 1.613458 ms MarkObjects: 15.731458 ms  DeleteObjects: 6.504291 ms)

Prepare: number of updated asset objects reloaded= 0
========================================================================
Received Prepare
Begin MonoManager ReloadAssembly
Thread 0x16d6bf000 may have been prematurely finalized
- Loaded All Assemblies, in  0.849 seconds
Refreshing native plugins compatible for Editor in 0.45 ms, found 1 plugins.
Native extension for iOS target not found
2026-10-01 14:36:26.815 Unity[27091:6535892] [XcodeApplications] Failed to read NSDictionary from path HW\/Contents/Info.plist
Native extension for Android target not found
Native extension for WindowsStandalone target not found
Native extension for OSXStandalone target not found
Native extension for WebGL target not found
[Package Manager] Failed to launch server process. Reason: Unity was launched with the -noUpm command-line argument
[Package Manager] Unable to send message (not connected to server process).
[Package Manager] Cannot connect to Unity Package Manager local server
Mono: successfully reloaded assembly
- Finished resetting the current domain, in  1.499 seconds
Domain Reload Profiling: 2359ms
	BeginReloadAssembly (196ms)
		ExecutionOrderSort (0ms)
		DisableScriptedObjects (8ms)
		BackupInstance (0ms)
		ReleaseScriptingObjects (0ms)
		CreateAndSetChildDomain (66ms)
	RebuildCommonClasses (36ms)
	RebuildNativeTypeToScriptingClass (15ms)
	initialDomainReloadingComplete (20ms)
	LoadAllAssembliesAndSetupDomain (591ms)
		LoadAssemblies (407ms)
		RebuildTransferFunctionScriptingTraits (0ms)
		AnalyzeDomain (247ms)
			TypeCache.Refresh (15ms)
				TypeCache.ScanAssembly (0ms)
			BuildScriptInfoCaches (204ms)
			ResolveRequiredComponents (17ms)
	FinalizeReload (1500ms)
		ReleaseScriptCaches (0ms)
		RebuildScriptCaches (0ms)
		SetupLoadedEditorAssemblies (1288ms)
			LogAssemblyErrors (0ms)
			InitializePlatformSupportModulesInManaged (52ms)
			SetLoadedEditorAssemblies (7ms)
			BeforeProcessingInitializeOnLoad (408ms)
			ProcessInitializeOnLoadAttributes (700ms)
			ProcessInitializeOnLoadMethodAttributes (119ms)
			AfterProcessingInitializeOnLoad (2ms)
			EditorAssembliesLoaded (1ms)
		ExecutionOrderSort2 (0ms)
		AwakeInstancesAfterBackupRestoration (6ms)
WARNING: Shader Unsupported: 'Hidden/Universal Render Pipeline/Terrain/Lit (Base Pass)' - All subshaders removed
WARNING: Shader Did you use #pragma only_renderers and omit this platform?
WARNING: Shader If subshaders removal was intentional, you may have forgotten turning Fallback off?
WARNING: Shader Unsupported: 'Hidden/Universal Render Pipeline/Terrain/Lit (Base Pass)' - All subshaders removed
WARNING: Shader Did you use #pragma only_renderers and omit this platform?
WARNING: Shader If subshaders removal was intentional, you may have forgotten turning Fallback off?
WARNING: Shader Unsupported: 'Universal Render Pipeline/VR/SpatialMapping/Wireframe' - All subshaders removed
WARNING: Shader Did you use #pragma only_renderers and omit this platform?
WARNING: Shader If subshaders removal was intentional, you may have forgotten turning Fallback off?
WARNING: Shader Unsupported: 'Universal Render Pipeline/VR/SpatialMapping/Wireframe' - All subshaders removed
WARNING: Shader Did you use #pragma only_renderers and omit this platform?
WARNING: Shader If subshaders removal was intentional, you may have forgotten turning Fallback off?
WARNING: Shader Unsupported: 'Universal Render Pipeline/Terrain/Lit' - All subshaders removed
WARNING: Shader Did you use #pragma only_renderers and omit this platform?
WARNING: Shader If subshaders removal was intentional, you may have forgotten turning Fallback off?
WARNING: Shader Unsupported: 'Universal Render Pipeline/Terrain/Lit' - All subshaders removed
WARNING: Shader Did you use #pragma only_renderers and omit this platform?
WARNING: Shader If subshaders removal was intentional, you may have forgotten turning Fallback off?
Refreshing native plugins compatible for Editor in 0.96 ms, found 1 plugins.
Preloading 0 native plugins for Editor in 0.00 ms.
Unloading 46 Unused Serialized files (Serialized files now loaded: 0)
Unloading 6207 unused Assets / (5.2 MB). Loaded Objects now: 6907.
Memory consumption went from 144.8 MB to 139.6 MB.
Total: 32.887375 ms (FindLiveObjects: 1.525125 ms CreateObjectMapping: 0.588334 ms MarkObjects: 25.403875 ms  DeleteObjects: 5.367666 ms)

Prepare: number of updated asset objects reloaded= 0
========================================================================
Received Import Request.
  Time since last request: 485.379633 seconds.
  path: Assets/Scripts/FollowWP.cs
  artifactKey: Guid(fa40b3335edfe834097929e9162e41d1) Importer(815301076,1909f56bfc062723c751e8b465ee728b)
Start importing Assets/Scripts/FollowWP.cs using Guid(fa40b3335edfe834097929e9162e41d1) Importer(815301076,1909f56bfc062723c751e8b465ee728b) (PreviewImporter) -> (artifact id: '0129da2e8b736c117edd493160b04959') in 0.197269834 seconds
Number of updated asset objects reloaded before import = 0Number of asset objects unloaded after import = 0

========================================================================
Received Import Request.
  Time since last request: 2.218739 seconds.
  path: Assets/TankRacing.unity
  artifactKey: Guid(2a334138a2ba04f5aa973bdfc10cd12d) Importer(2089858483,b0f066a214c2f5e87bad3c948f4d605d)
Start importing Assets/TankRacing.unity using Guid(2a334138a2ba04f5aa973bdfc10cd12d) Importer(2089858483,b0f066a214c2f5e87bad3c948f4d605d) (ScriptedImporter) -> (artifact id: 'ec9418384e16674fa9893d46fb056e78') in 0.350387333 seconds
Number of updated asset objects reloaded before import = 0Number of asset objects unloaded after import = 1

========================================================================
Received Import Request.
  Time since last request: 0.000100 seconds.
  path: Assets/Scripts/FollowWP.cs
  artifactKey: Guid(fa40b3335edfe834097929e9162e41d1) Importer(2089858483,b0f066a214c2f5e87bad3c948f4d605d)
Start importing Assets/Scripts/FollowWP.cs using Guid(fa40b3335edfe834097929e9162e41d1) Importer(2089858483,b0f066a214c2f5e87bad3c948f4d605d) (ScriptedImporter) -> (artifact id: '3b126dfdea5946903c124cc7cb12fd60') in 0.220377834 seconds
Number of updated asset objects reloaded before import = 0Number of asset objects unloaded after import = 0

========================================================================
Received Import Request.
  Time since last request: 0.000087 seconds.
  path: Assets/Materials/Sand.mat
  artifactKey: Guid(8661ec9df5b994b458273469fdf76170) Importer(2089858483,b0f066a214c2f5e87bad3c948f4d605d)
Start importing Assets/Materials/Sand.mat using Guid(8661ec9df5b994b458273469fdf76170) Importer(2089858483,b0f066a214c2f5e87bad3c948f4d605d) (ScriptedImporter) -> (artifact id: '59ba10bf610a99bcb40bc1e9e587ea45') in 0.073284292 seconds
Number of updated asset objects reloaded before import = 0Number of asset objects unloaded after import = 3

========================================================================
Received Import Request.
  Time since last request: 0.000039 seconds.
  path: Assets/Materials
  artifactKey: Guid(b8866c673a796405a9375f549474d241) Importer(2089858483,b0f066a214c2f5e87bad3c948f4d605d)
Start importing Assets/Materials using Guid(b8866c673a796405a9375f549474d241) Importer(2089858483,b0f066a214c2f5e87bad3c948f4d605d) (ScriptedImporter) -> (artifact id: 'f3d0ec04d4fc661bdf234e6989e95fb2') in 0.004983541 seconds
Number of updated asset objects reloaded before import = 0Number of asset objects unloaded after import = 1

========================================================================
Received Prepare
WARNING: Shader Unsupported: 'Hidden/Universal Render Pipeline/Terrain/Lit (Base Pass)' - All subshaders removed
WARNING: Shader Did you use #pragma only_renderers and omit this platform?
WARNING: Shader If subshaders removal was intentional, you may have forgotten turning Fallback off?
WARNING: Shader Unsupported: 'Hidden/Universal Render Pipeline/Terrain/Lit (Base Pass)' - All subshaders removed
WARNING: Shader Did you use #pragma only_renderers and omit this platform?
WARNING: Shader If subshaders removal was intentional, you may have forgotten turning Fallback off?
WARNING: Shader Unsupported: 'Universal Render Pipeline/VR/SpatialMapping/Wireframe' - All subshaders removed
WARNING: Shader Did you use #pragma only_renderers and omit this platform?
WARNING: Shader If subshaders removal was intentional, you may have forgotten turning Fallback off?
WARNING: Shader Unsupported: 'Universal Render Pipeline/VR/SpatialMapping/Wireframe' - All subshaders removed
WARNING: Shader Did you use #pragma only_renderers and omit this platform?
WARNING: Shader If subshaders removal was intentional, you may have forgotten turning Fallback off?
WARNING: Shader Unsupported: 'Universal Render Pipeline/Terrain/Lit' - All subshaders removed
WARNING: Shader Did you use #pragma only_renderers and omit this platform?
WARNING: Shader If subshaders removal was intentional, you may have forgotten turning Fallback off?
WARNING: Shader Unsupported: 'Universal Render Pipeline/Terrain/Lit' - All subshaders removed
WARNING: Shader Did you use #pragma only_renderers and omit this platform?
WARNING: Shader If subshaders removal was intentional, you may have forgotten turning Fallback off?
Refreshing native plugins compatible for Editor in 0.56 ms, found 1 plugins.
Preloading 0 native plugins for Editor in 0.00 ms.
Unloading 46 Unused Serialized files (Serialized files now loaded: 0)
Unloading 6201 unused Assets / (6.3 MB). Loaded Objects now: 6907.
Memory consumption went from 137.8 MB to 131.5 MB.
Total: 41.172875 ms (FindLiveObjects: 1.052375 ms CreateObjectMapping: 0.214166 ms MarkObjects: 36.917875 ms  DeleteObjects: 2.988083 ms)

Prepare: number of updated asset objects reloaded= 0
========================================================================
Received Import Request.
  Time since last request: 10.151385 seconds.
  path: Assets/Scripts/SeguirWP.cs
  artifactKey: Guid(fa40b3335edfe834097929e9162e41d1) Importer(2089858483,b0f066a214c2f5e87bad3c948f4d605d)
Start importing Assets/Scripts/SeguirWP.cs using Guid(fa40b3335edfe834097929e9162e41d1) Importer(2089858483,b0f066a214c2f5e87bad3c948f4d605d) (ScriptedImporter) -> (artifact id: '7a06779a17dc15d6d7f1f49f3bc4f3e7') in 0.013409292 seconds
Number of updated asset objects reloaded before import = 0Number of asset objects unloaded after import = 0

========================================================================
Received Prepare
Begin MonoManager ReloadAssembly
[Licensing::Client] Successfully resolved entitlement details
[Licensing::Module] License group:
  Id: E4-DBUH-QKTY-V8AZ-2FZA-XXXX
  Product: Unity Education
  Type: ULF
  Expiration: 2027-03-06T23:46:27Z
[Licensing::Module] License group:
  Id: 6872783040574-inesna-UnityProStuXXXX
  Product: Unity Student
  Type: Assigned
  Expiration: 2027-09-28T14:48:01Z
Thread 0x16d6bf000 may have been prematurely finalized
- Loaded All Assemblies, in  1.594 seconds
Refreshing native plugins compatible for Editor in 2.82 ms, found 1 plugins.
Native extension for iOS target not found
2026-10-01 14:44:05.757 Unity[27091:6535892] [XcodeApplications] Failed to read NSDictionary from path H7^/Contents/Info.plist
Native extension for Android target not found
Native extension for WindowsStandalone target not found
Native extension for OSXStandalone target not found
Native extension for WebGL target not found
[Package Manager] Failed to launch server process. Reason: Unity was launched with the -noUpm command-line argument
[Package Manager] Unable to send message (not connected to server process).
[Package Manager] Cannot connect to Unity Package Manager local server
Mono: successfully reloaded assembly
- Finished resetting the current domain, in  0.906 seconds
Domain Reload Profiling: 2505ms
	BeginReloadAssembly (717ms)
		ExecutionOrderSort (0ms)
		DisableScriptedObjects (18ms)
		BackupInstance (0ms)
		ReleaseScriptingObjects (1ms)
		CreateAndSetChildDomain (188ms)
	RebuildCommonClasses (48ms)
	RebuildNativeTypeToScriptingClass (18ms)
	initialDomainReloadingComplete (30ms)
	LoadAllAssembliesAndSetupDomain (786ms)
		LoadAssemblies (889ms)
		RebuildTransferFunctionScriptingTraits (0ms)
		AnalyzeDomain (309ms)
			TypeCache.Refresh (52ms)
				TypeCache.ScanAssembly (0ms)
			BuildScriptInfoCaches (236ms)
			ResolveRequiredComponents (14ms)
	FinalizeReload (906ms)
		ReleaseScriptCaches (0ms)
		RebuildScriptCaches (0ms)
		SetupLoadedEditorAssemblies (742ms)
			LogAssemblyErrors (0ms)
			InitializePlatformSupportModulesInManaged (99ms)
			SetLoadedEditorAssemblies (4ms)
			BeforeProcessingInitializeOnLoad (192ms)
			ProcessInitializeOnLoadAttributes (398ms)
			ProcessInitializeOnLoadMethodAttributes (48ms)
			AfterProcessingInitializeOnLoad (1ms)
			EditorAssembliesLoaded (0ms)
		ExecutionOrderSort2 (0ms)
		AwakeInstancesAfterBackupRestoration (3ms)
WARNING: Shader Unsupported: 'Hidden/Universal Render Pipeline/Terrain/Lit (Base Pass)' - All subshaders removed
WARNING: Shader Did you use #pragma only_renderers and omit this platform?
WARNING: Shader If subshaders removal was intentional, you may have forgotten turning Fallback off?
WARNING: Shader Unsupported: 'Hidden/Universal Render Pipeline/Terrain/Lit (Base Pass)' - All subshaders removed
WARNING: Shader Did you use #pragma only_renderers and omit this platform?
WARNING: Shader If subshaders removal was intentional, you may have forgotten turning Fallback off?
WARNING: Shader Unsupported: 'Universal Render Pipeline/VR/SpatialMapping/Wireframe' - All subshaders removed
WARNING: Shader Did you use #pragma only_renderers and omit this platform?
WARNING: Shader If subshaders removal was intentional, you may have forgotten turning Fallback off?
WARNING: Shader Unsupported: 'Universal Render Pipeline/VR/SpatialMapping/Wireframe' - All subshaders removed
WARNING: Shader Did you use #pragma only_renderers and omit this platform?
WARNING: Shader If subshaders removal was intentional, you may have forgotten turning Fallback off?
WARNING: Shader Unsupported: 'Universal Render Pipeline/Terrain/Lit' - All subshaders removed
WARNING: Shader Did you use #pragma only_renderers and omit this platform?
WARNING: Shader If subshaders removal was intentional, you may have forgotten turning Fallback off?
WARNING: Shader Unsupported: 'Universal Render Pipeline/Terrain/Lit' - All subshaders removed
WARNING: Shader Did you use #pragma only_renderers and omit this platform?
WARNING: Shader If subshaders removal was intentional, you may have forgotten turning Fallback off?
Refreshing native plugins compatible for Editor in 0.75 ms, found 1 plugins.
Preloading 0 native plugins for Editor in 0.00 ms.
Unloading 46 Unused Serialized files (Serialized files now loaded: 0)
Unloading 6207 unused Assets / (4.2 MB). Loaded Objects now: 6910.
Memory consumption went from 144.8 MB to 140.6 MB.
Total: 13.045666 ms (FindLiveObjects: 0.667958 ms CreateObjectMapping: 0.278875 ms MarkObjects: 9.640000 ms  DeleteObjects: 2.458250 ms)

Prepare: number of updated asset objects reloaded= 0
========================================================================
Received Prepare
Begin MonoManager ReloadAssembly
Thread 0x16da07000 may have been prematurely finalized
- Loaded All Assemblies, in  0.755 seconds
Refreshing native plugins compatible for Editor in 0.44 ms, found 1 plugins.
Native extension for iOS target not found
Native extension for Android target not found
Native extension for WindowsStandalone target not found
Native extension for OSXStandalone target not found
Native extension for WebGL target not found
[Package Manager] Failed to launch server process. Reason: Unity was launched with the -noUpm command-line argument
[Package Manager] Unable to send message (not connected to server process).
[Package Manager] Cannot connect to Unity Package Manager local server
Mono: successfully reloaded assembly
- Finished resetting the current domain, in  1.253 seconds
Domain Reload Profiling: 2013ms
	BeginReloadAssembly (176ms)
		ExecutionOrderSort (0ms)
		DisableScriptedObjects (5ms)
		BackupInstance (0ms)
		ReleaseScriptingObjects (0ms)
		CreateAndSetChildDomain (43ms)
	RebuildCommonClasses (39ms)
	RebuildNativeTypeToScriptingClass (16ms)
	initialDomainReloadingComplete (24ms)
	LoadAllAssembliesAndSetupDomain (504ms)
		LoadAssemblies (358ms)
		RebuildTransferFunctionScriptingTraits (0ms)
		AnalyzeDomain (231ms)
			TypeCache.Refresh (15ms)
				TypeCache.ScanAssembly (0ms)
			BuildScriptInfoCaches (187ms)
			ResolveRequiredComponents (23ms)
	FinalizeReload (1255ms)
		ReleaseScriptCaches (0ms)
		RebuildScriptCaches (0ms)
		SetupLoadedEditorAssemblies (1062ms)
			LogAssemblyErrors (0ms)
			InitializePlatformSupportModulesInManaged (83ms)
			SetLoadedEditorAssemblies (7ms)
			BeforeProcessingInitializeOnLoad (256ms)
			ProcessInitializeOnLoadAttributes (605ms)
			ProcessInitializeOnLoadMethodAttributes (108ms)
			AfterProcessingInitializeOnLoad (2ms)
			EditorAssembliesLoaded (1ms)
		ExecutionOrderSort2 (0ms)
		AwakeInstancesAfterBackupRestoration (9ms)
WARNING: Shader Unsupported: 'Hidden/Universal Render Pipeline/Terrain/Lit (Base Pass)' - All subshaders removed
WARNING: Shader Did you use #pragma only_renderers and omit this platform?
WARNING: Shader If subshaders removal was intentional, you may have forgotten turning Fallback off?
WARNING: Shader Unsupported: 'Hidden/Universal Render Pipeline/Terrain/Lit (Base Pass)' - All subshaders removed
WARNING: Shader Did you use #pragma only_renderers and omit this platform?
WARNING: Shader If subshaders removal was intentional, you may have forgotten turning Fallback off?
WARNING: Shader Unsupported: 'Universal Render Pipeline/VR/SpatialMapping/Wireframe' - All subshaders removed
WARNING: Shader Did you use #pragma only_renderers and omit this platform?
WARNING: Shader If subshaders removal was intentional, you may have forgotten turning Fallback off?
WARNING: Shader Unsupported: 'Universal Render Pipeline/VR/SpatialMapping/Wireframe' - All subshaders removed
WARNING: Shader Did you use #pragma only_renderers and omit this platform?
WARNING: Shader If subshaders removal was intentional, you may have forgotten turning Fallback off?
WARNING: Shader Unsupported: 'Universal Render Pipeline/Terrain/Lit' - All subshaders removed
WARNING: Shader Did you use #pragma only_renderers and omit this platform?
WARNING: Shader If subshaders removal was intentional, you may have forgotten turning Fallback off?
WARNING: Shader Unsupported: 'Universal Render Pipeline/Terrain/Lit' - All subshaders removed
WARNING: Shader Did you use #pragma only_renderers and omit this platform?
WARNING: Shader If subshaders removal was intentional, you may have forgotten turning Fallback off?
Refreshing native plugins compatible for Editor in 1.28 ms, found 1 plugins.
Preloading 0 native plugins for Editor in 0.00 ms.
Unloading 46 Unused Serialized files (Serialized files now loaded: 0)
Unloading 6207 unused Assets / (5.0 MB). Loaded Objects now: 6913.
Memory consumption went from 144.6 MB to 139.6 MB.
Total: 27.813625 ms (FindLiveObjects: 2.942250 ms CreateObjectMapping: 1.751500 ms MarkObjects: 15.404208 ms  DeleteObjects: 7.713584 ms)

Prepare: number of updated asset objects reloaded= 0
========================================================================
Received Import Request.
  Time since last request: 20.321574 seconds.
  path: Assets/Scripts/SeguirWP.cs
  artifactKey: Guid(fa40b3335edfe834097929e9162e41d1) Importer(815301076,1909f56bfc062723c751e8b465ee728b)
Start importing Assets/Scripts/SeguirWP.cs using Guid(fa40b3335edfe834097929e9162e41d1) Importer(815301076,1909f56bfc062723c751e8b465ee728b) (PreviewImporter) -> (artifact id: '00000000000000000000000000000000') in 0.006847917 seconds
Import Error Code:(4)
Message: Build asset version error: assets/scripts/seguirwp.cs in SourceAssetDB has modification time of '2025-10-29T19:09:46Z' while content on disk has modification time of '2026-10-01T13:43:59Z'
  ERROR: Build asset version error: assets/scripts/seguirwp.cs in SourceAssetDB has modification time of '2025-10-29T19:09:46Z' while content on disk has modification time of '2026-10-01T13:43:59Z'
Number of updated asset objects reloaded before import = 0Number of asset objects unloaded after import = 0

========================================================================
Received Import Request.
  Time since last request: 0.020426 seconds.
  path: Assets/Scripts/SeguirWP.cs
  artifactKey: Guid(fa40b3335edfe834097929e9162e41d1) Importer(815301076,1909f56bfc062723c751e8b465ee728b)
Start importing Assets/Scripts/SeguirWP.cs using Guid(fa40b3335edfe834097929e9162e41d1) Importer(815301076,1909f56bfc062723c751e8b465ee728b) (PreviewImporter) -> (artifact id: '00000000000000000000000000000000') in 0.001617417 seconds
Import Error Code:(4)
Message: Build asset version error: assets/scripts/seguirwp.cs in SourceAssetDB has modification time of '2025-10-29T19:09:46Z' while content on disk has modification time of '2026-10-01T13:43:59Z'
  ERROR: Build asset version error: assets/scripts/seguirwp.cs in SourceAssetDB has modification time of '2025-10-29T19:09:46Z' while content on disk has modification time of '2026-10-01T13:43:59Z'
Number of updated asset objects reloaded before import = 0Number of asset objects unloaded after import = 0

========================================================================
Received Import Request.
  Time since last request: 0.017263 seconds.
  path: Assets/Scripts/SeguirWP.cs
  artifactKey: Guid(fa40b3335edfe834097929e9162e41d1) Importer(815301076,1909f56bfc062723c751e8b465ee728b)
Start importing Assets/Scripts/SeguirWP.cs using Guid(fa40b3335edfe834097929e9162e41d1) Importer(815301076,1909f56bfc062723c751e8b465ee728b) (PreviewImporter) -> (artifact id: '00000000000000000000000000000000') in 0.00151775 seconds
Import Error Code:(4)
Message: Build asset version error: assets/scripts/seguirwp.cs in SourceAssetDB has modification time of '2025-10-29T19:09:46Z' while content on disk has modification time of '2026-10-01T13:43:59Z'
  ERROR: Build asset version error: assets/scripts/seguirwp.cs in SourceAssetDB has modification time of '2025-10-29T19:09:46Z' while content on disk has modification time of '2026-10-01T13:43:59Z'
Number of updated asset objects reloaded before import = 0Number of asset objects unloaded after import = 0

========================================================================
Received Import Request.
  Time since last request: 0.004579 seconds.
  path: Assets/Scripts/SeguirWP.cs
  artifactKey: Guid(fa40b3335edfe834097929e9162e41d1) Importer(815301076,1909f56bfc062723c751e8b465ee728b)
Start importing Assets/Scripts/SeguirWP.cs using Guid(fa40b3335edfe834097929e9162e41d1) Importer(815301076,1909f56bfc062723c751e8b465ee728b) (PreviewImporter) -> (artifact id: '00000000000000000000000000000000') in 0.001420375 seconds
Import Error Code:(4)
Message: Build asset version error: assets/scripts/seguirwp.cs in SourceAssetDB has modification time of '2025-10-29T19:09:46Z' while content on disk has modification time of '2026-10-01T13:43:59Z'
  ERROR: Build asset version error: assets/scripts/seguirwp.cs in SourceAssetDB has modification time of '2025-10-29T19:09:46Z' while content on disk has modification time of '2026-10-01T13:43:59Z'
Number of updated asset objects reloaded before import = 0Number of asset objects unloaded after import = 0

========================================================================
Received Import Request.
  Time since last request: 0.014351 seconds.
  path: Assets/Scripts/SeguirWP.cs
  artifactKey: Guid(fa40b3335edfe834097929e9162e41d1) Importer(815301076,1909f56bfc062723c751e8b465ee728b)
Start importing Assets/Scripts/SeguirWP.cs using Guid(fa40b3335edfe834097929e9162e41d1) Importer(815301076,1909f56bfc062723c751e8b465ee728b) (PreviewImporter) -> (artifact id: '00000000000000000000000000000000') in 0.001083042 seconds
Import Error Code:(4)
Message: Build asset version error: assets/scripts/seguirwp.cs in SourceAssetDB has modification time of '2025-10-29T19:09:46Z' while content on disk has modification time of '2026-10-01T13:43:59Z'
  ERROR: Build asset version error: assets/scripts/seguirwp.cs in SourceAssetDB has modification time of '2025-10-29T19:09:46Z' while content on disk has modification time of '2026-10-01T13:43:59Z'
Number of updated asset objects reloaded before import = 0Number of asset objects unloaded after import = 0

========================================================================
Received Import Request.
  Time since last request: 0.010583 seconds.
  path: Assets/Scripts/SeguirWP.cs
  artifactKey: Guid(fa40b3335edfe834097929e9162e41d1) Importer(815301076,1909f56bfc062723c751e8b465ee728b)
Start importing Assets/Scripts/SeguirWP.cs using Guid(fa40b3335edfe834097929e9162e41d1) Importer(815301076,1909f56bfc062723c751e8b465ee728b) (PreviewImporter) -> (artifact id: '00000000000000000000000000000000') in 0.001386 seconds
Import Error Code:(4)
Message: Build asset version error: assets/scripts/seguirwp.cs in SourceAssetDB has modification time of '2025-10-29T19:09:46Z' while content on disk has modification time of '2026-10-01T13:43:59Z'
  ERROR: Build asset version error: assets/scripts/seguirwp.cs in SourceAssetDB has modification time of '2025-10-29T19:09:46Z' while content on disk has modification time of '2026-10-01T13:43:59Z'
Number of updated asset objects reloaded before import = 0Number of asset objects unloaded after import = 0

========================================================================
Received Import Request.
  Time since last request: 0.012825 seconds.
  path: Assets/Scripts/SeguirWP.cs
  artifactKey: Guid(fa40b3335edfe834097929e9162e41d1) Importer(815301076,1909f56bfc062723c751e8b465ee728b)
Start importing Assets/Scripts/SeguirWP.cs using Guid(fa40b3335edfe834097929e9162e41d1) Importer(815301076,1909f56bfc062723c751e8b465ee728b) (PreviewImporter) -> (artifact id: '00000000000000000000000000000000') in 0.000840167 seconds
Import Error Code:(4)
Message: Build asset version error: assets/scripts/seguirwp.cs in SourceAssetDB has modification time of '2025-10-29T19:09:46Z' while content on disk has modification time of '2026-10-01T13:43:59Z'
  ERROR: Build asset version error: assets/scripts/seguirwp.cs in SourceAssetDB has modification time of '2025-10-29T19:09:46Z' while content on disk has modification time of '2026-10-01T13:43:59Z'
Number of updated asset objects reloaded before import = 0Number of asset objects unloaded after import = 0

========================================================================
Received Import Request.
  Time since last request: 0.003599 seconds.
  path: Assets/Scripts/SeguirWP.cs
  artifactKey: Guid(fa40b3335edfe834097929e9162e41d1) Importer(815301076,1909f56bfc062723c751e8b465ee728b)
Start importing Assets/Scripts/SeguirWP.cs using Guid(fa40b3335edfe834097929e9162e41d1) Importer(815301076,1909f56bfc062723c751e8b465ee728b) (PreviewImporter) -> (artifact id: '00000000000000000000000000000000') in 0.003596792 seconds
Import Error Code:(4)
Message: Build asset version error: assets/scripts/seguirwp.cs in SourceAssetDB has modification time of '2025-10-29T19:09:46Z' while content on disk has modification time of '2026-10-01T13:43:59Z'
  ERROR: Build asset version error: assets/scripts/seguirwp.cs in SourceAssetDB has modification time of '2025-10-29T19:09:46Z' while content on disk has modification time of '2026-10-01T13:43:59Z'
Number of updated asset objects reloaded before import = 0Number of asset objects unloaded after import = 0

========================================================================
Received Import Request.
  Time since last request: 0.011845 seconds.
  path: Assets/Scripts/SeguirWP.cs
  artifactKey: Guid(fa40b3335edfe834097929e9162e41d1) Importer(815301076,1909f56bfc062723c751e8b465ee728b)
Start importing Assets/Scripts/SeguirWP.cs using Guid(fa40b3335edfe834097929e9162e41d1) Importer(815301076,1909f56bfc062723c751e8b465ee728b) (PreviewImporter) -> (artifact id: '00000000000000000000000000000000') in 0.000902334 seconds
Import Error Code:(4)
Message: Build asset version error: assets/scripts/seguirwp.cs in SourceAssetDB has modification time of '2025-10-29T19:09:46Z' while content on disk has modification time of '2026-10-01T13:43:59Z'
  ERROR: Build asset version error: assets/scripts/seguirwp.cs in SourceAssetDB has modification time of '2025-10-29T19:09:46Z' while content on disk has modification time of '2026-10-01T13:43:59Z'
Number of updated asset objects reloaded before import = 0Number of asset objects unloaded after import = 0

========================================================================
Received Import Request.
  Time since last request: 0.018460 seconds.
  path: Assets/Scripts/SeguirWP.cs
  artifactKey: Guid(fa40b3335edfe834097929e9162e41d1) Importer(815301076,1909f56bfc062723c751e8b465ee728b)
Start importing Assets/Scripts/SeguirWP.cs using Guid(fa40b3335edfe834097929e9162e41d1) Importer(815301076,1909f56bfc062723c751e8b465ee728b) (PreviewImporter) -> (artifact id: '00000000000000000000000000000000') in 0.000736708 seconds
Import Error Code:(4)
Message: Build asset version error: assets/scripts/seguirwp.cs in SourceAssetDB has modification time of '2025-10-29T19:09:46Z' while content on disk has modification time of '2026-10-01T13:43:59Z'
  ERROR: Build asset version error: assets/scripts/seguirwp.cs in SourceAssetDB has modification time of '2025-10-29T19:09:46Z' while content on disk has modification time of '2026-10-01T13:43:59Z'
Number of updated asset objects reloaded before import = 0Number of asset objects unloaded after import = 0

========================================================================
Received Import Request.
  Time since last request: 0.005285 seconds.
  path: Assets/Scripts/SeguirWP.cs
  artifactKey: Guid(fa40b3335edfe834097929e9162e41d1) Importer(815301076,1909f56bfc062723c751e8b465ee728b)
Start importing Assets/Scripts/SeguirWP.cs using Guid(fa40b3335edfe834097929e9162e41d1) Importer(815301076,1909f56bfc062723c751e8b465ee728b) (PreviewImporter) -> (artifact id: '00000000000000000000000000000000') in 0.000752417 seconds
Import Error Code:(4)
Message: Build asset version error: assets/scripts/seguirwp.cs in SourceAssetDB has modification time of '2025-10-29T19:09:46Z' while content on disk has modification time of '2026-10-01T13:43:59Z'
  ERROR: Build asset version error: assets/scripts/seguirwp.cs in SourceAssetDB has modification time of '2025-10-29T19:09:46Z' while content on disk has modification time of '2026-10-01T13:43:59Z'
Number of updated asset objects reloaded before import = 0Number of asset objects unloaded after import = 0

========================================================================
Received Import Request.
  Time since last request: 0.007858 seconds.
  path: Assets/Scripts/SeguirWP.cs
  artifactKey: Guid(fa40b3335edfe834097929e9162e41d1) Importer(815301076,1909f56bfc062723c751e8b465ee728b)
Start importing Assets/Scripts/SeguirWP.cs using Guid(fa40b3335edfe834097929e9162e41d1) Importer(815301076,1909f56bfc062723c751e8b465ee728b) (PreviewImporter) -> (artifact id: '00000000000000000000000000000000') in 0.000709958 seconds
Import Error Code:(4)
Message: Build asset version error: assets/scripts/seguirwp.cs in SourceAssetDB has modification time of '2025-10-29T19:09:46Z' while content on disk has modification time of '2026-10-01T13:43:59Z'
  ERROR: Build asset version error: assets/scripts/seguirwp.cs in SourceAssetDB has modification time of '2025-10-29T19:09:46Z' while content on disk has modification time of '2026-10-01T13:43:59Z'
Number of updated asset objects reloaded before import = 0Number of asset objects unloaded after import = 0

========================================================================
Received Import Request.
  Time since last request: 0.002958 seconds.
  path: Assets/Scripts/SeguirWP.cs
  artifactKey: Guid(fa40b3335edfe834097929e9162e41d1) Importer(815301076,1909f56bfc062723c751e8b465ee728b)
Start importing Assets/Scripts/SeguirWP.cs using Guid(fa40b3335edfe834097929e9162e41d1) Importer(815301076,1909f56bfc062723c751e8b465ee728b) (PreviewImporter) -> (artifact id: '00000000000000000000000000000000') in 0.000704709 seconds
Import Error Code:(4)
Message: Build asset version error: assets/scripts/seguirwp.cs in SourceAssetDB has modification time of '2025-10-29T19:09:46Z' while content on disk has modification time of '2026-10-01T13:43:59Z'
  ERROR: Build asset version error: assets/scripts/seguirwp.cs in SourceAssetDB has modification time of '2025-10-29T19:09:46Z' while content on disk has modification time of '2026-10-01T13:43:59Z'
Number of updated asset objects reloaded before import = 0Number of asset objects unloaded after import = 0

========================================================================
Received Import Request.
  Time since last request: 0.002702 seconds.
  path: Assets/Scripts/SeguirWP.cs
  artifactKey: Guid(fa40b3335edfe834097929e9162e41d1) Importer(815301076,1909f56bfc062723c751e8b465ee728b)
Start importing Assets/Scripts/SeguirWP.cs using Guid(fa40b3335edfe834097929e9162e41d1) Importer(815301076,1909f56bfc062723c751e8b465ee728b) (PreviewImporter) -> (artifact id: '00000000000000000000000000000000') in 0.000738042 seconds
Import Error Code:(4)
Message: Build asset version error: assets/scripts/seguirwp.cs in SourceAssetDB has modification time of '2025-10-29T19:09:46Z' while content on disk has modification time of '2026-10-01T13:43:59Z'
  ERROR: Build asset version error: assets/scripts/seguirwp.cs in SourceAssetDB has modification time of '2025-10-29T19:09:46Z' while content on disk has modification time of '2026-10-01T13:43:59Z'
Number of updated asset objects reloaded before import = 0Number of asset objects unloaded after import = 0

========================================================================
Received Import Request.
  Time since last request: 0.006960 seconds.
  path: Assets/Scripts/SeguirWP.cs
  artifactKey: Guid(fa40b3335edfe834097929e9162e41d1) Importer(815301076,1909f56bfc062723c751e8b465ee728b)
Start importing Assets/Scripts/SeguirWP.cs using Guid(fa40b3335edfe834097929e9162e41d1) Importer(815301076,1909f56bfc062723c751e8b465ee728b) (PreviewImporter) -> (artifact id: '00000000000000000000000000000000') in 0.001423375 seconds
Import Error Code:(4)
Message: Build asset version error: assets/scripts/seguirwp.cs in SourceAssetDB has modification time of '2025-10-29T19:09:46Z' while content on disk has modification time of '2026-10-01T13:43:59Z'
  ERROR: Build asset version error: assets/scripts/seguirwp.cs in SourceAssetDB has modification time of '2025-10-29T19:09:46Z' while content on disk has modification time of '2026-10-01T13:43:59Z'
Number of updated asset objects reloaded before import = 0Number of asset objects unloaded after import = 0

========================================================================
Received Import Request.
  Time since last request: 0.018474 seconds.
  path: Assets/Scripts/SeguirWP.cs
  artifactKey: Guid(fa40b3335edfe834097929e9162e41d1) Importer(815301076,1909f56bfc062723c751e8b465ee728b)
Start importing Assets/Scripts/SeguirWP.cs using Guid(fa40b3335edfe834097929e9162e41d1) Importer(815301076,1909f56bfc062723c751e8b465ee728b) (PreviewImporter) -> (artifact id: '00000000000000000000000000000000') in 0.000886 seconds
Import Error Code:(4)
Message: Build asset version error: assets/scripts/seguirwp.cs in SourceAssetDB has modification time of '2025-10-29T19:09:46Z' while content on disk has modification time of '2026-10-01T13:43:59Z'
  ERROR: Build asset version error: assets/scripts/seguirwp.cs in SourceAssetDB has modification time of '2025-10-29T19:09:46Z' while content on disk has modification time of '2026-10-01T13:43:59Z'
Number of updated asset objects reloaded before import = 0Number of asset objects unloaded after import = 0

========================================================================
Received Import Request.
  Time since last request: 0.006297 seconds.
  path: Assets/Scripts/SeguirWP.cs
  artifactKey: Guid(fa40b3335edfe834097929e9162e41d1) Importer(815301076,1909f56bfc062723c751e8b465ee728b)
Start importing Assets/Scripts/SeguirWP.cs using Guid(fa40b3335edfe834097929e9162e41d1) Importer(815301076,1909f56bfc062723c751e8b465ee728b) (PreviewImporter) -> (artifact id: '00000000000000000000000000000000') in 0.000730416 seconds
Import Error Code:(4)
Message: Build asset version error: assets/scripts/seguirwp.cs in SourceAssetDB has modification time of '2025-10-29T19:09:46Z' while content on disk has modification time of '2026-10-01T13:43:59Z'
  ERROR: Build asset version error: assets/scripts/seguirwp.cs in SourceAssetDB has modification time of '2025-10-29T19:09:46Z' while content on disk has modification time of '2026-10-01T13:43:59Z'
Number of updated asset objects reloaded before import = 0Number of asset objects unloaded after import = 0

========================================================================
Received Import Request.
  Time since last request: 0.014757 seconds.
  path: Assets/Scripts/SeguirWP.cs
  artifactKey: Guid(fa40b3335edfe834097929e9162e41d1) Importer(815301076,1909f56bfc062723c751e8b465ee728b)
Start importing Assets/Scripts/SeguirWP.cs using Guid(fa40b3335edfe834097929e9162e41d1) Importer(815301076,1909f56bfc062723c751e8b465ee728b) (PreviewImporter) -> (artifact id: '00000000000000000000000000000000') in 0.001133458 seconds
Import Error Code:(4)
Message: Build asset version error: assets/scripts/seguirwp.cs in SourceAssetDB has modification time of '2025-10-29T19:09:46Z' while content on disk has modification time of '2026-10-01T13:43:59Z'
  ERROR: Build asset version error: assets/scripts/seguirwp.cs in SourceAssetDB has modification time of '2025-10-29T19:09:46Z' while content on disk has modification time of '2026-10-01T13:43:59Z'
Number of updated asset objects reloaded before import = 0Number of asset objects unloaded after import = 0

========================================================================
Received Import Request.
  Time since last request: 0.614344 seconds.
  path: Assets/Scripts/SeguirWP.cs
  artifactKey: Guid(fa40b3335edfe834097929e9162e41d1) Importer(815301076,1909f56bfc062723c751e8b465ee728b)
Start importing Assets/Scripts/SeguirWP.cs using Guid(fa40b3335edfe834097929e9162e41d1) Importer(815301076,1909f56bfc062723c751e8b465ee728b) (PreviewImporter) -> (artifact id: '00000000000000000000000000000000') in 0.001087083 seconds
Import Error Code:(4)
Message: Build asset version error: assets/scripts/seguirwp.cs in SourceAssetDB has modification time of '2025-10-29T19:09:46Z' while content on disk has modification time of '2026-10-01T13:43:59Z'
  ERROR: Build asset version error: assets/scripts/seguirwp.cs in SourceAssetDB has modification time of '2025-10-29T19:09:46Z' while content on disk has modification time of '2026-10-01T13:43:59Z'
Number of updated asset objects reloaded before import = 0Number of asset objects unloaded after import = 0

========================================================================
Received Import Request.
  Time since last request: 0.181408 seconds.
  path: Assets/Scripts/SeguirWP.cs
  artifactKey: Guid(fa40b3335edfe834097929e9162e41d1) Importer(815301076,1909f56bfc062723c751e8b465ee728b)
Start importing Assets/Scripts/SeguirWP.cs using Guid(fa40b3335edfe834097929e9162e41d1) Importer(815301076,1909f56bfc062723c751e8b465ee728b) (PreviewImporter) -> (artifact id: '00000000000000000000000000000000') in 0.004767917 seconds
Import Error Code:(4)
Message: Build asset version error: assets/scripts/seguirwp.cs in SourceAssetDB has modification time of '2025-10-29T19:09:46Z' while content on disk has modification time of '2026-10-01T13:43:59Z'
  ERROR: Build asset version error: assets/scripts/seguirwp.cs in SourceAssetDB has modification time of '2025-10-29T19:09:46Z' while content on disk has modification time of '2026-10-01T13:43:59Z'
Number of updated asset objects reloaded before import = 0Number of asset objects unloaded after import = 0

========================================================================
Received Import Request.
  Time since last request: 0.015782 seconds.
  path: Assets/Scripts/SeguirWP.cs
  artifactKey: Guid(fa40b3335edfe834097929e9162e41d1) Importer(815301076,1909f56bfc062723c751e8b465ee728b)
Start importing Assets/Scripts/SeguirWP.cs using Guid(fa40b3335edfe834097929e9162e41d1) Importer(815301076,1909f56bfc062723c751e8b465ee728b) (PreviewImporter) -> (artifact id: '00000000000000000000000000000000') in 0.000576375 seconds
Import Error Code:(4)
Message: Build asset version error: assets/scripts/seguirwp.cs in SourceAssetDB has modification time of '2025-10-29T19:09:46Z' while content on disk has modification time of '2026-10-01T13:43:59Z'
  ERROR: Build asset version error: assets/scripts/seguirwp.cs in SourceAssetDB has modification time of '2025-10-29T19:09:46Z' while content on disk has modification time of '2026-10-01T13:43:59Z'
Number of updated asset objects reloaded before import = 0Number of asset objects unloaded after import = 0

========================================================================
Received Import Request.
  Time since last request: 0.006427 seconds.
  path: Assets/Scripts/SeguirWP.cs
  artifactKey: Guid(fa40b3335edfe834097929e9162e41d1) Importer(815301076,1909f56bfc062723c751e8b465ee728b)
Start importing Assets/Scripts/SeguirWP.cs using Guid(fa40b3335edfe834097929e9162e41d1) Importer(815301076,1909f56bfc062723c751e8b465ee728b) (PreviewImporter) -> (artifact id: '00000000000000000000000000000000') in 0.000622541 seconds
Import Error Code:(4)
Message: Build asset version error: assets/scripts/seguirwp.cs in SourceAssetDB has modification time of '2025-10-29T19:09:46Z' while content on disk has modification time of '2026-10-01T13:43:59Z'
  ERROR: Build asset version error: assets/scripts/seguirwp.cs in SourceAssetDB has modification time of '2025-10-29T19:09:46Z' while content on disk has modification time of '2026-10-01T13:43:59Z'
Number of updated asset objects reloaded before import = 0Number of asset objects unloaded after import = 0

========================================================================
Received Import Request.
  Time since last request: 0.007332 seconds.
  path: Assets/Scripts/SeguirWP.cs
  artifactKey: Guid(fa40b3335edfe834097929e9162e41d1) Importer(815301076,1909f56bfc062723c751e8b465ee728b)
Start importing Assets/Scripts/SeguirWP.cs using Guid(fa40b3335edfe834097929e9162e41d1) Importer(815301076,1909f56bfc062723c751e8b465ee728b) (PreviewImporter) -> (artifact id: '00000000000000000000000000000000') in 0.00045275 seconds
Import Error Code:(4)
Message: Build asset version error: assets/scripts/seguirwp.cs in SourceAssetDB has modification time of '2025-10-29T19:09:46Z' while content on disk has modification time of '2026-10-01T13:43:59Z'
  ERROR: Build asset version error: assets/scripts/seguirwp.cs in SourceAssetDB has modification time of '2025-10-29T19:09:46Z' while content on disk has modification time of '2026-10-01T13:43:59Z'
Number of updated asset objects reloaded before import = 0Number of asset objects unloaded after import = 0

========================================================================
Received Import Request.
  Time since last request: 0.007045 seconds.
  path: Assets/Scripts/SeguirWP.cs
  artifactKey: Guid(fa40b3335edfe834097929e9162e41d1) Importer(815301076,1909f56bfc062723c751e8b465ee728b)
Start importing Assets/Scripts/SeguirWP.cs using Guid(fa40b3335edfe834097929e9162e41d1) Importer(815301076,1909f56bfc062723c751e8b465ee728b) (PreviewImporter) -> (artifact id: '00000000000000000000000000000000') in 0.000518875 seconds
Import Error Code:(4)
Message: Build asset version error: assets/scripts/seguirwp.cs in SourceAssetDB has modification time of '2025-10-29T19:09:46Z' while content on disk has modification time of '2026-10-01T13:43:59Z'
  ERROR: Build asset version error: assets/scripts/seguirwp.cs in SourceAssetDB has modification time of '2025-10-29T19:09:46Z' while content on disk has modification time of '2026-10-01T13:43:59Z'
Number of updated asset objects reloaded before import = 0Number of asset objects unloaded after import = 0

========================================================================
Received Import Request.
  Time since last request: 0.005996 seconds.
  path: Assets/Scripts/SeguirWP.cs
  artifactKey: Guid(fa40b3335edfe834097929e9162e41d1) Importer(815301076,1909f56bfc062723c751e8b465ee728b)
Start importing Assets/Scripts/SeguirWP.cs using Guid(fa40b3335edfe834097929e9162e41d1) Importer(815301076,1909f56bfc062723c751e8b465ee728b) (PreviewImporter) -> (artifact id: '00000000000000000000000000000000') in 0.000428 seconds
Import Error Code:(4)
Message: Build asset version error: assets/scripts/seguirwp.cs in SourceAssetDB has modification time of '2025-10-29T19:09:46Z' while content on disk has modification time of '2026-10-01T13:43:59Z'
  ERROR: Build asset version error: assets/scripts/seguirwp.cs in SourceAssetDB has modification time of '2025-10-29T19:09:46Z' while content on disk has modification time of '2026-10-01T13:43:59Z'
Number of updated asset objects reloaded before import = 0Number of asset objects unloaded after import = 0

========================================================================
Received Import Request.
  Time since last request: 0.001944 seconds.
  path: Assets/Scripts/SeguirWP.cs
  artifactKey: Guid(fa40b3335edfe834097929e9162e41d1) Importer(815301076,1909f56bfc062723c751e8b465ee728b)
Start importing Assets/Scripts/SeguirWP.cs using Guid(fa40b3335edfe834097929e9162e41d1) Importer(815301076,1909f56bfc062723c751e8b465ee728b) (PreviewImporter) -> (artifact id: '00000000000000000000000000000000') in 0.00062775 seconds
Import Error Code:(4)
Message: Build asset version error: assets/scripts/seguirwp.cs in SourceAssetDB has modification time of '2025-10-29T19:09:46Z' while content on disk has modification time of '2026-10-01T13:43:59Z'
  ERROR: Build asset version error: assets/scripts/seguirwp.cs in SourceAssetDB has modification time of '2025-10-29T19:09:46Z' while content on disk has modification time of '2026-10-01T13:43:59Z'
Number of updated asset objects reloaded before import = 0Number of asset objects unloaded after import = 0

========================================================================
Received Import Request.
  Time since last request: 0.004362 seconds.
  path: Assets/Scripts/SeguirWP.cs
  artifactKey: Guid(fa40b3335edfe834097929e9162e41d1) Importer(815301076,1909f56bfc062723c751e8b465ee728b)
Start importing Assets/Scripts/SeguirWP.cs using Guid(fa40b3335edfe834097929e9162e41d1) Importer(815301076,1909f56bfc062723c751e8b465ee728b) (PreviewImporter) -> (artifact id: '00000000000000000000000000000000') in 0.000351584 seconds
Import Error Code:(4)
Message: Build asset version error: assets/scripts/seguirwp.cs in SourceAssetDB has modification time of '2025-10-29T19:09:46Z' while content on disk has modification time of '2026-10-01T13:43:59Z'
  ERROR: Build asset version error: assets/scripts/seguirwp.cs in SourceAssetDB has modification time of '2025-10-29T19:09:46Z' while content on disk has modification time of '2026-10-01T13:43:59Z'
Number of updated asset objects reloaded before import = 0Number of asset objects unloaded after import = 0

========================================================================
Received Import Request.
  Time since last request: 0.003597 seconds.
  path: Assets/Scripts/SeguirWP.cs
  artifactKey: Guid(fa40b3335edfe834097929e9162e41d1) Importer(815301076,1909f56bfc062723c751e8b465ee728b)
Start importing Assets/Scripts/SeguirWP.cs using Guid(fa40b3335edfe834097929e9162e41d1) Importer(815301076,1909f56bfc062723c751e8b465ee728b) (PreviewImporter) -> (artifact id: '00000000000000000000000000000000') in 0.0003795 seconds
Import Error Code:(4)
Message: Build asset version error: assets/scripts/seguirwp.cs in SourceAssetDB has modification time of '2025-10-29T19:09:46Z' while content on disk has modification time of '2026-10-01T13:43:59Z'
  ERROR: Build asset version error: assets/scripts/seguirwp.cs in SourceAssetDB has modification time of '2025-10-29T19:09:46Z' while content on disk has modification time of '2026-10-01T13:43:59Z'
Number of updated asset objects reloaded before import = 0Number of asset objects unloaded after import = 0

========================================================================
Received Import Request.
  Time since last request: 0.004554 seconds.
  path: Assets/Scripts/SeguirWP.cs
  artifactKey: Guid(fa40b3335edfe834097929e9162e41d1) Importer(815301076,1909f56bfc062723c751e8b465ee728b)
Start importing Assets/Scripts/SeguirWP.cs using Guid(fa40b3335edfe834097929e9162e41d1) Importer(815301076,1909f56bfc062723c751e8b465ee728b) (PreviewImporter) -> (artifact id: '00000000000000000000000000000000') in 0.00044525 seconds
Import Error Code:(4)
Message: Build asset version error: assets/scripts/seguirwp.cs in SourceAssetDB has modification time of '2025-10-29T19:09:46Z' while content on disk has modification time of '2026-10-01T13:43:59Z'
  ERROR: Build asset version error: assets/scripts/seguirwp.cs in SourceAssetDB has modification time of '2025-10-29T19:09:46Z' while content on disk has modification time of '2026-10-01T13:43:59Z'
Number of updated asset objects reloaded before import = 0Number of asset objects unloaded after import = 0

========================================================================
Received Import Request.
  Time since last request: 0.006249 seconds.
  path: Assets/Scripts/SeguirWP.cs
  artifactKey: Guid(fa40b3335edfe834097929e9162e41d1) Importer(815301076,1909f56bfc062723c751e8b465ee728b)
Start importing Assets/Scripts/SeguirWP.cs using Guid(fa40b3335edfe834097929e9162e41d1) Importer(815301076,1909f56bfc062723c751e8b465ee728b) (PreviewImporter) -> (artifact id: '00000000000000000000000000000000') in 0.000499583 seconds
Import Error Code:(4)
Message: Build asset version error: assets/scripts/seguirwp.cs in SourceAssetDB has modification time of '2025-10-29T19:09:46Z' while content on disk has modification time of '2026-10-01T13:43:59Z'
  ERROR: Build asset version error: assets/scripts/seguirwp.cs in SourceAssetDB has modification time of '2025-10-29T19:09:46Z' while content on disk has modification time of '2026-10-01T13:43:59Z'
Number of updated asset objects reloaded before import = 0Number of asset objects unloaded after import = 0

========================================================================
Received Import Request.
  Time since last request: 0.002205 seconds.
  path: Assets/Scripts/SeguirWP.cs
  artifactKey: Guid(fa40b3335edfe834097929e9162e41d1) Importer(815301076,1909f56bfc062723c751e8b465ee728b)
Start importing Assets/Scripts/SeguirWP.cs using Guid(fa40b3335edfe834097929e9162e41d1) Importer(815301076,1909f56bfc062723c751e8b465ee728b) (PreviewImporter) -> (artifact id: '00000000000000000000000000000000') in 0.000571666 seconds
Import Error Code:(4)
Message: Build asset version error: assets/scripts/seguirwp.cs in SourceAssetDB has modification time of '2025-10-29T19:09:46Z' while content on disk has modification time of '2026-10-01T13:43:59Z'
  ERROR: Build asset version error: assets/scripts/seguirwp.cs in SourceAssetDB has modification time of '2025-10-29T19:09:46Z' while content on disk has modification time of '2026-10-01T13:43:59Z'
Number of updated asset objects reloaded before import = 0Number of asset objects unloaded after import = 0

========================================================================
Received Import Request.
  Time since last request: 0.001211 seconds.
  path: Assets/Scripts/SeguirWP.cs
  artifactKey: Guid(fa40b3335edfe834097929e9162e41d1) Importer(815301076,1909f56bfc062723c751e8b465ee728b)
Start importing Assets/Scripts/SeguirWP.cs using Guid(fa40b3335edfe834097929e9162e41d1) Importer(815301076,1909f56bfc062723c751e8b465ee728b) (PreviewImporter) -> (artifact id: '00000000000000000000000000000000') in 0.00036275 seconds
Import Error Code:(4)
Message: Build asset version error: assets/scripts/seguirwp.cs in SourceAssetDB has modification time of '2025-10-29T19:09:46Z' while content on disk has modification time of '2026-10-01T13:43:59Z'
  ERROR: Build asset version error: assets/scripts/seguirwp.cs in SourceAssetDB has modification time of '2025-10-29T19:09:46Z' while content on disk has modification time of '2026-10-01T13:43:59Z'
Number of updated asset objects reloaded before import = 0Number of asset objects unloaded after import = 0

========================================================================
Received Import Request.
  Time since last request: 0.005515 seconds.
  path: Assets/Scripts/SeguirWP.cs
  artifactKey: Guid(fa40b3335edfe834097929e9162e41d1) Importer(815301076,1909f56bfc062723c751e8b465ee728b)
Start importing Assets/Scripts/SeguirWP.cs using Guid(fa40b3335edfe834097929e9162e41d1) Importer(815301076,1909f56bfc062723c751e8b465ee728b) (PreviewImporter) -> (artifact id: '00000000000000000000000000000000') in 0.000369542 seconds
Import Error Code:(4)
Message: Build asset version error: assets/scripts/seguirwp.cs in SourceAssetDB has modification time of '2025-10-29T19:09:46Z' while content on disk has modification time of '2026-10-01T13:43:59Z'
  ERROR: Build asset version error: assets/scripts/seguirwp.cs in SourceAssetDB has modification time of '2025-10-29T19:09:46Z' while content on disk has modification time of '2026-10-01T13:43:59Z'
Number of updated asset objects reloaded before import = 0Number of asset objects unloaded after import = 0

========================================================================
Received Import Request.
  Time since last request: 0.008085 seconds.
  path: Assets/Scripts/SeguirWP.cs
  artifactKey: Guid(fa40b3335edfe834097929e9162e41d1) Importer(815301076,1909f56bfc062723c751e8b465ee728b)
Start importing Assets/Scripts/SeguirWP.cs using Guid(fa40b3335edfe834097929e9162e41d1) Importer(815301076,1909f56bfc062723c751e8b465ee728b) (PreviewImporter) -> (artifact id: '00000000000000000000000000000000') in 0.000444208 seconds
Import Error Code:(4)
Message: Build asset version error: assets/scripts/seguirwp.cs in SourceAssetDB has modification time of '2025-10-29T19:09:46Z' while content on disk has modification time of '2026-10-01T13:43:59Z'
  ERROR: Build asset version error: assets/scripts/seguirwp.cs in SourceAssetDB has modification time of '2025-10-29T19:09:46Z' while content on disk has modification time of '2026-10-01T13:43:59Z'
Number of updated asset objects reloaded before import = 0Number of asset objects unloaded after import = 0

========================================================================
Received Import Request.
  Time since last request: 0.006446 seconds.
  path: Assets/Scripts/SeguirWP.cs
  artifactKey: Guid(fa40b3335edfe834097929e9162e41d1) Importer(815301076,1909f56bfc062723c751e8b465ee728b)
Start importing Assets/Scripts/SeguirWP.cs using Guid(fa40b3335edfe834097929e9162e41d1) Importer(815301076,1909f56bfc062723c751e8b465ee728b) (PreviewImporter) -> (artifact id: '00000000000000000000000000000000') in 0.000435625 seconds
Import Error Code:(4)
Message: Build asset version error: assets/scripts/seguirwp.cs in SourceAssetDB has modification time of '2025-10-29T19:09:46Z' while content on disk has modification time of '2026-10-01T13:43:59Z'
  ERROR: Build asset version error: assets/scripts/seguirwp.cs in SourceAssetDB has modification time of '2025-10-29T19:09:46Z' while content on disk has modification time of '2026-10-01T13:43:59Z'
Number of updated asset objects reloaded before import = 0Number of asset objects unloaded after import = 0

========================================================================
Received Import Request.
  Time since last request: 0.006320 seconds.
  path: Assets/Scripts/SeguirWP.cs
  artifactKey: Guid(fa40b3335edfe834097929e9162e41d1) Importer(815301076,1909f56bfc062723c751e8b465ee728b)
Start importing Assets/Scripts/SeguirWP.cs using Guid(fa40b3335edfe834097929e9162e41d1) Importer(815301076,1909f56bfc062723c751e8b465ee728b) (PreviewImporter) -> (artifact id: '00000000000000000000000000000000') in 0.000343 seconds
Import Error Code:(4)
Message: Build asset version error: assets/scripts/seguirwp.cs in SourceAssetDB has modification time of '2025-10-29T19:09:46Z' while content on disk has modification time of '2026-10-01T13:43:59Z'
  ERROR: Build asset version error: assets/scripts/seguirwp.cs in SourceAssetDB has modification time of '2025-10-29T19:09:46Z' while content on disk has modification time of '2026-10-01T13:43:59Z'
Number of updated asset objects reloaded before import = 0Number of asset objects unloaded after import = 0

========================================================================
Received Import Request.
  Time since last request: 0.010607 seconds.
  path: Assets/Scripts/SeguirWP.cs
  artifactKey: Guid(fa40b3335edfe834097929e9162e41d1) Importer(815301076,1909f56bfc062723c751e8b465ee728b)
Start importing Assets/Scripts/SeguirWP.cs using Guid(fa40b3335edfe834097929e9162e41d1) Importer(815301076,1909f56bfc062723c751e8b465ee728b) (PreviewImporter) -> (artifact id: '00000000000000000000000000000000') in 0.000473667 seconds
Import Error Code:(4)
Message: Build asset version error: assets/scripts/seguirwp.cs in SourceAssetDB has modification time of '2025-10-29T19:09:46Z' while content on disk has modification time of '2026-10-01T13:43:59Z'
  ERROR: Build asset version error: assets/scripts/seguirwp.cs in SourceAssetDB has modification time of '2025-10-29T19:09:46Z' while content on disk has modification time of '2026-10-01T13:43:59Z'
Number of updated asset objects reloaded before import = 0Number of asset objects unloaded after import = 0

========================================================================
Received Import Request.
  Time since last request: 0.004467 seconds.
  path: Assets/Scripts/SeguirWP.cs
  artifactKey: Guid(fa40b3335edfe834097929e9162e41d1) Importer(815301076,1909f56bfc062723c751e8b465ee728b)
Start importing Assets/Scripts/SeguirWP.cs using Guid(fa40b3335edfe834097929e9162e41d1) Importer(815301076,1909f56bfc062723c751e8b465ee728b) (PreviewImporter) -> (artifact id: '00000000000000000000000000000000') in 0.000478958 seconds
Import Error Code:(4)
Message: Build asset version error: assets/scripts/seguirwp.cs in SourceAssetDB has modification time of '2025-10-29T19:09:46Z' while content on disk has modification time of '2026-10-01T13:43:59Z'
  ERROR: Build asset version error: assets/scripts/seguirwp.cs in SourceAssetDB has modification time of '2025-10-29T19:09:46Z' while content on disk has modification time of '2026-10-01T13:43:59Z'
Number of updated asset objects reloaded before import = 0Number of asset objects unloaded after import = 0

========================================================================
Received Import Request.
  Time since last request: 0.006651 seconds.
  path: Assets/Scripts/SeguirWP.cs
  artifactKey: Guid(fa40b3335edfe834097929e9162e41d1) Importer(815301076,1909f56bfc062723c751e8b465ee728b)
Start importing Assets/Scripts/SeguirWP.cs using Guid(fa40b3335edfe834097929e9162e41d1) Importer(815301076,1909f56bfc062723c751e8b465ee728b) (PreviewImporter) -> (artifact id: '00000000000000000000000000000000') in 0.000475292 seconds
Import Error Code:(4)
Message: Build asset version error: assets/scripts/seguirwp.cs in SourceAssetDB has modification time of '2025-10-29T19:09:46Z' while content on disk has modification time of '2026-10-01T13:43:59Z'
  ERROR: Build asset version error: assets/scripts/seguirwp.cs in SourceAssetDB has modification time of '2025-10-29T19:09:46Z' while content on disk has modification time of '2026-10-01T13:43:59Z'
Number of updated asset objects reloaded before import = 0Number of asset objects unloaded after import = 0

========================================================================
Received Import Request.
  Time since last request: 0.008881 seconds.
  path: Assets/Scripts/SeguirWP.cs
  artifactKey: Guid(fa40b3335edfe834097929e9162e41d1) Importer(815301076,1909f56bfc062723c751e8b465ee728b)
Start importing Assets/Scripts/SeguirWP.cs using Guid(fa40b3335edfe834097929e9162e41d1) Importer(815301076,1909f56bfc062723c751e8b465ee728b) (PreviewImporter) -> (artifact id: '00000000000000000000000000000000') in 0.000568333 seconds
Import Error Code:(4)
Message: Build asset version error: assets/scripts/seguirwp.cs in SourceAssetDB has modification time of '2025-10-29T19:09:46Z' while content on disk has modification time of '2026-10-01T13:43:59Z'
  ERROR: Build asset version error: assets/scripts/seguirwp.cs in SourceAssetDB has modification time of '2025-10-29T19:09:46Z' while content on disk has modification time of '2026-10-01T13:43:59Z'
Number of updated asset objects reloaded before import = 0Number of asset objects unloaded after import = 0

========================================================================
Received Import Request.
  Time since last request: 0.005239 seconds.
  path: Assets/Scripts/SeguirWP.cs
  artifactKey: Guid(fa40b3335edfe834097929e9162e41d1) Importer(815301076,1909f56bfc062723c751e8b465ee728b)
Start importing Assets/Scripts/SeguirWP.cs using Guid(fa40b3335edfe834097929e9162e41d1) Importer(815301076,1909f56bfc062723c751e8b465ee728b) (PreviewImporter) -> (artifact id: '00000000000000000000000000000000') in 0.000474125 seconds
Import Error Code:(4)
Message: Build asset version error: assets/scripts/seguirwp.cs in SourceAssetDB has modification time of '2025-10-29T19:09:46Z' while content on disk has modification time of '2026-10-01T13:43:59Z'
  ERROR: Build asset version error: assets/scripts/seguirwp.cs in SourceAssetDB has modification time of '2025-10-29T19:09:46Z' while content on disk has modification time of '2026-10-01T13:43:59Z'
Number of updated asset objects reloaded before import = 0Number of asset objects unloaded after import = 0

========================================================================
Received Import Request.
  Time since last request: 0.006430 seconds.
  path: Assets/Scripts/SeguirWP.cs
  artifactKey: Guid(fa40b3335edfe834097929e9162e41d1) Importer(815301076,1909f56bfc062723c751e8b465ee728b)
Start importing Assets/Scripts/SeguirWP.cs using Guid(fa40b3335edfe834097929e9162e41d1) Importer(815301076,1909f56bfc062723c751e8b465ee728b) (PreviewImporter) -> (artifact id: '00000000000000000000000000000000') in 0.0004385 seconds
Import Error Code:(4)
Message: Build asset version error: assets/scripts/seguirwp.cs in SourceAssetDB has modification time of '2025-10-29T19:09:46Z' while content on disk has modification time of '2026-10-01T13:43:59Z'
  ERROR: Build asset version error: assets/scripts/seguirwp.cs in SourceAssetDB has modification time of '2025-10-29T19:09:46Z' while content on disk has modification time of '2026-10-01T13:43:59Z'
Number of updated asset objects reloaded before import = 0Number of asset objects unloaded after import = 0

========================================================================
Received Import Request.
  Time since last request: 0.004879 seconds.
  path: Assets/Scripts/SeguirWP.cs
  artifactKey: Guid(fa40b3335edfe834097929e9162e41d1) Importer(815301076,1909f56bfc062723c751e8b465ee728b)
Start importing Assets/Scripts/SeguirWP.cs using Guid(fa40b3335edfe834097929e9162e41d1) Importer(815301076,1909f56bfc062723c751e8b465ee728b) (PreviewImporter) -> (artifact id: '00000000000000000000000000000000') in 0.000560833 seconds
Import Error Code:(4)
Message: Build asset version error: assets/scripts/seguirwp.cs in SourceAssetDB has modification time of '2025-10-29T19:09:46Z' while content on disk has modification time of '2026-10-01T13:43:59Z'
  ERROR: Build asset version error: assets/scripts/seguirwp.cs in SourceAssetDB has modification time of '2025-10-29T19:09:46Z' while content on disk has modification time of '2026-10-01T13:43:59Z'
Number of updated asset objects reloaded before import = 0Number of asset objects unloaded after import = 0

========================================================================
Received Import Request.
  Time since last request: 0.003906 seconds.
  path: Assets/Scripts/SeguirWP.cs
  artifactKey: Guid(fa40b3335edfe834097929e9162e41d1) Importer(815301076,1909f56bfc062723c751e8b465ee728b)
Start importing Assets/Scripts/SeguirWP.cs using Guid(fa40b3335edfe834097929e9162e41d1) Importer(815301076,1909f56bfc062723c751e8b465ee728b) (PreviewImporter) -> (artifact id: '00000000000000000000000000000000') in 0.000428458 seconds
Import Error Code:(4)
Message: Build asset version error: assets/scripts/seguirwp.cs in SourceAssetDB has modification time of '2025-10-29T19:09:46Z' while content on disk has modification time of '2026-10-01T13:43:59Z'
  ERROR: Build asset version error: assets/scripts/seguirwp.cs in SourceAssetDB has modification time of '2025-10-29T19:09:46Z' while content on disk has modification time of '2026-10-01T13:43:59Z'
Number of updated asset objects reloaded before import = 0Number of asset objects unloaded after import = 0

========================================================================
Received Import Request.
  Time since last request: 0.005678 seconds.
  path: Assets/Scripts/SeguirWP.cs
  artifactKey: Guid(fa40b3335edfe834097929e9162e41d1) Importer(815301076,1909f56bfc062723c751e8b465ee728b)
Start importing Assets/Scripts/SeguirWP.cs using Guid(fa40b3335edfe834097929e9162e41d1) Importer(815301076,1909f56bfc062723c751e8b465ee728b) (PreviewImporter) -> (artifact id: '00000000000000000000000000000000') in 0.000519875 seconds
Import Error Code:(4)
Message: Build asset version error: assets/scripts/seguirwp.cs in SourceAssetDB has modification time of '2025-10-29T19:09:46Z' while content on disk has modification time of '2026-10-01T13:43:59Z'
  ERROR: Build asset version error: assets/scripts/seguirwp.cs in SourceAssetDB has modification time of '2025-10-29T19:09:46Z' while content on disk has modification time of '2026-10-01T13:43:59Z'
Number of updated asset objects reloaded before import = 0Number of asset objects unloaded after import = 0

========================================================================
Received Import Request.
  Time since last request: 0.009373 seconds.
  path: Assets/Scripts/SeguirWP.cs
  artifactKey: Guid(fa40b3335edfe834097929e9162e41d1) Importer(815301076,1909f56bfc062723c751e8b465ee728b)
Start importing Assets/Scripts/SeguirWP.cs using Guid(fa40b3335edfe834097929e9162e41d1) Importer(815301076,1909f56bfc062723c751e8b465ee728b) (PreviewImporter) -> (artifact id: '00000000000000000000000000000000') in 0.000545166 seconds
Import Error Code:(4)
Message: Build asset version error: assets/scripts/seguirwp.cs in SourceAssetDB has modification time of '2025-10-29T19:09:46Z' while content on disk has modification time of '2026-10-01T13:43:59Z'
  ERROR: Build asset version error: assets/scripts/seguirwp.cs in SourceAssetDB has modification time of '2025-10-29T19:09:46Z' while content on disk has modification time of '2026-10-01T13:43:59Z'
Number of updated asset objects reloaded before import = 0Number of asset objects unloaded after import = 0

========================================================================
Received Import Request.
  Time since last request: 0.010430 seconds.
  path: Assets/Scripts/SeguirWP.cs
  artifactKey: Guid(fa40b3335edfe834097929e9162e41d1) Importer(815301076,1909f56bfc062723c751e8b465ee728b)
Start importing Assets/Scripts/SeguirWP.cs using Guid(fa40b3335edfe834097929e9162e41d1) Importer(815301076,1909f56bfc062723c751e8b465ee728b) (PreviewImporter) -> (artifact id: '00000000000000000000000000000000') in 0.000537542 seconds
Import Error Code:(4)
Message: Build asset version error: assets/scripts/seguirwp.cs in SourceAssetDB has modification time of '2025-10-29T19:09:46Z' while content on disk has modification time of '2026-10-01T13:43:59Z'
  ERROR: Build asset version error: assets/scripts/seguirwp.cs in SourceAssetDB has modification time of '2025-10-29T19:09:46Z' while content on disk has modification time of '2026-10-01T13:43:59Z'
Number of updated asset objects reloaded before import = 0Number of asset objects unloaded after import = 0

========================================================================
Received Import Request.
  Time since last request: 0.000836 seconds.
  path: Assets/Scripts/SeguirWP.cs
  artifactKey: Guid(fa40b3335edfe834097929e9162e41d1) Importer(815301076,1909f56bfc062723c751e8b465ee728b)
Start importing Assets/Scripts/SeguirWP.cs using Guid(fa40b3335edfe834097929e9162e41d1) Importer(815301076,1909f56bfc062723c751e8b465ee728b) (PreviewImporter) -> (artifact id: '00000000000000000000000000000000') in 0.00071075 seconds
Import Error Code:(4)
Message: Build asset version error: assets/scripts/seguirwp.cs in SourceAssetDB has modification time of '2025-10-29T19:09:46Z' while content on disk has modification time of '2026-10-01T13:43:59Z'
  ERROR: Build asset version error: assets/scripts/seguirwp.cs in SourceAssetDB has modification time of '2025-10-29T19:09:46Z' while content on disk has modification time of '2026-10-01T13:43:59Z'
Number of updated asset objects reloaded before import = 0Number of asset objects unloaded after import = 0

========================================================================
Received Import Request.
  Time since last request: 0.002071 seconds.
  path: Assets/Scripts/SeguirWP.cs
  artifactKey: Guid(fa40b3335edfe834097929e9162e41d1) Importer(815301076,1909f56bfc062723c751e8b465ee728b)
Start importing Assets/Scripts/SeguirWP.cs using Guid(fa40b3335edfe834097929e9162e41d1) Importer(815301076,1909f56bfc062723c751e8b465ee728b) (PreviewImporter) -> (artifact id: '00000000000000000000000000000000') in 0.000713667 seconds
Import Error Code:(4)
Message: Build asset version error: assets/scripts/seguirwp.cs in SourceAssetDB has modification time of '2025-10-29T19:09:46Z' while content on disk has modification time of '2026-10-01T13:43:59Z'
  ERROR: Build asset version error: assets/scripts/seguirwp.cs in SourceAssetDB has modification time of '2025-10-29T19:09:46Z' while content on disk has modification time of '2026-10-01T13:43:59Z'
Number of updated asset objects reloaded before import = 0Number of asset objects unloaded after import = 0

========================================================================
Received Import Request.
  Time since last request: 0.009787 seconds.
  path: Assets/Scripts/SeguirWP.cs
  artifactKey: Guid(fa40b3335edfe834097929e9162e41d1) Importer(815301076,1909f56bfc062723c751e8b465ee728b)
Start importing Assets/Scripts/SeguirWP.cs using Guid(fa40b3335edfe834097929e9162e41d1) Importer(815301076,1909f56bfc062723c751e8b465ee728b) (PreviewImporter) -> (artifact id: '00000000000000000000000000000000') in 0.000459291 seconds
Import Error Code:(4)
Message: Build asset version error: assets/scripts/seguirwp.cs in SourceAssetDB has modification time of '2025-10-29T19:09:46Z' while content on disk has modification time of '2026-10-01T13:43:59Z'
  ERROR: Build asset version error: assets/scripts/seguirwp.cs in SourceAssetDB has modification time of '2025-10-29T19:09:46Z' while content on disk has modification time of '2026-10-01T13:43:59Z'
Number of updated asset objects reloaded before import = 0Number of asset objects unloaded after import = 0

========================================================================
Received Import Request.
  Time since last request: 0.009182 seconds.
  path: Assets/Scripts/SeguirWP.cs
  artifactKey: Guid(fa40b3335edfe834097929e9162e41d1) Importer(815301076,1909f56bfc062723c751e8b465ee728b)
Start importing Assets/Scripts/SeguirWP.cs using Guid(fa40b3335edfe834097929e9162e41d1) Importer(815301076,1909f56bfc062723c751e8b465ee728b) (PreviewImporter) -> (artifact id: '00000000000000000000000000000000') in 0.001266292 seconds
Import Error Code:(4)
Message: Build asset version error: assets/scripts/seguirwp.cs in SourceAssetDB has modification time of '2025-10-29T19:09:46Z' while content on disk has modification time of '2026-10-01T13:43:59Z'
  ERROR: Build asset version error: assets/scripts/seguirwp.cs in SourceAssetDB has modification time of '2025-10-29T19:09:46Z' while content on disk has modification time of '2026-10-01T13:43:59Z'
Number of updated asset objects reloaded before import = 0Number of asset objects unloaded after import = 0

========================================================================
Received Import Request.
  Time since last request: 0.007069 seconds.
  path: Assets/Scripts/SeguirWP.cs
  artifactKey: Guid(fa40b3335edfe834097929e9162e41d1) Importer(815301076,1909f56bfc062723c751e8b465ee728b)
Start importing Assets/Scripts/SeguirWP.cs using Guid(fa40b3335edfe834097929e9162e41d1) Importer(815301076,1909f56bfc062723c751e8b465ee728b) (PreviewImporter) -> (artifact id: '00000000000000000000000000000000') in 0.001345709 seconds
Import Error Code:(4)
Message: Build asset version error: assets/scripts/seguirwp.cs in SourceAssetDB has modification time of '2025-10-29T19:09:46Z' while content on disk has modification time of '2026-10-01T13:43:59Z'
  ERROR: Build asset version error: assets/scripts/seguirwp.cs in SourceAssetDB has modification time of '2025-10-29T19:09:46Z' while content on disk has modification time of '2026-10-01T13:43:59Z'
Number of updated asset objects reloaded before import = 0Number of asset objects unloaded after import = 0

========================================================================
Received Import Request.
  Time since last request: 0.001665 seconds.
  path: Assets/Scripts/SeguirWP.cs
  artifactKey: Guid(fa40b3335edfe834097929e9162e41d1) Importer(815301076,1909f56bfc062723c751e8b465ee728b)
Start importing Assets/Scripts/SeguirWP.cs using Guid(fa40b3335edfe834097929e9162e41d1) Importer(815301076,1909f56bfc062723c751e8b465ee728b) (PreviewImporter) -> (artifact id: '00000000000000000000000000000000') in 0.0008065 seconds
Import Error Code:(4)
Message: Build asset version error: assets/scripts/seguirwp.cs in SourceAssetDB has modification time of '2025-10-29T19:09:46Z' while content on disk has modification time of '2026-10-01T13:43:59Z'
  ERROR: Build asset version error: assets/scripts/seguirwp.cs in SourceAssetDB has modification time of '2025-10-29T19:09:46Z' while content on disk has modification time of '2026-10-01T13:43:59Z'
Number of updated asset objects reloaded before import = 0Number of asset objects unloaded after import = 0

========================================================================
Received Import Request.
  Time since last request: 0.004642 seconds.
  path: Assets/Scripts/SeguirWP.cs
  artifactKey: Guid(fa40b3335edfe834097929e9162e41d1) Importer(815301076,1909f56bfc062723c751e8b465ee728b)
Start importing Assets/Scripts/SeguirWP.cs using Guid(fa40b3335edfe834097929e9162e41d1) Importer(815301076,1909f56bfc062723c751e8b465ee728b) (PreviewImporter) -> (artifact id: '00000000000000000000000000000000') in 0.000967875 seconds
Import Error Code:(4)
Message: Build asset version error: assets/scripts/seguirwp.cs in SourceAssetDB has modification time of '2025-10-29T19:09:46Z' while content on disk has modification time of '2026-10-01T13:43:59Z'
  ERROR: Build asset version error: assets/scripts/seguirwp.cs in SourceAssetDB has modification time of '2025-10-29T19:09:46Z' while content on disk has modification time of '2026-10-01T13:43:59Z'
Number of updated asset objects reloaded before import = 0Number of asset objects unloaded after import = 0

========================================================================
Received Import Request.
  Time since last request: 0.003183 seconds.
  path: Assets/Scripts/SeguirWP.cs
  artifactKey: Guid(fa40b3335edfe834097929e9162e41d1) Importer(815301076,1909f56bfc062723c751e8b465ee728b)
Start importing Assets/Scripts/SeguirWP.cs using Guid(fa40b3335edfe834097929e9162e41d1) Importer(815301076,1909f56bfc062723c751e8b465ee728b) (PreviewImporter) -> (artifact id: '00000000000000000000000000000000') in 0.001713667 seconds
Import Error Code:(4)
Message: Build asset version error: assets/scripts/seguirwp.cs in SourceAssetDB has modification time of '2025-10-29T19:09:46Z' while content on disk has modification time of '2026-10-01T13:43:59Z'
  ERROR: Build asset version error: assets/scripts/seguirwp.cs in SourceAssetDB has modification time of '2025-10-29T19:09:46Z' while content on disk has modification time of '2026-10-01T13:43:59Z'
Number of updated asset objects reloaded before import = 0Number of asset objects unloaded after import = 0

========================================================================
Received Import Request.
  Time since last request: 0.003794 seconds.
  path: Assets/Scripts/SeguirWP.cs
  artifactKey: Guid(fa40b3335edfe834097929e9162e41d1) Importer(815301076,1909f56bfc062723c751e8b465ee728b)
Start importing Assets/Scripts/SeguirWP.cs using Guid(fa40b3335edfe834097929e9162e41d1) Importer(815301076,1909f56bfc062723c751e8b465ee728b) (PreviewImporter) -> (artifact id: '00000000000000000000000000000000') in 0.001168125 seconds
Import Error Code:(4)
Message: Build asset version error: assets/scripts/seguirwp.cs in SourceAssetDB has modification time of '2025-10-29T19:09:46Z' while content on disk has modification time of '2026-10-01T13:43:59Z'
  ERROR: Build asset version error: assets/scripts/seguirwp.cs in SourceAssetDB has modification time of '2025-10-29T19:09:46Z' while content on disk has modification time of '2026-10-01T13:43:59Z'
Number of updated asset objects reloaded before import = 0Number of asset objects unloaded after import = 0

========================================================================
Received Import Request.
  Time since last request: 0.015739 seconds.
  path: Assets/Scripts/SeguirWP.cs
  artifactKey: Guid(fa40b3335edfe834097929e9162e41d1) Importer(815301076,1909f56bfc062723c751e8b465ee728b)
Start importing Assets/Scripts/SeguirWP.cs using Guid(fa40b3335edfe834097929e9162e41d1) Importer(815301076,1909f56bfc062723c751e8b465ee728b) (PreviewImporter) -> (artifact id: '00000000000000000000000000000000') in 0.001040833 seconds
Import Error Code:(4)
Message: Build asset version error: assets/scripts/seguirwp.cs in SourceAssetDB has modification time of '2025-10-29T19:09:46Z' while content on disk has modification time of '2026-10-01T13:43:59Z'
  ERROR: Build asset version error: assets/scripts/seguirwp.cs in SourceAssetDB has modification time of '2025-10-29T19:09:46Z' while content on disk has modification time of '2026-10-01T13:43:59Z'
Number of updated asset objects reloaded before import = 0Number of asset objects unloaded after import = 0

========================================================================
Received Import Request.
  Time since last request: 0.008456 seconds.
  path: Assets/Scripts/SeguirWP.cs
  artifactKey: Guid(fa40b3335edfe834097929e9162e41d1) Importer(815301076,1909f56bfc062723c751e8b465ee728b)
Start importing Assets/Scripts/SeguirWP.cs using Guid(fa40b3335edfe834097929e9162e41d1) Importer(815301076,1909f56bfc062723c751e8b465ee728b) (PreviewImporter) -> (artifact id: '00000000000000000000000000000000') in 0.000847583 seconds
Import Error Code:(4)
Message: Build asset version error: assets/scripts/seguirwp.cs in SourceAssetDB has modification time of '2025-10-29T19:09:46Z' while content on disk has modification time of '2026-10-01T13:43:59Z'
  ERROR: Build asset version error: assets/scripts/seguirwp.cs in SourceAssetDB has modification time of '2025-10-29T19:09:46Z' while content on disk has modification time of '2026-10-01T13:43:59Z'
Number of updated asset objects reloaded before import = 0Number of asset objects unloaded after import = 0

========================================================================
Received Import Request.
  Time since last request: 0.004729 seconds.
  path: Assets/Scripts/SeguirWP.cs
  artifactKey: Guid(fa40b3335edfe834097929e9162e41d1) Importer(815301076,1909f56bfc062723c751e8b465ee728b)
Start importing Assets/Scripts/SeguirWP.cs using Guid(fa40b3335edfe834097929e9162e41d1) Importer(815301076,1909f56bfc062723c751e8b465ee728b) (PreviewImporter) -> (artifact id: '00000000000000000000000000000000') in 0.000763666 seconds
Import Error Code:(4)
Message: Build asset version error: assets/scripts/seguirwp.cs in SourceAssetDB has modification time of '2025-10-29T19:09:46Z' while content on disk has modification time of '2026-10-01T13:43:59Z'
  ERROR: Build asset version error: assets/scripts/seguirwp.cs in SourceAssetDB has modification time of '2025-10-29T19:09:46Z' while content on disk has modification time of '2026-10-01T13:43:59Z'
Number of updated asset objects reloaded before import = 0Number of asset objects unloaded after import = 0

========================================================================
Received Import Request.
  Time since last request: 0.007361 seconds.
  path: Assets/Scripts/SeguirWP.cs
  artifactKey: Guid(fa40b3335edfe834097929e9162e41d1) Importer(815301076,1909f56bfc062723c751e8b465ee728b)
Start importing Assets/Scripts/SeguirWP.cs using Guid(fa40b3335edfe834097929e9162e41d1) Importer(815301076,1909f56bfc062723c751e8b465ee728b) (PreviewImporter) -> (artifact id: '00000000000000000000000000000000') in 0.000610625 seconds
Import Error Code:(4)
Message: Build asset version error: assets/scripts/seguirwp.cs in SourceAssetDB has modification time of '2025-10-29T19:09:46Z' while content on disk has modification time of '2026-10-01T13:43:59Z'
  ERROR: Build asset version error: assets/scripts/seguirwp.cs in SourceAssetDB has modification time of '2025-10-29T19:09:46Z' while content on disk has modification time of '2026-10-01T13:43:59Z'
Number of updated asset objects reloaded before import = 0Number of asset objects unloaded after import = 0

========================================================================
Received Import Request.
  Time since last request: 0.017949 seconds.
  path: Assets/Scripts/SeguirWP.cs
  artifactKey: Guid(fa40b3335edfe834097929e9162e41d1) Importer(815301076,1909f56bfc062723c751e8b465ee728b)
Start importing Assets/Scripts/SeguirWP.cs using Guid(fa40b3335edfe834097929e9162e41d1) Importer(815301076,1909f56bfc062723c751e8b465ee728b) (PreviewImporter) -> (artifact id: '00000000000000000000000000000000') in 0.000896625 seconds
Import Error Code:(4)
Message: Build asset version error: assets/scripts/seguirwp.cs in SourceAssetDB has modification time of '2025-10-29T19:09:46Z' while content on disk has modification time of '2026-10-01T13:43:59Z'
  ERROR: Build asset version error: assets/scripts/seguirwp.cs in SourceAssetDB has modification time of '2025-10-29T19:09:46Z' while content on disk has modification time of '2026-10-01T13:43:59Z'
Number of updated asset objects reloaded before import = 0Number of asset objects unloaded after import = 0

========================================================================
Received Import Request.
  Time since last request: 0.004455 seconds.
  path: Assets/Scripts/SeguirWP.cs
  artifactKey: Guid(fa40b3335edfe834097929e9162e41d1) Importer(815301076,1909f56bfc062723c751e8b465ee728b)
Start importing Assets/Scripts/SeguirWP.cs using Guid(fa40b3335edfe834097929e9162e41d1) Importer(815301076,1909f56bfc062723c751e8b465ee728b) (PreviewImporter) -> (artifact id: '00000000000000000000000000000000') in 0.000782125 seconds
Import Error Code:(4)
Message: Build asset version error: assets/scripts/seguirwp.cs in SourceAssetDB has modification time of '2025-10-29T19:09:46Z' while content on disk has modification time of '2026-10-01T13:43:59Z'
  ERROR: Build asset version error: assets/scripts/seguirwp.cs in SourceAssetDB has modification time of '2025-10-29T19:09:46Z' while content on disk has modification time of '2026-10-01T13:43:59Z'
Number of updated asset objects reloaded before import = 0Number of asset objects unloaded after import = 0

========================================================================
Received Import Request.
  Time since last request: 0.002351 seconds.
  path: Assets/Scripts/SeguirWP.cs
  artifactKey: Guid(fa40b3335edfe834097929e9162e41d1) Importer(815301076,1909f56bfc062723c751e8b465ee728b)
Start importing Assets/Scripts/SeguirWP.cs using Guid(fa40b3335edfe834097929e9162e41d1) Importer(815301076,1909f56bfc062723c751e8b465ee728b) (PreviewImporter) -> (artifact id: '00000000000000000000000000000000') in 0.000878 seconds
Import Error Code:(4)
Message: Build asset version error: assets/scripts/seguirwp.cs in SourceAssetDB has modification time of '2025-10-29T19:09:46Z' while content on disk has modification time of '2026-10-01T13:43:59Z'
  ERROR: Build asset version error: assets/scripts/seguirwp.cs in SourceAssetDB has modification time of '2025-10-29T19:09:46Z' while content on disk has modification time of '2026-10-01T13:43:59Z'
Number of updated asset objects reloaded before import = 0Number of asset objects unloaded after import = 0

========================================================================
Received Import Request.
  Time since last request: 0.000869 seconds.
  path: Assets/Scripts/SeguirWP.cs
  artifactKey: Guid(fa40b3335edfe834097929e9162e41d1) Importer(815301076,1909f56bfc062723c751e8b465ee728b)
Start importing Assets/Scripts/SeguirWP.cs using Guid(fa40b3335edfe834097929e9162e41d1) Importer(815301076,1909f56bfc062723c751e8b465ee728b) (PreviewImporter) -> (artifact id: '00000000000000000000000000000000') in 0.000980208 seconds
Import Error Code:(4)
Message: Build asset version error: assets/scripts/seguirwp.cs in SourceAssetDB has modification time of '2025-10-29T19:09:46Z' while content on disk has modification time of '2026-10-01T13:43:59Z'
  ERROR: Build asset version error: assets/scripts/seguirwp.cs in SourceAssetDB has modification time of '2025-10-29T19:09:46Z' while content on disk has modification time of '2026-10-01T13:43:59Z'
Number of updated asset objects reloaded before import = 0Number of asset objects unloaded after import = 0

========================================================================
Received Import Request.
  Time since last request: 0.008103 seconds.
  path: Assets/Scripts/SeguirWP.cs
  artifactKey: Guid(fa40b3335edfe834097929e9162e41d1) Importer(815301076,1909f56bfc062723c751e8b465ee728b)
Start importing Assets/Scripts/SeguirWP.cs using Guid(fa40b3335edfe834097929e9162e41d1) Importer(815301076,1909f56bfc062723c751e8b465ee728b) (PreviewImporter) -> (artifact id: '00000000000000000000000000000000') in 0.0007845 seconds
Import Error Code:(4)
Message: Build asset version error: assets/scripts/seguirwp.cs in SourceAssetDB has modification time of '2025-10-29T19:09:46Z' while content on disk has modification time of '2026-10-01T13:43:59Z'
  ERROR: Build asset version error: assets/scripts/seguirwp.cs in SourceAssetDB has modification time of '2025-10-29T19:09:46Z' while content on disk has modification time of '2026-10-01T13:43:59Z'
Number of updated asset objects reloaded before import = 0Number of asset objects unloaded after import = 0

========================================================================
Received Import Request.
  Time since last request: 0.005350 seconds.
  path: Assets/Scripts/SeguirWP.cs
  artifactKey: Guid(fa40b3335edfe834097929e9162e41d1) Importer(815301076,1909f56bfc062723c751e8b465ee728b)
Start importing Assets/Scripts/SeguirWP.cs using Guid(fa40b3335edfe834097929e9162e41d1) Importer(815301076,1909f56bfc062723c751e8b465ee728b) (PreviewImporter) -> (artifact id: '00000000000000000000000000000000') in 0.000964167 seconds
Import Error Code:(4)
Message: Build asset version error: assets/scripts/seguirwp.cs in SourceAssetDB has modification time of '2025-10-29T19:09:46Z' while content on disk has modification time of '2026-10-01T13:43:59Z'
  ERROR: Build asset version error: assets/scripts/seguirwp.cs in SourceAssetDB has modification time of '2025-10-29T19:09:46Z' while content on disk has modification time of '2026-10-01T13:43:59Z'
Number of updated asset objects reloaded before import = 0Number of asset objects unloaded after import = 0

========================================================================
Received Import Request.
  Time since last request: 0.005889 seconds.
  path: Assets/Scripts/SeguirWP.cs
  artifactKey: Guid(fa40b3335edfe834097929e9162e41d1) Importer(815301076,1909f56bfc062723c751e8b465ee728b)
Start importing Assets/Scripts/SeguirWP.cs using Guid(fa40b3335edfe834097929e9162e41d1) Importer(815301076,1909f56bfc062723c751e8b465ee728b) (PreviewImporter) -> (artifact id: '00000000000000000000000000000000') in 0.000663583 seconds
Import Error Code:(4)
Message: Build asset version error: assets/scripts/seguirwp.cs in SourceAssetDB has modification time of '2025-10-29T19:09:46Z' while content on disk has modification time of '2026-10-01T13:43:59Z'
  ERROR: Build asset version error: assets/scripts/seguirwp.cs in SourceAssetDB has modification time of '2025-10-29T19:09:46Z' while content on disk has modification time of '2026-10-01T13:43:59Z'
Number of updated asset objects reloaded before import = 0Number of asset objects unloaded after import = 0

========================================================================
Received Import Request.
  Time since last request: 0.000876 seconds.
  path: Assets/Scripts/SeguirWP.cs
  artifactKey: Guid(fa40b3335edfe834097929e9162e41d1) Importer(815301076,1909f56bfc062723c751e8b465ee728b)
Start importing Assets/Scripts/SeguirWP.cs using Guid(fa40b3335edfe834097929e9162e41d1) Importer(815301076,1909f56bfc062723c751e8b465ee728b) (PreviewImporter) -> (artifact id: '00000000000000000000000000000000') in 0.000868084 seconds
Import Error Code:(4)
Message: Build asset version error: assets/scripts/seguirwp.cs in SourceAssetDB has modification time of '2025-10-29T19:09:46Z' while content on disk has modification time of '2026-10-01T13:43:59Z'
  ERROR: Build asset version error: assets/scripts/seguirwp.cs in SourceAssetDB has modification time of '2025-10-29T19:09:46Z' while content on disk has modification time of '2026-10-01T13:43:59Z'
Number of updated asset objects reloaded before import = 0Number of asset objects unloaded after import = 0

========================================================================
Received Import Request.
  Time since last request: 0.006295 seconds.
  path: Assets/Scripts/SeguirWP.cs
  artifactKey: Guid(fa40b3335edfe834097929e9162e41d1) Importer(815301076,1909f56bfc062723c751e8b465ee728b)
Start importing Assets/Scripts/SeguirWP.cs using Guid(fa40b3335edfe834097929e9162e41d1) Importer(815301076,1909f56bfc062723c751e8b465ee728b) (PreviewImporter) -> (artifact id: '00000000000000000000000000000000') in 0.000950958 seconds
Import Error Code:(4)
Message: Build asset version error: assets/scripts/seguirwp.cs in SourceAssetDB has modification time of '2025-10-29T19:09:46Z' while content on disk has modification time of '2026-10-01T13:43:59Z'
  ERROR: Build asset version error: assets/scripts/seguirwp.cs in SourceAssetDB has modification time of '2025-10-29T19:09:46Z' while content on disk has modification time of '2026-10-01T13:43:59Z'
Number of updated asset objects reloaded before import = 0Number of asset objects unloaded after import = 0

========================================================================
Received Import Request.
  Time since last request: 0.002896 seconds.
  path: Assets/Scripts/SeguirWP.cs
  artifactKey: Guid(fa40b3335edfe834097929e9162e41d1) Importer(815301076,1909f56bfc062723c751e8b465ee728b)
Start importing Assets/Scripts/SeguirWP.cs using Guid(fa40b3335edfe834097929e9162e41d1) Importer(815301076,1909f56bfc062723c751e8b465ee728b) (PreviewImporter) -> (artifact id: '00000000000000000000000000000000') in 0.003211042 seconds
Import Error Code:(4)
Message: Build asset version error: assets/scripts/seguirwp.cs in SourceAssetDB has modification time of '2025-10-29T19:09:46Z' while content on disk has modification time of '2026-10-01T13:43:59Z'
  ERROR: Build asset version error: assets/scripts/seguirwp.cs in SourceAssetDB has modification time of '2025-10-29T19:09:46Z' while content on disk has modification time of '2026-10-01T13:43:59Z'
Number of updated asset objects reloaded before import = 0Number of asset objects unloaded after import = 0

========================================================================
Received Import Request.
  Time since last request: 0.006544 seconds.
  path: Assets/Scripts/SeguirWP.cs
  artifactKey: Guid(fa40b3335edfe834097929e9162e41d1) Importer(815301076,1909f56bfc062723c751e8b465ee728b)
Start importing Assets/Scripts/SeguirWP.cs using Guid(fa40b3335edfe834097929e9162e41d1) Importer(815301076,1909f56bfc062723c751e8b465ee728b) (PreviewImporter) -> (artifact id: '00000000000000000000000000000000') in 0.001056583 seconds
Import Error Code:(4)
Message: Build asset version error: assets/scripts/seguirwp.cs in SourceAssetDB has modification time of '2025-10-29T19:09:46Z' while content on disk has modification time of '2026-10-01T13:43:59Z'
  ERROR: Build asset version error: assets/scripts/seguirwp.cs in SourceAssetDB has modification time of '2025-10-29T19:09:46Z' while content on disk has modification time of '2026-10-01T13:43:59Z'
Number of updated asset objects reloaded before import = 0Number of asset objects unloaded after import = 0

========================================================================
Received Import Request.
  Time since last request: 0.002298 seconds.
  path: Assets/Scripts/SeguirWP.cs
  artifactKey: Guid(fa40b3335edfe834097929e9162e41d1) Importer(815301076,1909f56bfc062723c751e8b465ee728b)
Start importing Assets/Scripts/SeguirWP.cs using Guid(fa40b3335edfe834097929e9162e41d1) Importer(815301076,1909f56bfc062723c751e8b465ee728b) (PreviewImporter) -> (artifact id: '00000000000000000000000000000000') in 0.001100334 seconds
Import Error Code:(4)
Message: Build asset version error: assets/scripts/seguirwp.cs in SourceAssetDB has modification time of '2025-10-29T19:09:46Z' while content on disk has modification time of '2026-10-01T13:43:59Z'
  ERROR: Build asset version error: assets/scripts/seguirwp.cs in SourceAssetDB has modification time of '2025-10-29T19:09:46Z' while content on disk has modification time of '2026-10-01T13:43:59Z'
Number of updated asset objects reloaded before import = 0Number of asset objects unloaded after import = 0

========================================================================
Received Import Request.
  Time since last request: 0.022735 seconds.
  path: Assets/Scripts/SeguirWP.cs
  artifactKey: Guid(fa40b3335edfe834097929e9162e41d1) Importer(815301076,1909f56bfc062723c751e8b465ee728b)
Start importing Assets/Scripts/SeguirWP.cs using Guid(fa40b3335edfe834097929e9162e41d1) Importer(815301076,1909f56bfc062723c751e8b465ee728b) (PreviewImporter) -> (artifact id: '00000000000000000000000000000000') in 0.00162475 seconds
Import Error Code:(4)
Message: Build asset version error: assets/scripts/seguirwp.cs in SourceAssetDB has modification time of '2025-10-29T19:09:46Z' while content on disk has modification time of '2026-10-01T13:43:59Z'
  ERROR: Build asset version error: assets/scripts/seguirwp.cs in SourceAssetDB has modification time of '2025-10-29T19:09:46Z' while content on disk has modification time of '2026-10-01T13:43:59Z'
Number of updated asset objects reloaded before import = 0Number of asset objects unloaded after import = 0

========================================================================
Received Import Request.
  Time since last request: 0.001836 seconds.
  path: Assets/Scripts/SeguirWP.cs
  artifactKey: Guid(fa40b3335edfe834097929e9162e41d1) Importer(815301076,1909f56bfc062723c751e8b465ee728b)
Start importing Assets/Scripts/SeguirWP.cs using Guid(fa40b3335edfe834097929e9162e41d1) Importer(815301076,1909f56bfc062723c751e8b465ee728b) (PreviewImporter) -> (artifact id: '00000000000000000000000000000000') in 0.000833084 seconds
Import Error Code:(4)
Message: Build asset version error: assets/scripts/seguirwp.cs in SourceAssetDB has modification time of '2025-10-29T19:09:46Z' while content on disk has modification time of '2026-10-01T13:43:59Z'
  ERROR: Build asset version error: assets/scripts/seguirwp.cs in SourceAssetDB has modification time of '2025-10-29T19:09:46Z' while content on disk has modification time of '2026-10-01T13:43:59Z'
Number of updated asset objects reloaded before import = 0Number of asset objects unloaded after import = 0

========================================================================
Received Import Request.
  Time since last request: 0.009009 seconds.
  path: Assets/Scripts/SeguirWP.cs
  artifactKey: Guid(fa40b3335edfe834097929e9162e41d1) Importer(815301076,1909f56bfc062723c751e8b465ee728b)
Start importing Assets/Scripts/SeguirWP.cs using Guid(fa40b3335edfe834097929e9162e41d1) Importer(815301076,1909f56bfc062723c751e8b465ee728b) (PreviewImporter) -> (artifact id: '00000000000000000000000000000000') in 0.000708666 seconds
Import Error Code:(4)
Message: Build asset version error: assets/scripts/seguirwp.cs in SourceAssetDB has modification time of '2025-10-29T19:09:46Z' while content on disk has modification time of '2026-10-01T13:43:59Z'
  ERROR: Build asset version error: assets/scripts/seguirwp.cs in SourceAssetDB has modification time of '2025-10-29T19:09:46Z' while content on disk has modification time of '2026-10-01T13:43:59Z'
Number of updated asset objects reloaded before import = 0Number of asset objects unloaded after import = 0

========================================================================
Received Import Request.
  Time since last request: 0.001434 seconds.
  path: Assets/Scripts/SeguirWP.cs
  artifactKey: Guid(fa40b3335edfe834097929e9162e41d1) Importer(815301076,1909f56bfc062723c751e8b465ee728b)
Start importing Assets/Scripts/SeguirWP.cs using Guid(fa40b3335edfe834097929e9162e41d1) Importer(815301076,1909f56bfc062723c751e8b465ee728b) (PreviewImporter) -> (artifact id: '00000000000000000000000000000000') in 0.000497375 seconds
Import Error Code:(4)
Message: Build asset version error: assets/scripts/seguirwp.cs in SourceAssetDB has modification time of '2025-10-29T19:09:46Z' while content on disk has modification time of '2026-10-01T13:43:59Z'
  ERROR: Build asset version error: assets/scripts/seguirwp.cs in SourceAssetDB has modification time of '2025-10-29T19:09:46Z' while content on disk has modification time of '2026-10-01T13:43:59Z'
Number of updated asset objects reloaded before import = 0Number of asset objects unloaded after import = 0

========================================================================
Received Import Request.
  Time since last request: 0.004151 seconds.
  path: Assets/Scripts/SeguirWP.cs
  artifactKey: Guid(fa40b3335edfe834097929e9162e41d1) Importer(815301076,1909f56bfc062723c751e8b465ee728b)
Start importing Assets/Scripts/SeguirWP.cs using Guid(fa40b3335edfe834097929e9162e41d1) Importer(815301076,1909f56bfc062723c751e8b465ee728b) (PreviewImporter) -> (artifact id: '00000000000000000000000000000000') in 0.000444792 seconds
Import Error Code:(4)
Message: Build asset version error: assets/scripts/seguirwp.cs in SourceAssetDB has modification time of '2025-10-29T19:09:46Z' while content on disk has modification time of '2026-10-01T13:43:59Z'
  ERROR: Build asset version error: assets/scripts/seguirwp.cs in SourceAssetDB has modification time of '2025-10-29T19:09:46Z' while content on disk has modification time of '2026-10-01T13:43:59Z'
Number of updated asset objects reloaded before import = 0Number of asset objects unloaded after import = 0

========================================================================
Received Import Request.
  Time since last request: 0.004132 seconds.
  path: Assets/Scripts/SeguirWP.cs
  artifactKey: Guid(fa40b3335edfe834097929e9162e41d1) Importer(815301076,1909f56bfc062723c751e8b465ee728b)
Start importing Assets/Scripts/SeguirWP.cs using Guid(fa40b3335edfe834097929e9162e41d1) Importer(815301076,1909f56bfc062723c751e8b465ee728b) (PreviewImporter) -> (artifact id: '00000000000000000000000000000000') in 0.000607083 seconds
Import Error Code:(4)
Message: Build asset version error: assets/scripts/seguirwp.cs in SourceAssetDB has modification time of '2025-10-29T19:09:46Z' while content on disk has modification time of '2026-10-01T13:43:59Z'
  ERROR: Build asset version error: assets/scripts/seguirwp.cs in SourceAssetDB has modification time of '2025-10-29T19:09:46Z' while content on disk has modification time of '2026-10-01T13:43:59Z'
Number of updated asset objects reloaded before import = 0Number of asset objects unloaded after import = 0

========================================================================
Received Import Request.
  Time since last request: 0.009393 seconds.
  path: Assets/Scripts/SeguirWP.cs
  artifactKey: Guid(fa40b3335edfe834097929e9162e41d1) Importer(815301076,1909f56bfc062723c751e8b465ee728b)
Start importing Assets/Scripts/SeguirWP.cs using Guid(fa40b3335edfe834097929e9162e41d1) Importer(815301076,1909f56bfc062723c751e8b465ee728b) (PreviewImporter) -> (artifact id: '00000000000000000000000000000000') in 0.000501458 seconds
Import Error Code:(4)
Message: Build asset version error: assets/scripts/seguirwp.cs in SourceAssetDB has modification time of '2025-10-29T19:09:46Z' while content on disk has modification time of '2026-10-01T13:43:59Z'
  ERROR: Build asset version error: assets/scripts/seguirwp.cs in SourceAssetDB has modification time of '2025-10-29T19:09:46Z' while content on disk has modification time of '2026-10-01T13:43:59Z'
Number of updated asset objects reloaded before import = 0Number of asset objects unloaded after import = 0

========================================================================
Received Import Request.
  Time since last request: 0.015431 seconds.
  path: Assets/Scripts/SeguirWP.cs
  artifactKey: Guid(fa40b3335edfe834097929e9162e41d1) Importer(815301076,1909f56bfc062723c751e8b465ee728b)
Start importing Assets/Scripts/SeguirWP.cs using Guid(fa40b3335edfe834097929e9162e41d1) Importer(815301076,1909f56bfc062723c751e8b465ee728b) (PreviewImporter) -> (artifact id: '00000000000000000000000000000000') in 0.000840208 seconds
Import Error Code:(4)
Message: Build asset version error: assets/scripts/seguirwp.cs in SourceAssetDB has modification time of '2025-10-29T19:09:46Z' while content on disk has modification time of '2026-10-01T13:43:59Z'
  ERROR: Build asset version error: assets/scripts/seguirwp.cs in SourceAssetDB has modification time of '2025-10-29T19:09:46Z' while content on disk has modification time of '2026-10-01T13:43:59Z'
Number of updated asset objects reloaded before import = 0Number of asset objects unloaded after import = 0

========================================================================
Received Import Request.
  Time since last request: 0.017546 seconds.
  path: Assets/Scripts/SeguirWP.cs
  artifactKey: Guid(fa40b3335edfe834097929e9162e41d1) Importer(815301076,1909f56bfc062723c751e8b465ee728b)
Start importing Assets/Scripts/SeguirWP.cs using Guid(fa40b3335edfe834097929e9162e41d1) Importer(815301076,1909f56bfc062723c751e8b465ee728b) (PreviewImporter) -> (artifact id: '00000000000000000000000000000000') in 0.000785583 seconds
Import Error Code:(4)
Message: Build asset version error: assets/scripts/seguirwp.cs in SourceAssetDB has modification time of '2025-10-29T19:09:46Z' while content on disk has modification time of '2026-10-01T13:43:59Z'
  ERROR: Build asset version error: assets/scripts/seguirwp.cs in SourceAssetDB has modification time of '2025-10-29T19:09:46Z' while content on disk has modification time of '2026-10-01T13:43:59Z'
Number of updated asset objects reloaded before import = 0Number of asset objects unloaded after import = 0

========================================================================
Received Import Request.
  Time since last request: 0.017167 seconds.
  path: Assets/Scripts/SeguirWP.cs
  artifactKey: Guid(fa40b3335edfe834097929e9162e41d1) Importer(815301076,1909f56bfc062723c751e8b465ee728b)
Start importing Assets/Scripts/SeguirWP.cs using Guid(fa40b3335edfe834097929e9162e41d1) Importer(815301076,1909f56bfc062723c751e8b465ee728b) (PreviewImporter) -> (artifact id: '00000000000000000000000000000000') in 0.000440333 seconds
Import Error Code:(4)
Message: Build asset version error: assets/scripts/seguirwp.cs in SourceAssetDB has modification time of '2025-10-29T19:09:46Z' while content on disk has modification time of '2026-10-01T13:43:59Z'
  ERROR: Build asset version error: assets/scripts/seguirwp.cs in SourceAssetDB has modification time of '2025-10-29T19:09:46Z' while content on disk has modification time of '2026-10-01T13:43:59Z'
Number of updated asset objects reloaded before import = 0Number of asset objects unloaded after import = 0

========================================================================
Received Import Request.
  Time since last request: 0.000881 seconds.
  path: Assets/Scripts/SeguirWP.cs
  artifactKey: Guid(fa40b3335edfe834097929e9162e41d1) Importer(815301076,1909f56bfc062723c751e8b465ee728b)
Start importing Assets/Scripts/SeguirWP.cs using Guid(fa40b3335edfe834097929e9162e41d1) Importer(815301076,1909f56bfc062723c751e8b465ee728b) (PreviewImporter) -> (artifact id: '00000000000000000000000000000000') in 0.00080175 seconds
Import Error Code:(4)
Message: Build asset version error: assets/scripts/seguirwp.cs in SourceAssetDB has modification time of '2025-10-29T19:09:46Z' while content on disk has modification time of '2026-10-01T13:43:59Z'
  ERROR: Build asset version error: assets/scripts/seguirwp.cs in SourceAssetDB has modification time of '2025-10-29T19:09:46Z' while content on disk has modification time of '2026-10-01T13:43:59Z'
Number of updated asset objects reloaded before import = 0Number of asset objects unloaded after import = 0

========================================================================
Received Import Request.
  Time since last request: 0.003668 seconds.
  path: Assets/Scripts/SeguirWP.cs
  artifactKey: Guid(fa40b3335edfe834097929e9162e41d1) Importer(815301076,1909f56bfc062723c751e8b465ee728b)
Start importing Assets/Scripts/SeguirWP.cs using Guid(fa40b3335edfe834097929e9162e41d1) Importer(815301076,1909f56bfc062723c751e8b465ee728b) (PreviewImporter) -> (artifact id: '00000000000000000000000000000000') in 0.00049975 seconds
Import Error Code:(4)
Message: Build asset version error: assets/scripts/seguirwp.cs in SourceAssetDB has modification time of '2025-10-29T19:09:46Z' while content on disk has modification time of '2026-10-01T13:43:59Z'
  ERROR: Build asset version error: assets/scripts/seguirwp.cs in SourceAssetDB has modification time of '2025-10-29T19:09:46Z' while content on disk has modification time of '2026-10-01T13:43:59Z'
Number of updated asset objects reloaded before import = 0Number of asset objects unloaded after import = 0

========================================================================
Received Import Request.
  Time since last request: 0.016352 seconds.
  path: Assets/Scripts/SeguirWP.cs
  artifactKey: Guid(fa40b3335edfe834097929e9162e41d1) Importer(815301076,1909f56bfc062723c751e8b465ee728b)
Start importing Assets/Scripts/SeguirWP.cs using Guid(fa40b3335edfe834097929e9162e41d1) Importer(815301076,1909f56bfc062723c751e8b465ee728b) (PreviewImporter) -> (artifact id: '00000000000000000000000000000000') in 0.00100875 seconds
Import Error Code:(4)
Message: Build asset version error: assets/scripts/seguirwp.cs in SourceAssetDB has modification time of '2025-10-29T19:09:46Z' while content on disk has modification time of '2026-10-01T13:43:59Z'
  ERROR: Build asset version error: assets/scripts/seguirwp.cs in SourceAssetDB has modification time of '2025-10-29T19:09:46Z' while content on disk has modification time of '2026-10-01T13:43:59Z'
Number of updated asset objects reloaded before import = 0Number of asset objects unloaded after import = 0

========================================================================
Received Import Request.
  Time since last request: 0.000758 seconds.
  path: Assets/Scripts/SeguirWP.cs
  artifactKey: Guid(fa40b3335edfe834097929e9162e41d1) Importer(815301076,1909f56bfc062723c751e8b465ee728b)
Start importing Assets/Scripts/SeguirWP.cs using Guid(fa40b3335edfe834097929e9162e41d1) Importer(815301076,1909f56bfc062723c751e8b465ee728b) (PreviewImporter) -> (artifact id: '00000000000000000000000000000000') in 0.0007325 seconds
Import Error Code:(4)
Message: Build asset version error: assets/scripts/seguirwp.cs in SourceAssetDB has modification time of '2025-10-29T19:09:46Z' while content on disk has modification time of '2026-10-01T13:43:59Z'
  ERROR: Build asset version error: assets/scripts/seguirwp.cs in SourceAssetDB has modification time of '2025-10-29T19:09:46Z' while content on disk has modification time of '2026-10-01T13:43:59Z'
Number of updated asset objects reloaded before import = 0Number of asset objects unloaded after import = 0

========================================================================
Received Import Request.
  Time since last request: 0.007633 seconds.
  path: Assets/Scripts/SeguirWP.cs
  artifactKey: Guid(fa40b3335edfe834097929e9162e41d1) Importer(815301076,1909f56bfc062723c751e8b465ee728b)
Start importing Assets/Scripts/SeguirWP.cs using Guid(fa40b3335edfe834097929e9162e41d1) Importer(815301076,1909f56bfc062723c751e8b465ee728b) (PreviewImporter) -> (artifact id: '00000000000000000000000000000000') in 0.000503083 seconds
Import Error Code:(4)
Message: Build asset version error: assets/scripts/seguirwp.cs in SourceAssetDB has modification time of '2025-10-29T19:09:46Z' while content on disk has modification time of '2026-10-01T13:43:59Z'
  ERROR: Build asset version error: assets/scripts/seguirwp.cs in SourceAssetDB has modification time of '2025-10-29T19:09:46Z' while content on disk has modification time of '2026-10-01T13:43:59Z'
Number of updated asset objects reloaded before import = 0Number of asset objects unloaded after import = 0

========================================================================
Received Import Request.
  Time since last request: 0.002886 seconds.
  path: Assets/Scripts/SeguirWP.cs
  artifactKey: Guid(fa40b3335edfe834097929e9162e41d1) Importer(815301076,1909f56bfc062723c751e8b465ee728b)
Start importing Assets/Scripts/SeguirWP.cs using Guid(fa40b3335edfe834097929e9162e41d1) Importer(815301076,1909f56bfc062723c751e8b465ee728b) (PreviewImporter) -> (artifact id: '00000000000000000000000000000000') in 0.000711458 seconds
Import Error Code:(4)
Message: Build asset version error: assets/scripts/seguirwp.cs in SourceAssetDB has modification time of '2025-10-29T19:09:46Z' while content on disk has modification time of '2026-10-01T13:43:59Z'
  ERROR: Build asset version error: assets/scripts/seguirwp.cs in SourceAssetDB has modification time of '2025-10-29T19:09:46Z' while content on disk has modification time of '2026-10-01T13:43:59Z'
Number of updated asset objects reloaded before import = 0Number of asset objects unloaded after import = 0

========================================================================
Received Import Request.
  Time since last request: 0.018035 seconds.
  path: Assets/Scripts/SeguirWP.cs
  artifactKey: Guid(fa40b3335edfe834097929e9162e41d1) Importer(815301076,1909f56bfc062723c751e8b465ee728b)
Start importing Assets/Scripts/SeguirWP.cs using Guid(fa40b3335edfe834097929e9162e41d1) Importer(815301076,1909f56bfc062723c751e8b465ee728b) (PreviewImporter) -> (artifact id: '00000000000000000000000000000000') in 0.001001583 seconds
Import Error Code:(4)
Message: Build asset version error: assets/scripts/seguirwp.cs in SourceAssetDB has modification time of '2025-10-29T19:09:46Z' while content on disk has modification time of '2026-10-01T13:43:59Z'
  ERROR: Build asset version error: assets/scripts/seguirwp.cs in SourceAssetDB has modification time of '2025-10-29T19:09:46Z' while content on disk has modification time of '2026-10-01T13:43:59Z'
Number of updated asset objects reloaded before import = 0Number of asset objects unloaded after import = 0

========================================================================
Received Import Request.
  Time since last request: 0.004865 seconds.
  path: Assets/Scripts/SeguirWP.cs
  artifactKey: Guid(fa40b3335edfe834097929e9162e41d1) Importer(815301076,1909f56bfc062723c751e8b465ee728b)
Start importing Assets/Scripts/SeguirWP.cs using Guid(fa40b3335edfe834097929e9162e41d1) Importer(815301076,1909f56bfc062723c751e8b465ee728b) (PreviewImporter) -> (artifact id: '00000000000000000000000000000000') in 0.000802375 seconds
Import Error Code:(4)
Message: Build asset version error: assets/scripts/seguirwp.cs in SourceAssetDB has modification time of '2025-10-29T19:09:46Z' while content on disk has modification time of '2026-10-01T13:43:59Z'
  ERROR: Build asset version error: assets/scripts/seguirwp.cs in SourceAssetDB has modification time of '2025-10-29T19:09:46Z' while content on disk has modification time of '2026-10-01T13:43:59Z'
Number of updated asset objects reloaded before import = 0Number of asset objects unloaded after import = 0

========================================================================
Received Import Request.
  Time since last request: 0.012998 seconds.
  path: Assets/Scripts/SeguirWP.cs
  artifactKey: Guid(fa40b3335edfe834097929e9162e41d1) Importer(815301076,1909f56bfc062723c751e8b465ee728b)
Start importing Assets/Scripts/SeguirWP.cs using Guid(fa40b3335edfe834097929e9162e41d1) Importer(815301076,1909f56bfc062723c751e8b465ee728b) (PreviewImporter) -> (artifact id: '00000000000000000000000000000000') in 0.001059625 seconds
Import Error Code:(4)
Message: Build asset version error: assets/scripts/seguirwp.cs in SourceAssetDB has modification time of '2025-10-29T19:09:46Z' while content on disk has modification time of '2026-10-01T13:43:59Z'
  ERROR: Build asset version error: assets/scripts/seguirwp.cs in SourceAssetDB has modification time of '2025-10-29T19:09:46Z' while content on disk has modification time of '2026-10-01T13:43:59Z'
Number of updated asset objects reloaded before import = 0Number of asset objects unloaded after import = 0

========================================================================
Received Import Request.
  Time since last request: 0.010783 seconds.
  path: Assets/Scripts/SeguirWP.cs
  artifactKey: Guid(fa40b3335edfe834097929e9162e41d1) Importer(815301076,1909f56bfc062723c751e8b465ee728b)
Start importing Assets/Scripts/SeguirWP.cs using Guid(fa40b3335edfe834097929e9162e41d1) Importer(815301076,1909f56bfc062723c751e8b465ee728b) (PreviewImporter) -> (artifact id: '00000000000000000000000000000000') in 0.00102 seconds
Import Error Code:(4)
Message: Build asset version error: assets/scripts/seguirwp.cs in SourceAssetDB has modification time of '2025-10-29T19:09:46Z' while content on disk has modification time of '2026-10-01T13:43:59Z'
  ERROR: Build asset version error: assets/scripts/seguirwp.cs in SourceAssetDB has modification time of '2025-10-29T19:09:46Z' while content on disk has modification time of '2026-10-01T13:43:59Z'
Number of updated asset objects reloaded before import = 0Number of asset objects unloaded after import = 0

========================================================================
Received Import Request.
  Time since last request: 0.021226 seconds.
  path: Assets/Scripts/SeguirWP.cs
  artifactKey: Guid(fa40b3335edfe834097929e9162e41d1) Importer(815301076,1909f56bfc062723c751e8b465ee728b)
Start importing Assets/Scripts/SeguirWP.cs using Guid(fa40b3335edfe834097929e9162e41d1) Importer(815301076,1909f56bfc062723c751e8b465ee728b) (PreviewImporter) -> (artifact id: '00000000000000000000000000000000') in 0.000910458 seconds
Import Error Code:(4)
Message: Build asset version error: assets/scripts/seguirwp.cs in SourceAssetDB has modification time of '2025-10-29T19:09:46Z' while content on disk has modification time of '2026-10-01T13:43:59Z'
  ERROR: Build asset version error: assets/scripts/seguirwp.cs in SourceAssetDB has modification time of '2025-10-29T19:09:46Z' while content on disk has modification time of '2026-10-01T13:43:59Z'
Number of updated asset objects reloaded before import = 0Number of asset objects unloaded after import = 0

========================================================================
Received Import Request.
  Time since last request: 0.011077 seconds.
  path: Assets/Scripts/SeguirWP.cs
  artifactKey: Guid(fa40b3335edfe834097929e9162e41d1) Importer(815301076,1909f56bfc062723c751e8b465ee728b)
Start importing Assets/Scripts/SeguirWP.cs using Guid(fa40b3335edfe834097929e9162e41d1) Importer(815301076,1909f56bfc062723c751e8b465ee728b) (PreviewImporter) -> (artifact id: '00000000000000000000000000000000') in 0.000879 seconds
Import Error Code:(4)
Message: Build asset version error: assets/scripts/seguirwp.cs in SourceAssetDB has modification time of '2025-10-29T19:09:46Z' while content on disk has modification time of '2026-10-01T13:43:59Z'
  ERROR: Build asset version error: assets/scripts/seguirwp.cs in SourceAssetDB has modification time of '2025-10-29T19:09:46Z' while content on disk has modification time of '2026-10-01T13:43:59Z'
Number of updated asset objects reloaded before import = 0Number of asset objects unloaded after import = 0

========================================================================
Received Import Request.
  Time since last request: 0.009755 seconds.
  path: Assets/Scripts/SeguirWP.cs
  artifactKey: Guid(fa40b3335edfe834097929e9162e41d1) Importer(815301076,1909f56bfc062723c751e8b465ee728b)
Start importing Assets/Scripts/SeguirWP.cs using Guid(fa40b3335edfe834097929e9162e41d1) Importer(815301076,1909f56bfc062723c751e8b465ee728b) (PreviewImporter) -> (artifact id: '00000000000000000000000000000000') in 0.000862042 seconds
Import Error Code:(4)
Message: Build asset version error: assets/scripts/seguirwp.cs in SourceAssetDB has modification time of '2025-10-29T19:09:46Z' while content on disk has modification time of '2026-10-01T13:43:59Z'
  ERROR: Build asset version error: assets/scripts/seguirwp.cs in SourceAssetDB has modification time of '2025-10-29T19:09:46Z' while content on disk has modification time of '2026-10-01T13:43:59Z'
Number of updated asset objects reloaded before import = 0Number of asset objects unloaded after import = 0

========================================================================
Received Import Request.
  Time since last request: 0.001259 seconds.
  path: Assets/Scripts/SeguirWP.cs
  artifactKey: Guid(fa40b3335edfe834097929e9162e41d1) Importer(815301076,1909f56bfc062723c751e8b465ee728b)
Start importing Assets/Scripts/SeguirWP.cs using Guid(fa40b3335edfe834097929e9162e41d1) Importer(815301076,1909f56bfc062723c751e8b465ee728b) (PreviewImporter) -> (artifact id: '00000000000000000000000000000000') in 0.000717209 seconds
Import Error Code:(4)
Message: Build asset version error: assets/scripts/seguirwp.cs in SourceAssetDB has modification time of '2025-10-29T19:09:46Z' while content on disk has modification time of '2026-10-01T13:43:59Z'
  ERROR: Build asset version error: assets/scripts/seguirwp.cs in SourceAssetDB has modification time of '2025-10-29T19:09:46Z' while content on disk has modification time of '2026-10-01T13:43:59Z'
Number of updated asset objects reloaded before import = 0Number of asset objects unloaded after import = 0

========================================================================
Received Import Request.
  Time since last request: 0.003503 seconds.
  path: Assets/Scripts/SeguirWP.cs
  artifactKey: Guid(fa40b3335edfe834097929e9162e41d1) Importer(815301076,1909f56bfc062723c751e8b465ee728b)
Start importing Assets/Scripts/SeguirWP.cs using Guid(fa40b3335edfe834097929e9162e41d1) Importer(815301076,1909f56bfc062723c751e8b465ee728b) (PreviewImporter) -> (artifact id: '00000000000000000000000000000000') in 0.001072625 seconds
Import Error Code:(4)
Message: Build asset version error: assets/scripts/seguirwp.cs in SourceAssetDB has modification time of '2025-10-29T19:09:46Z' while content on disk has modification time of '2026-10-01T13:43:59Z'
  ERROR: Build asset version error: assets/scripts/seguirwp.cs in SourceAssetDB has modification time of '2025-10-29T19:09:46Z' while content on disk has modification time of '2026-10-01T13:43:59Z'
Number of updated asset objects reloaded before import = 0Number of asset objects unloaded after import = 0

========================================================================
Received Import Request.
  Time since last request: 0.001709 seconds.
  path: Assets/Scripts/SeguirWP.cs
  artifactKey: Guid(fa40b3335edfe834097929e9162e41d1) Importer(815301076,1909f56bfc062723c751e8b465ee728b)
Start importing Assets/Scripts/SeguirWP.cs using Guid(fa40b3335edfe834097929e9162e41d1) Importer(815301076,1909f56bfc062723c751e8b465ee728b) (PreviewImporter) -> (artifact id: '00000000000000000000000000000000') in 0.000564708 seconds
Import Error Code:(4)
Message: Build asset version error: assets/scripts/seguirwp.cs in SourceAssetDB has modification time of '2025-10-29T19:09:46Z' while content on disk has modification time of '2026-10-01T13:43:59Z'
  ERROR: Build asset version error: assets/scripts/seguirwp.cs in SourceAssetDB has modification time of '2025-10-29T19:09:46Z' while content on disk has modification time of '2026-10-01T13:43:59Z'
Number of updated asset objects reloaded before import = 0Number of asset objects unloaded after import = 0

========================================================================
Received Import Request.
  Time since last request: 0.029088 seconds.
  path: Assets/Scripts/SeguirWP.cs
  artifactKey: Guid(fa40b3335edfe834097929e9162e41d1) Importer(815301076,1909f56bfc062723c751e8b465ee728b)
Start importing Assets/Scripts/SeguirWP.cs using Guid(fa40b3335edfe834097929e9162e41d1) Importer(815301076,1909f56bfc062723c751e8b465ee728b) (PreviewImporter) -> (artifact id: '00000000000000000000000000000000') in 0.000720375 seconds
Import Error Code:(4)
Message: Build asset version error: assets/scripts/seguirwp.cs in SourceAssetDB has modification time of '2025-10-29T19:09:46Z' while content on disk has modification time of '2026-10-01T13:43:59Z'
  ERROR: Build asset version error: assets/scripts/seguirwp.cs in SourceAssetDB has modification time of '2025-10-29T19:09:46Z' while content on disk has modification time of '2026-10-01T13:43:59Z'
Number of updated asset objects reloaded before import = 0Number of asset objects unloaded after import = 0

========================================================================
Received Import Request.
  Time since last request: 0.042468 seconds.
  path: Assets/Scripts/SeguirWP.cs
  artifactKey: Guid(fa40b3335edfe834097929e9162e41d1) Importer(815301076,1909f56bfc062723c751e8b465ee728b)
Start importing Assets/Scripts/SeguirWP.cs using Guid(fa40b3335edfe834097929e9162e41d1) Importer(815301076,1909f56bfc062723c751e8b465ee728b) (PreviewImporter) -> (artifact id: '00000000000000000000000000000000') in 0.000474167 seconds
Import Error Code:(4)
Message: Build asset version error: assets/scripts/seguirwp.cs in SourceAssetDB has modification time of '2025-10-29T19:09:46Z' while content on disk has modification time of '2026-10-01T13:43:59Z'
  ERROR: Build asset version error: assets/scripts/seguirwp.cs in SourceAssetDB has modification time of '2025-10-29T19:09:46Z' while content on disk has modification time of '2026-10-01T13:43:59Z'
Number of updated asset objects reloaded before import = 0Number of asset objects unloaded after import = 0

========================================================================
Received Import Request.
  Time since last request: 0.002896 seconds.
  path: Assets/Scripts/SeguirWP.cs
  artifactKey: Guid(fa40b3335edfe834097929e9162e41d1) Importer(815301076,1909f56bfc062723c751e8b465ee728b)
Start importing Assets/Scripts/SeguirWP.cs using Guid(fa40b3335edfe834097929e9162e41d1) Importer(815301076,1909f56bfc062723c751e8b465ee728b) (PreviewImporter) -> (artifact id: '00000000000000000000000000000000') in 0.000528083 seconds
Import Error Code:(4)
Message: Build asset version error: assets/scripts/seguirwp.cs in SourceAssetDB has modification time of '2025-10-29T19:09:46Z' while content on disk has modification time of '2026-10-01T13:43:59Z'
  ERROR: Build asset version error: assets/scripts/seguirwp.cs in SourceAssetDB has modification time of '2025-10-29T19:09:46Z' while content on disk has modification time of '2026-10-01T13:43:59Z'
Number of updated asset objects reloaded before import = 0Number of asset objects unloaded after import = 0

========================================================================
Received Import Request.
  Time since last request: 0.005061 seconds.
  path: Assets/Scripts/SeguirWP.cs
  artifactKey: Guid(fa40b3335edfe834097929e9162e41d1) Importer(815301076,1909f56bfc062723c751e8b465ee728b)
Start importing Assets/Scripts/SeguirWP.cs using Guid(fa40b3335edfe834097929e9162e41d1) Importer(815301076,1909f56bfc062723c751e8b465ee728b) (PreviewImporter) -> (artifact id: '00000000000000000000000000000000') in 0.000398542 seconds
Import Error Code:(4)
Message: Build asset version error: assets/scripts/seguirwp.cs in SourceAssetDB has modification time of '2025-10-29T19:09:46Z' while content on disk has modification time of '2026-10-01T13:43:59Z'
  ERROR: Build asset version error: assets/scripts/seguirwp.cs in SourceAssetDB has modification time of '2025-10-29T19:09:46Z' while content on disk has modification time of '2026-10-01T13:43:59Z'
Number of updated asset objects reloaded before import = 0Number of asset objects unloaded after import = 0

========================================================================
Received Import Request.
  Time since last request: 0.004702 seconds.
  path: Assets/Scripts/SeguirWP.cs
  artifactKey: Guid(fa40b3335edfe834097929e9162e41d1) Importer(815301076,1909f56bfc062723c751e8b465ee728b)
Start importing Assets/Scripts/SeguirWP.cs using Guid(fa40b3335edfe834097929e9162e41d1) Importer(815301076,1909f56bfc062723c751e8b465ee728b) (PreviewImporter) -> (artifact id: '00000000000000000000000000000000') in 0.000397459 seconds
Import Error Code:(4)
Message: Build asset version error: assets/scripts/seguirwp.cs in SourceAssetDB has modification time of '2025-10-29T19:09:46Z' while content on disk has modification time of '2026-10-01T13:43:59Z'
  ERROR: Build asset version error: assets/scripts/seguirwp.cs in SourceAssetDB has modification time of '2025-10-29T19:09:46Z' while content on disk has modification time of '2026-10-01T13:43:59Z'
Number of updated asset objects reloaded before import = 0Number of asset objects unloaded after import = 0

========================================================================
Received Import Request.
  Time since last request: 0.008642 seconds.
  path: Assets/Scripts/SeguirWP.cs
  artifactKey: Guid(fa40b3335edfe834097929e9162e41d1) Importer(815301076,1909f56bfc062723c751e8b465ee728b)
Start importing Assets/Scripts/SeguirWP.cs using Guid(fa40b3335edfe834097929e9162e41d1) Importer(815301076,1909f56bfc062723c751e8b465ee728b) (PreviewImporter) -> (artifact id: '00000000000000000000000000000000') in 0.00041725 seconds
Import Error Code:(4)
Message: Build asset version error: assets/scripts/seguirwp.cs in SourceAssetDB has modification time of '2025-10-29T19:09:46Z' while content on disk has modification time of '2026-10-01T13:43:59Z'
  ERROR: Build asset version error: assets/scripts/seguirwp.cs in SourceAssetDB has modification time of '2025-10-29T19:09:46Z' while content on disk has modification time of '2026-10-01T13:43:59Z'
Number of updated asset objects reloaded before import = 0Number of asset objects unloaded after import = 0

========================================================================
Received Import Request.
  Time since last request: 0.009092 seconds.
  path: Assets/Scripts/SeguirWP.cs
  artifactKey: Guid(fa40b3335edfe834097929e9162e41d1) Importer(815301076,1909f56bfc062723c751e8b465ee728b)
Start importing Assets/Scripts/SeguirWP.cs using Guid(fa40b3335edfe834097929e9162e41d1) Importer(815301076,1909f56bfc062723c751e8b465ee728b) (PreviewImporter) -> (artifact id: '00000000000000000000000000000000') in 0.000384125 seconds
Import Error Code:(4)
Message: Build asset version error: assets/scripts/seguirwp.cs in SourceAssetDB has modification time of '2025-10-29T19:09:46Z' while content on disk has modification time of '2026-10-01T13:43:59Z'
  ERROR: Build asset version error: assets/scripts/seguirwp.cs in SourceAssetDB has modification time of '2025-10-29T19:09:46Z' while content on disk has modification time of '2026-10-01T13:43:59Z'
Number of updated asset objects reloaded before import = 0Number of asset objects unloaded after import = 0

========================================================================
Received Import Request.
  Time since last request: 0.007720 seconds.
  path: Assets/Scripts/SeguirWP.cs
  artifactKey: Guid(fa40b3335edfe834097929e9162e41d1) Importer(815301076,1909f56bfc062723c751e8b465ee728b)
Start importing Assets/Scripts/SeguirWP.cs using Guid(fa40b3335edfe834097929e9162e41d1) Importer(815301076,1909f56bfc062723c751e8b465ee728b) (PreviewImporter) -> (artifact id: '00000000000000000000000000000000') in 0.000814375 seconds
Import Error Code:(4)
Message: Build asset version error: assets/scripts/seguirwp.cs in SourceAssetDB has modification time of '2025-10-29T19:09:46Z' while content on disk has modification time of '2026-10-01T13:43:59Z'
  ERROR: Build asset version error: assets/scripts/seguirwp.cs in SourceAssetDB has modification time of '2025-10-29T19:09:46Z' while content on disk has modification time of '2026-10-01T13:43:59Z'
Number of updated asset objects reloaded before import = 0Number of asset objects unloaded after import = 0

========================================================================
Received Import Request.
  Time since last request: 0.000858 seconds.
  path: Assets/Scripts/SeguirWP.cs
  artifactKey: Guid(fa40b3335edfe834097929e9162e41d1) Importer(815301076,1909f56bfc062723c751e8b465ee728b)
Start importing Assets/Scripts/SeguirWP.cs using Guid(fa40b3335edfe834097929e9162e41d1) Importer(815301076,1909f56bfc062723c751e8b465ee728b) (PreviewImporter) -> (artifact id: '00000000000000000000000000000000') in 0.000343708 seconds
Import Error Code:(4)
Message: Build asset version error: assets/scripts/seguirwp.cs in SourceAssetDB has modification time of '2025-10-29T19:09:46Z' while content on disk has modification time of '2026-10-01T13:43:59Z'
  ERROR: Build asset version error: assets/scripts/seguirwp.cs in SourceAssetDB has modification time of '2025-10-29T19:09:46Z' while content on disk has modification time of '2026-10-01T13:43:59Z'
Number of updated asset objects reloaded before import = 0Number of asset objects unloaded after import = 0

========================================================================
Received Import Request.
  Time since last request: 0.009685 seconds.
  path: Assets/Scripts/SeguirWP.cs
  artifactKey: Guid(fa40b3335edfe834097929e9162e41d1) Importer(815301076,1909f56bfc062723c751e8b465ee728b)
Start importing Assets/Scripts/SeguirWP.cs using Guid(fa40b3335edfe834097929e9162e41d1) Importer(815301076,1909f56bfc062723c751e8b465ee728b) (PreviewImporter) -> (artifact id: '00000000000000000000000000000000') in 0.00044275 seconds
Import Error Code:(4)
Message: Build asset version error: assets/scripts/seguirwp.cs in SourceAssetDB has modification time of '2025-10-29T19:09:46Z' while content on disk has modification time of '2026-10-01T13:43:59Z'
  ERROR: Build asset version error: assets/scripts/seguirwp.cs in SourceAssetDB has modification time of '2025-10-29T19:09:46Z' while content on disk has modification time of '2026-10-01T13:43:59Z'
Number of updated asset objects reloaded before import = 0Number of asset objects unloaded after import = 0

========================================================================
Received Import Request.
  Time since last request: 0.002634 seconds.
  path: Assets/Scripts/SeguirWP.cs
  artifactKey: Guid(fa40b3335edfe834097929e9162e41d1) Importer(815301076,1909f56bfc062723c751e8b465ee728b)
Start importing Assets/Scripts/SeguirWP.cs using Guid(fa40b3335edfe834097929e9162e41d1) Importer(815301076,1909f56bfc062723c751e8b465ee728b) (PreviewImporter) -> (artifact id: '00000000000000000000000000000000') in 0.000413958 seconds
Import Error Code:(4)
Message: Build asset version error: assets/scripts/seguirwp.cs in SourceAssetDB has modification time of '2025-10-29T19:09:46Z' while content on disk has modification time of '2026-10-01T13:43:59Z'
  ERROR: Build asset version error: assets/scripts/seguirwp.cs in SourceAssetDB has modification time of '2025-10-29T19:09:46Z' while content on disk has modification time of '2026-10-01T13:43:59Z'
Number of updated asset objects reloaded before import = 0Number of asset objects unloaded after import = 0

========================================================================
Received Import Request.
  Time since last request: 0.004908 seconds.
  path: Assets/Scripts/SeguirWP.cs
  artifactKey: Guid(fa40b3335edfe834097929e9162e41d1) Importer(815301076,1909f56bfc062723c751e8b465ee728b)
Start importing Assets/Scripts/SeguirWP.cs using Guid(fa40b3335edfe834097929e9162e41d1) Importer(815301076,1909f56bfc062723c751e8b465ee728b) (PreviewImporter) -> (artifact id: '00000000000000000000000000000000') in 0.000744042 seconds
Import Error Code:(4)
Message: Build asset version error: assets/scripts/seguirwp.cs in SourceAssetDB has modification time of '2025-10-29T19:09:46Z' while content on disk has modification time of '2026-10-01T13:43:59Z'
  ERROR: Build asset version error: assets/scripts/seguirwp.cs in SourceAssetDB has modification time of '2025-10-29T19:09:46Z' while content on disk has modification time of '2026-10-01T13:43:59Z'
Number of updated asset objects reloaded before import = 0Number of asset objects unloaded after import = 0

========================================================================
Received Import Request.
  Time since last request: 0.001062 seconds.
  path: Assets/Scripts/SeguirWP.cs
  artifactKey: Guid(fa40b3335edfe834097929e9162e41d1) Importer(815301076,1909f56bfc062723c751e8b465ee728b)
Start importing Assets/Scripts/SeguirWP.cs using Guid(fa40b3335edfe834097929e9162e41d1) Importer(815301076,1909f56bfc062723c751e8b465ee728b) (PreviewImporter) -> (artifact id: '00000000000000000000000000000000') in 0.000677042 seconds
Import Error Code:(4)
Message: Build asset version error: assets/scripts/seguirwp.cs in SourceAssetDB has modification time of '2025-10-29T19:09:46Z' while content on disk has modification time of '2026-10-01T13:43:59Z'
  ERROR: Build asset version error: assets/scripts/seguirwp.cs in SourceAssetDB has modification time of '2025-10-29T19:09:46Z' while content on disk has modification time of '2026-10-01T13:43:59Z'
Number of updated asset objects reloaded before import = 0Number of asset objects unloaded after import = 0

========================================================================
Received Import Request.
  Time since last request: 0.004778 seconds.
  path: Assets/Scripts/SeguirWP.cs
  artifactKey: Guid(fa40b3335edfe834097929e9162e41d1) Importer(815301076,1909f56bfc062723c751e8b465ee728b)
Start importing Assets/Scripts/SeguirWP.cs using Guid(fa40b3335edfe834097929e9162e41d1) Importer(815301076,1909f56bfc062723c751e8b465ee728b) (PreviewImporter) -> (artifact id: '00000000000000000000000000000000') in 0.000539792 seconds
Import Error Code:(4)
Message: Build asset version error: assets/scripts/seguirwp.cs in SourceAssetDB has modification time of '2025-10-29T19:09:46Z' while content on disk has modification time of '2026-10-01T13:43:59Z'
  ERROR: Build asset version error: assets/scripts/seguirwp.cs in SourceAssetDB has modification time of '2025-10-29T19:09:46Z' while content on disk has modification time of '2026-10-01T13:43:59Z'
Number of updated asset objects reloaded before import = 0Number of asset objects unloaded after import = 0

========================================================================
Received Import Request.
  Time since last request: 0.001307 seconds.
  path: Assets/Scripts/SeguirWP.cs
  artifactKey: Guid(fa40b3335edfe834097929e9162e41d1) Importer(815301076,1909f56bfc062723c751e8b465ee728b)
Start importing Assets/Scripts/SeguirWP.cs using Guid(fa40b3335edfe834097929e9162e41d1) Importer(815301076,1909f56bfc062723c751e8b465ee728b) (PreviewImporter) -> (artifact id: '00000000000000000000000000000000') in 0.000419958 seconds
Import Error Code:(4)
Message: Build asset version error: assets/scripts/seguirwp.cs in SourceAssetDB has modification time of '2025-10-29T19:09:46Z' while content on disk has modification time of '2026-10-01T13:43:59Z'
  ERROR: Build asset version error: assets/scripts/seguirwp.cs in SourceAssetDB has modification time of '2025-10-29T19:09:46Z' while content on disk has modification time of '2026-10-01T13:43:59Z'
Number of updated asset objects reloaded before import = 0Number of asset objects unloaded after import = 0

========================================================================
Received Import Request.
  Time since last request: 0.014856 seconds.
  path: Assets/Scripts/SeguirWP.cs
  artifactKey: Guid(fa40b3335edfe834097929e9162e41d1) Importer(815301076,1909f56bfc062723c751e8b465ee728b)
Start importing Assets/Scripts/SeguirWP.cs using Guid(fa40b3335edfe834097929e9162e41d1) Importer(815301076,1909f56bfc062723c751e8b465ee728b) (PreviewImporter) -> (artifact id: '00000000000000000000000000000000') in 0.000706125 seconds
Import Error Code:(4)
Message: Build asset version error: assets/scripts/seguirwp.cs in SourceAssetDB has modification time of '2025-10-29T19:09:46Z' while content on disk has modification time of '2026-10-01T13:43:59Z'
  ERROR: Build asset version error: assets/scripts/seguirwp.cs in SourceAssetDB has modification time of '2025-10-29T19:09:46Z' while content on disk has modification time of '2026-10-01T13:43:59Z'
Number of updated asset objects reloaded before import = 0Number of asset objects unloaded after import = 0

========================================================================
Received Import Request.
  Time since last request: 0.003520 seconds.
  path: Assets/Scripts/SeguirWP.cs
  artifactKey: Guid(fa40b3335edfe834097929e9162e41d1) Importer(815301076,1909f56bfc062723c751e8b465ee728b)
Start importing Assets/Scripts/SeguirWP.cs using Guid(fa40b3335edfe834097929e9162e41d1) Importer(815301076,1909f56bfc062723c751e8b465ee728b) (PreviewImporter) -> (artifact id: '00000000000000000000000000000000') in 0.000777791 seconds
Import Error Code:(4)
Message: Build asset version error: assets/scripts/seguirwp.cs in SourceAssetDB has modification time of '2025-10-29T19:09:46Z' while content on disk has modification time of '2026-10-01T13:43:59Z'
  ERROR: Build asset version error: assets/scripts/seguirwp.cs in SourceAssetDB has modification time of '2025-10-29T19:09:46Z' while content on disk has modification time of '2026-10-01T13:43:59Z'
Number of updated asset objects reloaded before import = 0Number of asset objects unloaded after import = 0

========================================================================
Received Import Request.
  Time since last request: 0.020841 seconds.
  path: Assets/Scripts/SeguirWP.cs
  artifactKey: Guid(fa40b3335edfe834097929e9162e41d1) Importer(815301076,1909f56bfc062723c751e8b465ee728b)
Start importing Assets/Scripts/SeguirWP.cs using Guid(fa40b3335edfe834097929e9162e41d1) Importer(815301076,1909f56bfc062723c751e8b465ee728b) (PreviewImporter) -> (artifact id: '00000000000000000000000000000000') in 0.000776292 seconds
Import Error Code:(4)
Message: Build asset version error: assets/scripts/seguirwp.cs in SourceAssetDB has modification time of '2025-10-29T19:09:46Z' while content on disk has modification time of '2026-10-01T13:43:59Z'
  ERROR: Build asset version error: assets/scripts/seguirwp.cs in SourceAssetDB has modification time of '2025-10-29T19:09:46Z' while content on disk has modification time of '2026-10-01T13:43:59Z'
Number of updated asset objects reloaded before import = 0Number of asset objects unloaded after import = 0

========================================================================
Received Import Request.
  Time since last request: 0.008156 seconds.
  path: Assets/Scripts/SeguirWP.cs
  artifactKey: Guid(fa40b3335edfe834097929e9162e41d1) Importer(815301076,1909f56bfc062723c751e8b465ee728b)
Start importing Assets/Scripts/SeguirWP.cs using Guid(fa40b3335edfe834097929e9162e41d1) Importer(815301076,1909f56bfc062723c751e8b465ee728b) (PreviewImporter) -> (artifact id: '00000000000000000000000000000000') in 0.001651542 seconds
Import Error Code:(4)
Message: Build asset version error: assets/scripts/seguirwp.cs in SourceAssetDB has modification time of '2025-10-29T19:09:46Z' while content on disk has modification time of '2026-10-01T13:43:59Z'
  ERROR: Build asset version error: assets/scripts/seguirwp.cs in SourceAssetDB has modification time of '2025-10-29T19:09:46Z' while content on disk has modification time of '2026-10-01T13:43:59Z'
Number of updated asset objects reloaded before import = 0Number of asset objects unloaded after import = 0

========================================================================
Received Import Request.
  Time since last request: 0.007620 seconds.
  path: Assets/Scripts/SeguirWP.cs
  artifactKey: Guid(fa40b3335edfe834097929e9162e41d1) Importer(815301076,1909f56bfc062723c751e8b465ee728b)
Start importing Assets/Scripts/SeguirWP.cs using Guid(fa40b3335edfe834097929e9162e41d1) Importer(815301076,1909f56bfc062723c751e8b465ee728b) (PreviewImporter) -> (artifact id: '00000000000000000000000000000000') in 0.000892875 seconds
Import Error Code:(4)
Message: Build asset version error: assets/scripts/seguirwp.cs in SourceAssetDB has modification time of '2025-10-29T19:09:46Z' while content on disk has modification time of '2026-10-01T13:43:59Z'
  ERROR: Build asset version error: assets/scripts/seguirwp.cs in SourceAssetDB has modification time of '2025-10-29T19:09:46Z' while content on disk has modification time of '2026-10-01T13:43:59Z'
Number of updated asset objects reloaded before import = 0Number of asset objects unloaded after import = 0

========================================================================
Received Import Request.
  Time since last request: 0.007456 seconds.
  path: Assets/Scripts/SeguirWP.cs
  artifactKey: Guid(fa40b3335edfe834097929e9162e41d1) Importer(815301076,1909f56bfc062723c751e8b465ee728b)
Start importing Assets/Scripts/SeguirWP.cs using Guid(fa40b3335edfe834097929e9162e41d1) Importer(815301076,1909f56bfc062723c751e8b465ee728b) (PreviewImporter) -> (artifact id: '00000000000000000000000000000000') in 0.001047792 seconds
Import Error Code:(4)
Message: Build asset version error: assets/scripts/seguirwp.cs in SourceAssetDB has modification time of '2025-10-29T19:09:46Z' while content on disk has modification time of '2026-10-01T13:43:59Z'
  ERROR: Build asset version error: assets/scripts/seguirwp.cs in SourceAssetDB has modification time of '2025-10-29T19:09:46Z' while content on disk has modification time of '2026-10-01T13:43:59Z'
Number of updated asset objects reloaded before import = 0Number of asset objects unloaded after import = 0

========================================================================
Received Import Request.
  Time since last request: 0.004821 seconds.
  path: Assets/Scripts/SeguirWP.cs
  artifactKey: Guid(fa40b3335edfe834097929e9162e41d1) Importer(815301076,1909f56bfc062723c751e8b465ee728b)
Start importing Assets/Scripts/SeguirWP.cs using Guid(fa40b3335edfe834097929e9162e41d1) Importer(815301076,1909f56bfc062723c751e8b465ee728b) (PreviewImporter) -> (artifact id: '00000000000000000000000000000000') in 0.001228833 seconds
Import Error Code:(4)
Message: Build asset version error: assets/scripts/seguirwp.cs in SourceAssetDB has modification time of '2025-10-29T19:09:46Z' while content on disk has modification time of '2026-10-01T13:43:59Z'
  ERROR: Build asset version error: assets/scripts/seguirwp.cs in SourceAssetDB has modification time of '2025-10-29T19:09:46Z' while content on disk has modification time of '2026-10-01T13:43:59Z'
Number of updated asset objects reloaded before import = 0Number of asset objects unloaded after import = 0

========================================================================
Received Import Request.
  Time since last request: 0.006294 seconds.
  path: Assets/Scripts/SeguirWP.cs
  artifactKey: Guid(fa40b3335edfe834097929e9162e41d1) Importer(815301076,1909f56bfc062723c751e8b465ee728b)
Start importing Assets/Scripts/SeguirWP.cs using Guid(fa40b3335edfe834097929e9162e41d1) Importer(815301076,1909f56bfc062723c751e8b465ee728b) (PreviewImporter) -> (artifact id: '00000000000000000000000000000000') in 0.00305825 seconds
Import Error Code:(4)
Message: Build asset version error: assets/scripts/seguirwp.cs in SourceAssetDB has modification time of '2025-10-29T19:09:46Z' while content on disk has modification time of '2026-10-01T13:43:59Z'
  ERROR: Build asset version error: assets/scripts/seguirwp.cs in SourceAssetDB has modification time of '2025-10-29T19:09:46Z' while content on disk has modification time of '2026-10-01T13:43:59Z'
Number of updated asset objects reloaded before import = 0Number of asset objects unloaded after import = 0

========================================================================
Received Import Request.
  Time since last request: 0.007259 seconds.
  path: Assets/Scripts/SeguirWP.cs
  artifactKey: Guid(fa40b3335edfe834097929e9162e41d1) Importer(815301076,1909f56bfc062723c751e8b465ee728b)
Start importing Assets/Scripts/SeguirWP.cs using Guid(fa40b3335edfe834097929e9162e41d1) Importer(815301076,1909f56bfc062723c751e8b465ee728b) (PreviewImporter) -> (artifact id: '00000000000000000000000000000000') in 0.001119417 seconds
Import Error Code:(4)
Message: Build asset version error: assets/scripts/seguirwp.cs in SourceAssetDB has modification time of '2025-10-29T19:09:46Z' while content on disk has modification time of '2026-10-01T13:43:59Z'
  ERROR: Build asset version error: assets/scripts/seguirwp.cs in SourceAssetDB has modification time of '2025-10-29T19:09:46Z' while content on disk has modification time of '2026-10-01T13:43:59Z'
Number of updated asset objects reloaded before import = 0Number of asset objects unloaded after import = 0

========================================================================
Received Import Request.
  Time since last request: 0.004806 seconds.
  path: Assets/Scripts/SeguirWP.cs
  artifactKey: Guid(fa40b3335edfe834097929e9162e41d1) Importer(815301076,1909f56bfc062723c751e8b465ee728b)
Start importing Assets/Scripts/SeguirWP.cs using Guid(fa40b3335edfe834097929e9162e41d1) Importer(815301076,1909f56bfc062723c751e8b465ee728b) (PreviewImporter) -> (artifact id: '00000000000000000000000000000000') in 0.0009215 seconds
Import Error Code:(4)
Message: Build asset version error: assets/scripts/seguirwp.cs in SourceAssetDB has modification time of '2025-10-29T19:09:46Z' while content on disk has modification time of '2026-10-01T13:43:59Z'
  ERROR: Build asset version error: assets/scripts/seguirwp.cs in SourceAssetDB has modification time of '2025-10-29T19:09:46Z' while content on disk has modification time of '2026-10-01T13:43:59Z'
Number of updated asset objects reloaded before import = 0Number of asset objects unloaded after import = 0

========================================================================
Received Import Request.
  Time since last request: 0.002167 seconds.
  path: Assets/Scripts/SeguirWP.cs
  artifactKey: Guid(fa40b3335edfe834097929e9162e41d1) Importer(815301076,1909f56bfc062723c751e8b465ee728b)
Start importing Assets/Scripts/SeguirWP.cs using Guid(fa40b3335edfe834097929e9162e41d1) Importer(815301076,1909f56bfc062723c751e8b465ee728b) (PreviewImporter) -> (artifact id: '00000000000000000000000000000000') in 0.001031375 seconds
Import Error Code:(4)
Message: Build asset version error: assets/scripts/seguirwp.cs in SourceAssetDB has modification time of '2025-10-29T19:09:46Z' while content on disk has modification time of '2026-10-01T13:43:59Z'
  ERROR: Build asset version error: assets/scripts/seguirwp.cs in SourceAssetDB has modification time of '2025-10-29T19:09:46Z' while content on disk has modification time of '2026-10-01T13:43:59Z'
Number of updated asset objects reloaded before import = 0Number of asset objects unloaded after import = 0

========================================================================
Received Import Request.
  Time since last request: 0.004270 seconds.
  path: Assets/Scripts/SeguirWP.cs
  artifactKey: Guid(fa40b3335edfe834097929e9162e41d1) Importer(815301076,1909f56bfc062723c751e8b465ee728b)
Start importing Assets/Scripts/SeguirWP.cs using Guid(fa40b3335edfe834097929e9162e41d1) Importer(815301076,1909f56bfc062723c751e8b465ee728b) (PreviewImporter) -> (artifact id: '00000000000000000000000000000000') in 0.0006785 seconds
Import Error Code:(4)
Message: Build asset version error: assets/scripts/seguirwp.cs in SourceAssetDB has modification time of '2025-10-29T19:09:46Z' while content on disk has modification time of '2026-10-01T13:43:59Z'
  ERROR: Build asset version error: assets/scripts/seguirwp.cs in SourceAssetDB has modification time of '2025-10-29T19:09:46Z' while content on disk has modification time of '2026-10-01T13:43:59Z'
Number of updated asset objects reloaded before import = 0Number of asset objects unloaded after import = 0

========================================================================
Received Import Request.
  Time since last request: 0.003358 seconds.
  path: Assets/Scripts/SeguirWP.cs
  artifactKey: Guid(fa40b3335edfe834097929e9162e41d1) Importer(815301076,1909f56bfc062723c751e8b465ee728b)
Start importing Assets/Scripts/SeguirWP.cs using Guid(fa40b3335edfe834097929e9162e41d1) Importer(815301076,1909f56bfc062723c751e8b465ee728b) (PreviewImporter) -> (artifact id: '00000000000000000000000000000000') in 0.000521792 seconds
Import Error Code:(4)
Message: Build asset version error: assets/scripts/seguirwp.cs in SourceAssetDB has modification time of '2025-10-29T19:09:46Z' while content on disk has modification time of '2026-10-01T13:43:59Z'
  ERROR: Build asset version error: assets/scripts/seguirwp.cs in SourceAssetDB has modification time of '2025-10-29T19:09:46Z' while content on disk has modification time of '2026-10-01T13:43:59Z'
Number of updated asset objects reloaded before import = 0Number of asset objects unloaded after import = 0

========================================================================
Received Import Request.
  Time since last request: 0.013463 seconds.
  path: Assets/Scripts/SeguirWP.cs
  artifactKey: Guid(fa40b3335edfe834097929e9162e41d1) Importer(815301076,1909f56bfc062723c751e8b465ee728b)
Start importing Assets/Scripts/SeguirWP.cs using Guid(fa40b3335edfe834097929e9162e41d1) Importer(815301076,1909f56bfc062723c751e8b465ee728b) (PreviewImporter) -> (artifact id: '00000000000000000000000000000000') in 0.000701708 seconds
Import Error Code:(4)
Message: Build asset version error: assets/scripts/seguirwp.cs in SourceAssetDB has modification time of '2025-10-29T19:09:46Z' while content on disk has modification time of '2026-10-01T13:43:59Z'
  ERROR: Build asset version error: assets/scripts/seguirwp.cs in SourceAssetDB has modification time of '2025-10-29T19:09:46Z' while content on disk has modification time of '2026-10-01T13:43:59Z'
Number of updated asset objects reloaded before import = 0Number of asset objects unloaded after import = 0

========================================================================
Received Import Request.
  Time since last request: 0.002612 seconds.
  path: Assets/Scripts/SeguirWP.cs
  artifactKey: Guid(fa40b3335edfe834097929e9162e41d1) Importer(815301076,1909f56bfc062723c751e8b465ee728b)
Start importing Assets/Scripts/SeguirWP.cs using Guid(fa40b3335edfe834097929e9162e41d1) Importer(815301076,1909f56bfc062723c751e8b465ee728b) (PreviewImporter) -> (artifact id: '00000000000000000000000000000000') in 0.000514417 seconds
Import Error Code:(4)
Message: Build asset version error: assets/scripts/seguirwp.cs in SourceAssetDB has modification time of '2025-10-29T19:09:46Z' while content on disk has modification time of '2026-10-01T13:43:59Z'
  ERROR: Build asset version error: assets/scripts/seguirwp.cs in SourceAssetDB has modification time of '2025-10-29T19:09:46Z' while content on disk has modification time of '2026-10-01T13:43:59Z'
Number of updated asset objects reloaded before import = 0Number of asset objects unloaded after import = 0

========================================================================
Received Import Request.
  Time since last request: 0.003919 seconds.
  path: Assets/Scripts/SeguirWP.cs
  artifactKey: Guid(fa40b3335edfe834097929e9162e41d1) Importer(815301076,1909f56bfc062723c751e8b465ee728b)
Start importing Assets/Scripts/SeguirWP.cs using Guid(fa40b3335edfe834097929e9162e41d1) Importer(815301076,1909f56bfc062723c751e8b465ee728b) (PreviewImporter) -> (artifact id: '00000000000000000000000000000000') in 0.00045225 seconds
Import Error Code:(4)
Message: Build asset version error: assets/scripts/seguirwp.cs in SourceAssetDB has modification time of '2025-10-29T19:09:46Z' while content on disk has modification time of '2026-10-01T13:43:59Z'
  ERROR: Build asset version error: assets/scripts/seguirwp.cs in SourceAssetDB has modification time of '2025-10-29T19:09:46Z' while content on disk has modification time of '2026-10-01T13:43:59Z'
Number of updated asset objects reloaded before import = 0Number of asset objects unloaded after import = 0

========================================================================
Received Import Request.
  Time since last request: 0.002272 seconds.
  path: Assets/Scripts/SeguirWP.cs
  artifactKey: Guid(fa40b3335edfe834097929e9162e41d1) Importer(815301076,1909f56bfc062723c751e8b465ee728b)
Start importing Assets/Scripts/SeguirWP.cs using Guid(fa40b3335edfe834097929e9162e41d1) Importer(815301076,1909f56bfc062723c751e8b465ee728b) (PreviewImporter) -> (artifact id: '00000000000000000000000000000000') in 0.000431541 seconds
Import Error Code:(4)
Message: Build asset version error: assets/scripts/seguirwp.cs in SourceAssetDB has modification time of '2025-10-29T19:09:46Z' while content on disk has modification time of '2026-10-01T13:43:59Z'
  ERROR: Build asset version error: assets/scripts/seguirwp.cs in SourceAssetDB has modification time of '2025-10-29T19:09:46Z' while content on disk has modification time of '2026-10-01T13:43:59Z'
Number of updated asset objects reloaded before import = 0Number of asset objects unloaded after import = 0

========================================================================
Received Import Request.
  Time since last request: 0.005436 seconds.
  path: Assets/Scripts/SeguirWP.cs
  artifactKey: Guid(fa40b3335edfe834097929e9162e41d1) Importer(815301076,1909f56bfc062723c751e8b465ee728b)
Start importing Assets/Scripts/SeguirWP.cs using Guid(fa40b3335edfe834097929e9162e41d1) Importer(815301076,1909f56bfc062723c751e8b465ee728b) (PreviewImporter) -> (artifact id: '00000000000000000000000000000000') in 0.000516 seconds
Import Error Code:(4)
Message: Build asset version error: assets/scripts/seguirwp.cs in SourceAssetDB has modification time of '2025-10-29T19:09:46Z' while content on disk has modification time of '2026-10-01T13:43:59Z'
  ERROR: Build asset version error: assets/scripts/seguirwp.cs in SourceAssetDB has modification time of '2025-10-29T19:09:46Z' while content on disk has modification time of '2026-10-01T13:43:59Z'
Number of updated asset objects reloaded before import = 0Number of asset objects unloaded after import = 0

========================================================================
Received Import Request.
  Time since last request: 0.000930 seconds.
  path: Assets/Scripts/SeguirWP.cs
  artifactKey: Guid(fa40b3335edfe834097929e9162e41d1) Importer(815301076,1909f56bfc062723c751e8b465ee728b)
Start importing Assets/Scripts/SeguirWP.cs using Guid(fa40b3335edfe834097929e9162e41d1) Importer(815301076,1909f56bfc062723c751e8b465ee728b) (PreviewImporter) -> (artifact id: '00000000000000000000000000000000') in 0.000800833 seconds
Import Error Code:(4)
Message: Build asset version error: assets/scripts/seguirwp.cs in SourceAssetDB has modification time of '2025-10-29T19:09:46Z' while content on disk has modification time of '2026-10-01T13:43:59Z'
  ERROR: Build asset version error: assets/scripts/seguirwp.cs in SourceAssetDB has modification time of '2025-10-29T19:09:46Z' while content on disk has modification time of '2026-10-01T13:43:59Z'
Number of updated asset objects reloaded before import = 0Number of asset objects unloaded after import = 0

========================================================================
Received Import Request.
  Time since last request: 0.002217 seconds.
  path: Assets/Scripts/SeguirWP.cs
  artifactKey: Guid(fa40b3335edfe834097929e9162e41d1) Importer(815301076,1909f56bfc062723c751e8b465ee728b)
Start importing Assets/Scripts/SeguirWP.cs using Guid(fa40b3335edfe834097929e9162e41d1) Importer(815301076,1909f56bfc062723c751e8b465ee728b) (PreviewImporter) -> (artifact id: '00000000000000000000000000000000') in 0.000723041 seconds
Import Error Code:(4)
Message: Build asset version error: assets/scripts/seguirwp.cs in SourceAssetDB has modification time of '2025-10-29T19:09:46Z' while content on disk has modification time of '2026-10-01T13:43:59Z'
  ERROR: Build asset version error: assets/scripts/seguirwp.cs in SourceAssetDB has modification time of '2025-10-29T19:09:46Z' while content on disk has modification time of '2026-10-01T13:43:59Z'
Number of updated asset objects reloaded before import = 0Number of asset objects unloaded after import = 0

========================================================================
Received Import Request.
  Time since last request: 0.003517 seconds.
  path: Assets/Scripts/SeguirWP.cs
  artifactKey: Guid(fa40b3335edfe834097929e9162e41d1) Importer(815301076,1909f56bfc062723c751e8b465ee728b)
Start importing Assets/Scripts/SeguirWP.cs using Guid(fa40b3335edfe834097929e9162e41d1) Importer(815301076,1909f56bfc062723c751e8b465ee728b) (PreviewImporter) -> (artifact id: '00000000000000000000000000000000') in 0.000500625 seconds
Import Error Code:(4)
Message: Build asset version error: assets/scripts/seguirwp.cs in SourceAssetDB has modification time of '2025-10-29T19:09:46Z' while content on disk has modification time of '2026-10-01T13:43:59Z'
  ERROR: Build asset version error: assets/scripts/seguirwp.cs in SourceAssetDB has modification time of '2025-10-29T19:09:46Z' while content on disk has modification time of '2026-10-01T13:43:59Z'
Number of updated asset objects reloaded before import = 0Number of asset objects unloaded after import = 0

========================================================================
Received Import Request.
  Time since last request: 0.003300 seconds.
  path: Assets/Scripts/SeguirWP.cs
  artifactKey: Guid(fa40b3335edfe834097929e9162e41d1) Importer(815301076,1909f56bfc062723c751e8b465ee728b)
Start importing Assets/Scripts/SeguirWP.cs using Guid(fa40b3335edfe834097929e9162e41d1) Importer(815301076,1909f56bfc062723c751e8b465ee728b) (PreviewImporter) -> (artifact id: '00000000000000000000000000000000') in 0.000373042 seconds
Import Error Code:(4)
Message: Build asset version error: assets/scripts/seguirwp.cs in SourceAssetDB has modification time of '2025-10-29T19:09:46Z' while content on disk has modification time of '2026-10-01T13:43:59Z'
  ERROR: Build asset version error: assets/scripts/seguirwp.cs in SourceAssetDB has modification time of '2025-10-29T19:09:46Z' while content on disk has modification time of '2026-10-01T13:43:59Z'
Number of updated asset objects reloaded before import = 0Number of asset objects unloaded after import = 0

========================================================================
Received Import Request.
  Time since last request: 0.016979 seconds.
  path: Assets/Scripts/SeguirWP.cs
  artifactKey: Guid(fa40b3335edfe834097929e9162e41d1) Importer(815301076,1909f56bfc062723c751e8b465ee728b)
Start importing Assets/Scripts/SeguirWP.cs using Guid(fa40b3335edfe834097929e9162e41d1) Importer(815301076,1909f56bfc062723c751e8b465ee728b) (PreviewImporter) -> (artifact id: '00000000000000000000000000000000') in 0.000600375 seconds
Import Error Code:(4)
Message: Build asset version error: assets/scripts/seguirwp.cs in SourceAssetDB has modification time of '2025-10-29T19:09:46Z' while content on disk has modification time of '2026-10-01T13:43:59Z'
  ERROR: Build asset version error: assets/scripts/seguirwp.cs in SourceAssetDB has modification time of '2025-10-29T19:09:46Z' while content on disk has modification time of '2026-10-01T13:43:59Z'
Number of updated asset objects reloaded before import = 0Number of asset objects unloaded after import = 0

========================================================================
Received Import Request.
  Time since last request: 0.004933 seconds.
  path: Assets/Scripts/SeguirWP.cs
  artifactKey: Guid(fa40b3335edfe834097929e9162e41d1) Importer(815301076,1909f56bfc062723c751e8b465ee728b)
Start importing Assets/Scripts/SeguirWP.cs using Guid(fa40b3335edfe834097929e9162e41d1) Importer(815301076,1909f56bfc062723c751e8b465ee728b) (PreviewImporter) -> (artifact id: '00000000000000000000000000000000') in 0.000770542 seconds
Import Error Code:(4)
Message: Build asset version error: assets/scripts/seguirwp.cs in SourceAssetDB has modification time of '2025-10-29T19:09:46Z' while content on disk has modification time of '2026-10-01T13:43:59Z'
  ERROR: Build asset version error: assets/scripts/seguirwp.cs in SourceAssetDB has modification time of '2025-10-29T19:09:46Z' while content on disk has modification time of '2026-10-01T13:43:59Z'
Number of updated asset objects reloaded before import = 0Number of asset objects unloaded after import = 0

========================================================================
Received Import Request.
  Time since last request: 0.001226 seconds.
  path: Assets/Scripts/SeguirWP.cs
  artifactKey: Guid(fa40b3335edfe834097929e9162e41d1) Importer(815301076,1909f56bfc062723c751e8b465ee728b)
Start importing Assets/Scripts/SeguirWP.cs using Guid(fa40b3335edfe834097929e9162e41d1) Importer(815301076,1909f56bfc062723c751e8b465ee728b) (PreviewImporter) -> (artifact id: '00000000000000000000000000000000') in 0.000733791 seconds
Import Error Code:(4)
Message: Build asset version error: assets/scripts/seguirwp.cs in SourceAssetDB has modification time of '2025-10-29T19:09:46Z' while content on disk has modification time of '2026-10-01T13:43:59Z'
  ERROR: Build asset version error: assets/scripts/seguirwp.cs in SourceAssetDB has modification time of '2025-10-29T19:09:46Z' while content on disk has modification time of '2026-10-01T13:43:59Z'
Number of updated asset objects reloaded before import = 0Number of asset objects unloaded after import = 0

========================================================================
Received Import Request.
  Time since last request: 0.006663 seconds.
  path: Assets/Scripts/SeguirWP.cs
  artifactKey: Guid(fa40b3335edfe834097929e9162e41d1) Importer(815301076,1909f56bfc062723c751e8b465ee728b)
Start importing Assets/Scripts/SeguirWP.cs using Guid(fa40b3335edfe834097929e9162e41d1) Importer(815301076,1909f56bfc062723c751e8b465ee728b) (PreviewImporter) -> (artifact id: '00000000000000000000000000000000') in 0.002861625 seconds
Import Error Code:(4)
Message: Build asset version error: assets/scripts/seguirwp.cs in SourceAssetDB has modification time of '2025-10-29T19:09:46Z' while content on disk has modification time of '2026-10-01T13:43:59Z'
  ERROR: Build asset version error: assets/scripts/seguirwp.cs in SourceAssetDB has modification time of '2025-10-29T19:09:46Z' while content on disk has modification time of '2026-10-01T13:43:59Z'
Number of updated asset objects reloaded before import = 0Number of asset objects unloaded after import = 0

========================================================================
Received Import Request.
  Time since last request: 0.001261 seconds.
  path: Assets/Scripts/SeguirWP.cs
  artifactKey: Guid(fa40b3335edfe834097929e9162e41d1) Importer(815301076,1909f56bfc062723c751e8b465ee728b)
Start importing Assets/Scripts/SeguirWP.cs using Guid(fa40b3335edfe834097929e9162e41d1) Importer(815301076,1909f56bfc062723c751e8b465ee728b) (PreviewImporter) -> (artifact id: '00000000000000000000000000000000') in 0.000787375 seconds
Import Error Code:(4)
Message: Build asset version error: assets/scripts/seguirwp.cs in SourceAssetDB has modification time of '2025-10-29T19:09:46Z' while content on disk has modification time of '2026-10-01T13:43:59Z'
  ERROR: Build asset version error: assets/scripts/seguirwp.cs in SourceAssetDB has modification time of '2025-10-29T19:09:46Z' while content on disk has modification time of '2026-10-01T13:43:59Z'
Number of updated asset objects reloaded before import = 0Number of asset objects unloaded after import = 0

========================================================================
Received Import Request.
  Time since last request: 0.013378 seconds.
  path: Assets/Scripts/SeguirWP.cs
  artifactKey: Guid(fa40b3335edfe834097929e9162e41d1) Importer(815301076,1909f56bfc062723c751e8b465ee728b)
Start importing Assets/Scripts/SeguirWP.cs using Guid(fa40b3335edfe834097929e9162e41d1) Importer(815301076,1909f56bfc062723c751e8b465ee728b) (PreviewImporter) -> (artifact id: '00000000000000000000000000000000') in 0.001230084 seconds
Import Error Code:(4)
Message: Build asset version error: assets/scripts/seguirwp.cs in SourceAssetDB has modification time of '2025-10-29T19:09:46Z' while content on disk has modification time of '2026-10-01T13:43:59Z'
  ERROR: Build asset version error: assets/scripts/seguirwp.cs in SourceAssetDB has modification time of '2025-10-29T19:09:46Z' while content on disk has modification time of '2026-10-01T13:43:59Z'
Number of updated asset objects reloaded before import = 0Number of asset objects unloaded after import = 0

========================================================================
Received Import Request.
  Time since last request: 0.002871 seconds.
  path: Assets/Scripts/SeguirWP.cs
  artifactKey: Guid(fa40b3335edfe834097929e9162e41d1) Importer(815301076,1909f56bfc062723c751e8b465ee728b)
Start importing Assets/Scripts/SeguirWP.cs using Guid(fa40b3335edfe834097929e9162e41d1) Importer(815301076,1909f56bfc062723c751e8b465ee728b) (PreviewImporter) -> (artifact id: '00000000000000000000000000000000') in 0.001022875 seconds
Import Error Code:(4)
Message: Build asset version error: assets/scripts/seguirwp.cs in SourceAssetDB has modification time of '2025-10-29T19:09:46Z' while content on disk has modification time of '2026-10-01T13:43:59Z'
  ERROR: Build asset version error: assets/scripts/seguirwp.cs in SourceAssetDB has modification time of '2025-10-29T19:09:46Z' while content on disk has modification time of '2026-10-01T13:43:59Z'
Number of updated asset objects reloaded before import = 0Number of asset objects unloaded after import = 0

========================================================================
Received Import Request.
  Time since last request: 0.010835 seconds.
  path: Assets/Scripts/SeguirWP.cs
  artifactKey: Guid(fa40b3335edfe834097929e9162e41d1) Importer(815301076,1909f56bfc062723c751e8b465ee728b)
Start importing Assets/Scripts/SeguirWP.cs using Guid(fa40b3335edfe834097929e9162e41d1) Importer(815301076,1909f56bfc062723c751e8b465ee728b) (PreviewImporter) -> (artifact id: '00000000000000000000000000000000') in 0.000847875 seconds
Import Error Code:(4)
Message: Build asset version error: assets/scripts/seguirwp.cs in SourceAssetDB has modification time of '2025-10-29T19:09:46Z' while content on disk has modification time of '2026-10-01T13:43:59Z'
  ERROR: Build asset version error: assets/scripts/seguirwp.cs in SourceAssetDB has modification time of '2025-10-29T19:09:46Z' while content on disk has modification time of '2026-10-01T13:43:59Z'
Number of updated asset objects reloaded before import = 0Number of asset objects unloaded after import = 0

========================================================================
Received Import Request.
  Time since last request: 0.005600 seconds.
  path: Assets/Scripts/SeguirWP.cs
  artifactKey: Guid(fa40b3335edfe834097929e9162e41d1) Importer(815301076,1909f56bfc062723c751e8b465ee728b)
Start importing Assets/Scripts/SeguirWP.cs using Guid(fa40b3335edfe834097929e9162e41d1) Importer(815301076,1909f56bfc062723c751e8b465ee728b) (PreviewImporter) -> (artifact id: '00000000000000000000000000000000') in 0.001413375 seconds
Import Error Code:(4)
Message: Build asset version error: assets/scripts/seguirwp.cs in SourceAssetDB has modification time of '2025-10-29T19:09:46Z' while content on disk has modification time of '2026-10-01T13:43:59Z'
  ERROR: Build asset version error: assets/scripts/seguirwp.cs in SourceAssetDB has modification time of '2025-10-29T19:09:46Z' while content on disk has modification time of '2026-10-01T13:43:59Z'
Number of updated asset objects reloaded before import = 0Number of asset objects unloaded after import = 0

========================================================================
Received Import Request.
  Time since last request: 0.015934 seconds.
  path: Assets/Scripts/SeguirWP.cs
  artifactKey: Guid(fa40b3335edfe834097929e9162e41d1) Importer(815301076,1909f56bfc062723c751e8b465ee728b)
Start importing Assets/Scripts/SeguirWP.cs using Guid(fa40b3335edfe834097929e9162e41d1) Importer(815301076,1909f56bfc062723c751e8b465ee728b) (PreviewImporter) -> (artifact id: '00000000000000000000000000000000') in 0.000978833 seconds
Import Error Code:(4)
Message: Build asset version error: assets/scripts/seguirwp.cs in SourceAssetDB has modification time of '2025-10-29T19:09:46Z' while content on disk has modification time of '2026-10-01T13:43:59Z'
  ERROR: Build asset version error: assets/scripts/seguirwp.cs in SourceAssetDB has modification time of '2025-10-29T19:09:46Z' while content on disk has modification time of '2026-10-01T13:43:59Z'
Number of updated asset objects reloaded before import = 0Number of asset objects unloaded after import = 0

========================================================================
Received Import Request.
  Time since last request: 0.002890 seconds.
  path: Assets/Scripts/SeguirWP.cs
  artifactKey: Guid(fa40b3335edfe834097929e9162e41d1) Importer(815301076,1909f56bfc062723c751e8b465ee728b)
Start importing Assets/Scripts/SeguirWP.cs using Guid(fa40b3335edfe834097929e9162e41d1) Importer(815301076,1909f56bfc062723c751e8b465ee728b) (PreviewImporter) -> (artifact id: '00000000000000000000000000000000') in 0.00055725 seconds
Import Error Code:(4)
Message: Build asset version error: assets/scripts/seguirwp.cs in SourceAssetDB has modification time of '2025-10-29T19:09:46Z' while content on disk has modification time of '2026-10-01T13:43:59Z'
  ERROR: Build asset version error: assets/scripts/seguirwp.cs in SourceAssetDB has modification time of '2025-10-29T19:09:46Z' while content on disk has modification time of '2026-10-01T13:43:59Z'
Number of updated asset objects reloaded before import = 0Number of asset objects unloaded after import = 0

========================================================================
Received Import Request.
  Time since last request: 0.006504 seconds.
  path: Assets/Scripts/SeguirWP.cs
  artifactKey: Guid(fa40b3335edfe834097929e9162e41d1) Importer(815301076,1909f56bfc062723c751e8b465ee728b)
Start importing Assets/Scripts/SeguirWP.cs using Guid(fa40b3335edfe834097929e9162e41d1) Importer(815301076,1909f56bfc062723c751e8b465ee728b) (PreviewImporter) -> (artifact id: '00000000000000000000000000000000') in 0.000638917 seconds
Import Error Code:(4)
Message: Build asset version error: assets/scripts/seguirwp.cs in SourceAssetDB has modification time of '2025-10-29T19:09:46Z' while content on disk has modification time of '2026-10-01T13:43:59Z'
  ERROR: Build asset version error: assets/scripts/seguirwp.cs in SourceAssetDB has modification time of '2025-10-29T19:09:46Z' while content on disk has modification time of '2026-10-01T13:43:59Z'
Number of updated asset objects reloaded before import = 0Number of asset objects unloaded after import = 0

========================================================================
Received Import Request.
  Time since last request: 0.002149 seconds.
  path: Assets/Scripts/SeguirWP.cs
  artifactKey: Guid(fa40b3335edfe834097929e9162e41d1) Importer(815301076,1909f56bfc062723c751e8b465ee728b)
Start importing Assets/Scripts/SeguirWP.cs using Guid(fa40b3335edfe834097929e9162e41d1) Importer(815301076,1909f56bfc062723c751e8b465ee728b) (PreviewImporter) -> (artifact id: '00000000000000000000000000000000') in 0.000537667 seconds
Import Error Code:(4)
Message: Build asset version error: assets/scripts/seguirwp.cs in SourceAssetDB has modification time of '2025-10-29T19:09:46Z' while content on disk has modification time of '2026-10-01T13:43:59Z'
  ERROR: Build asset version error: assets/scripts/seguirwp.cs in SourceAssetDB has modification time of '2025-10-29T19:09:46Z' while content on disk has modification time of '2026-10-01T13:43:59Z'
Number of updated asset objects reloaded before import = 0Number of asset objects unloaded after import = 0

========================================================================
Received Import Request.
  Time since last request: 0.006571 seconds.
  path: Assets/Scripts/SeguirWP.cs
  artifactKey: Guid(fa40b3335edfe834097929e9162e41d1) Importer(815301076,1909f56bfc062723c751e8b465ee728b)
Start importing Assets/Scripts/SeguirWP.cs using Guid(fa40b3335edfe834097929e9162e41d1) Importer(815301076,1909f56bfc062723c751e8b465ee728b) (PreviewImporter) -> (artifact id: '00000000000000000000000000000000') in 0.000726666 seconds
Import Error Code:(4)
Message: Build asset version error: assets/scripts/seguirwp.cs in SourceAssetDB has modification time of '2025-10-29T19:09:46Z' while content on disk has modification time of '2026-10-01T13:43:59Z'
  ERROR: Build asset version error: assets/scripts/seguirwp.cs in SourceAssetDB has modification time of '2025-10-29T19:09:46Z' while content on disk has modification time of '2026-10-01T13:43:59Z'
Number of updated asset objects reloaded before import = 0Number of asset objects unloaded after import = 0

========================================================================
Received Import Request.
  Time since last request: 0.004736 seconds.
  path: Assets/Scripts/SeguirWP.cs
  artifactKey: Guid(fa40b3335edfe834097929e9162e41d1) Importer(815301076,1909f56bfc062723c751e8b465ee728b)
Start importing Assets/Scripts/SeguirWP.cs using Guid(fa40b3335edfe834097929e9162e41d1) Importer(815301076,1909f56bfc062723c751e8b465ee728b) (PreviewImporter) -> (artifact id: '00000000000000000000000000000000') in 0.000386667 seconds
Import Error Code:(4)
Message: Build asset version error: assets/scripts/seguirwp.cs in SourceAssetDB has modification time of '2025-10-29T19:09:46Z' while content on disk has modification time of '2026-10-01T13:43:59Z'
  ERROR: Build asset version error: assets/scripts/seguirwp.cs in SourceAssetDB has modification time of '2025-10-29T19:09:46Z' while content on disk has modification time of '2026-10-01T13:43:59Z'
Number of updated asset objects reloaded before import = 0Number of asset objects unloaded after import = 0

========================================================================
Received Import Request.
  Time since last request: 0.018215 seconds.
  path: Assets/Scripts/SeguirWP.cs
  artifactKey: Guid(fa40b3335edfe834097929e9162e41d1) Importer(815301076,1909f56bfc062723c751e8b465ee728b)
Start importing Assets/Scripts/SeguirWP.cs using Guid(fa40b3335edfe834097929e9162e41d1) Importer(815301076,1909f56bfc062723c751e8b465ee728b) (PreviewImporter) -> (artifact id: '00000000000000000000000000000000') in 0.000431375 seconds
Import Error Code:(4)
Message: Build asset version error: assets/scripts/seguirwp.cs in SourceAssetDB has modification time of '2025-10-29T19:09:46Z' while content on disk has modification time of '2026-10-01T13:43:59Z'
  ERROR: Build asset version error: assets/scripts/seguirwp.cs in SourceAssetDB has modification time of '2025-10-29T19:09:46Z' while content on disk has modification time of '2026-10-01T13:43:59Z'
Number of updated asset objects reloaded before import = 0Number of asset objects unloaded after import = 0

========================================================================
Received Import Request.
  Time since last request: 0.009623 seconds.
  path: Assets/Scripts/SeguirWP.cs
  artifactKey: Guid(fa40b3335edfe834097929e9162e41d1) Importer(815301076,1909f56bfc062723c751e8b465ee728b)
Start importing Assets/Scripts/SeguirWP.cs using Guid(fa40b3335edfe834097929e9162e41d1) Importer(815301076,1909f56bfc062723c751e8b465ee728b) (PreviewImporter) -> (artifact id: '00000000000000000000000000000000') in 0.000516917 seconds
Import Error Code:(4)
Message: Build asset version error: assets/scripts/seguirwp.cs in SourceAssetDB has modification time of '2025-10-29T19:09:46Z' while content on disk has modification time of '2026-10-01T13:43:59Z'
  ERROR: Build asset version error: assets/scripts/seguirwp.cs in SourceAssetDB has modification time of '2025-10-29T19:09:46Z' while content on disk has modification time of '2026-10-01T13:43:59Z'
Number of updated asset objects reloaded before import = 0Number of asset objects unloaded after import = 0

========================================================================
Received Import Request.
  Time since last request: 0.002297 seconds.
  path: Assets/Scripts/SeguirWP.cs
  artifactKey: Guid(fa40b3335edfe834097929e9162e41d1) Importer(815301076,1909f56bfc062723c751e8b465ee728b)
Start importing Assets/Scripts/SeguirWP.cs using Guid(fa40b3335edfe834097929e9162e41d1) Importer(815301076,1909f56bfc062723c751e8b465ee728b) (PreviewImporter) -> (artifact id: '00000000000000000000000000000000') in 0.000410834 seconds
Import Error Code:(4)
Message: Build asset version error: assets/scripts/seguirwp.cs in SourceAssetDB has modification time of '2025-10-29T19:09:46Z' while content on disk has modification time of '2026-10-01T13:43:59Z'
  ERROR: Build asset version error: assets/scripts/seguirwp.cs in SourceAssetDB has modification time of '2025-10-29T19:09:46Z' while content on disk has modification time of '2026-10-01T13:43:59Z'
Number of updated asset objects reloaded before import = 0Number of asset objects unloaded after import = 0

========================================================================
Received Import Request.
  Time since last request: 0.004599 seconds.
  path: Assets/Scripts/SeguirWP.cs
  artifactKey: Guid(fa40b3335edfe834097929e9162e41d1) Importer(815301076,1909f56bfc062723c751e8b465ee728b)
Start importing Assets/Scripts/SeguirWP.cs using Guid(fa40b3335edfe834097929e9162e41d1) Importer(815301076,1909f56bfc062723c751e8b465ee728b) (PreviewImporter) -> (artifact id: '00000000000000000000000000000000') in 0.000385084 seconds
Import Error Code:(4)
Message: Build asset version error: assets/scripts/seguirwp.cs in SourceAssetDB has modification time of '2025-10-29T19:09:46Z' while content on disk has modification time of '2026-10-01T13:43:59Z'
  ERROR: Build asset version error: assets/scripts/seguirwp.cs in SourceAssetDB has modification time of '2025-10-29T19:09:46Z' while content on disk has modification time of '2026-10-01T13:43:59Z'
Number of updated asset objects reloaded before import = 0Number of asset objects unloaded after import = 0

========================================================================
Received Import Request.
  Time since last request: 0.001967 seconds.
  path: Assets/Scripts/SeguirWP.cs
  artifactKey: Guid(fa40b3335edfe834097929e9162e41d1) Importer(815301076,1909f56bfc062723c751e8b465ee728b)
Start importing Assets/Scripts/SeguirWP.cs using Guid(fa40b3335edfe834097929e9162e41d1) Importer(815301076,1909f56bfc062723c751e8b465ee728b) (PreviewImporter) -> (artifact id: '00000000000000000000000000000000') in 0.000418417 seconds
Import Error Code:(4)
Message: Build asset version error: assets/scripts/seguirwp.cs in SourceAssetDB has modification time of '2025-10-29T19:09:46Z' while content on disk has modification time of '2026-10-01T13:43:59Z'
  ERROR: Build asset version error: assets/scripts/seguirwp.cs in SourceAssetDB has modification time of '2025-10-29T19:09:46Z' while content on disk has modification time of '2026-10-01T13:43:59Z'
Number of updated asset objects reloaded before import = 0Number of asset objects unloaded after import = 0

========================================================================
Received Import Request.
  Time since last request: 0.003641 seconds.
  path: Assets/Scripts/SeguirWP.cs
  artifactKey: Guid(fa40b3335edfe834097929e9162e41d1) Importer(815301076,1909f56bfc062723c751e8b465ee728b)
Start importing Assets/Scripts/SeguirWP.cs using Guid(fa40b3335edfe834097929e9162e41d1) Importer(815301076,1909f56bfc062723c751e8b465ee728b) (PreviewImporter) -> (artifact id: '00000000000000000000000000000000') in 0.000513916 seconds
Import Error Code:(4)
Message: Build asset version error: assets/scripts/seguirwp.cs in SourceAssetDB has modification time of '2025-10-29T19:09:46Z' while content on disk has modification time of '2026-10-01T13:43:59Z'
  ERROR: Build asset version error: assets/scripts/seguirwp.cs in SourceAssetDB has modification time of '2025-10-29T19:09:46Z' while content on disk has modification time of '2026-10-01T13:43:59Z'
Number of updated asset objects reloaded before import = 0Number of asset objects unloaded after import = 0

========================================================================
Received Import Request.
  Time since last request: 0.000841 seconds.
  path: Assets/Scripts/SeguirWP.cs
  artifactKey: Guid(fa40b3335edfe834097929e9162e41d1) Importer(815301076,1909f56bfc062723c751e8b465ee728b)
Start importing Assets/Scripts/SeguirWP.cs using Guid(fa40b3335edfe834097929e9162e41d1) Importer(815301076,1909f56bfc062723c751e8b465ee728b) (PreviewImporter) -> (artifact id: '00000000000000000000000000000000') in 0.000786292 seconds
Import Error Code:(4)
Message: Build asset version error: assets/scripts/seguirwp.cs in SourceAssetDB has modification time of '2025-10-29T19:09:46Z' while content on disk has modification time of '2026-10-01T13:43:59Z'
  ERROR: Build asset version error: assets/scripts/seguirwp.cs in SourceAssetDB has modification time of '2025-10-29T19:09:46Z' while content on disk has modification time of '2026-10-01T13:43:59Z'
Number of updated asset objects reloaded before import = 0Number of asset objects unloaded after import = 0

========================================================================
Received Import Request.
  Time since last request: 0.005453 seconds.
  path: Assets/Scripts/SeguirWP.cs
  artifactKey: Guid(fa40b3335edfe834097929e9162e41d1) Importer(815301076,1909f56bfc062723c751e8b465ee728b)
Start importing Assets/Scripts/SeguirWP.cs using Guid(fa40b3335edfe834097929e9162e41d1) Importer(815301076,1909f56bfc062723c751e8b465ee728b) (PreviewImporter) -> (artifact id: '00000000000000000000000000000000') in 0.000586875 seconds
Import Error Code:(4)
Message: Build asset version error: assets/scripts/seguirwp.cs in SourceAssetDB has modification time of '2025-10-29T19:09:46Z' while content on disk has modification time of '2026-10-01T13:43:59Z'
  ERROR: Build asset version error: assets/scripts/seguirwp.cs in SourceAssetDB has modification time of '2025-10-29T19:09:46Z' while content on disk has modification time of '2026-10-01T13:43:59Z'
Number of updated asset objects reloaded before import = 0Number of asset objects unloaded after import = 0

========================================================================
Received Import Request.
  Time since last request: 0.008900 seconds.
  path: Assets/Scripts/SeguirWP.cs
  artifactKey: Guid(fa40b3335edfe834097929e9162e41d1) Importer(815301076,1909f56bfc062723c751e8b465ee728b)
Start importing Assets/Scripts/SeguirWP.cs using Guid(fa40b3335edfe834097929e9162e41d1) Importer(815301076,1909f56bfc062723c751e8b465ee728b) (PreviewImporter) -> (artifact id: '00000000000000000000000000000000') in 0.000550125 seconds
Import Error Code:(4)
Message: Build asset version error: assets/scripts/seguirwp.cs in SourceAssetDB has modification time of '2025-10-29T19:09:46Z' while content on disk has modification time of '2026-10-01T13:43:59Z'
  ERROR: Build asset version error: assets/scripts/seguirwp.cs in SourceAssetDB has modification time of '2025-10-29T19:09:46Z' while content on disk has modification time of '2026-10-01T13:43:59Z'
Number of updated asset objects reloaded before import = 0Number of asset objects unloaded after import = 0

========================================================================
Received Import Request.
  Time since last request: 0.002577 seconds.
  path: Assets/Scripts/SeguirWP.cs
  artifactKey: Guid(fa40b3335edfe834097929e9162e41d1) Importer(815301076,1909f56bfc062723c751e8b465ee728b)
Start importing Assets/Scripts/SeguirWP.cs using Guid(fa40b3335edfe834097929e9162e41d1) Importer(815301076,1909f56bfc062723c751e8b465ee728b) (PreviewImporter) -> (artifact id: '00000000000000000000000000000000') in 0.000828959 seconds
Import Error Code:(4)
Message: Build asset version error: assets/scripts/seguirwp.cs in SourceAssetDB has modification time of '2025-10-29T19:09:46Z' while content on disk has modification time of '2026-10-01T13:43:59Z'
  ERROR: Build asset version error: assets/scripts/seguirwp.cs in SourceAssetDB has modification time of '2025-10-29T19:09:46Z' while content on disk has modification time of '2026-10-01T13:43:59Z'
Number of updated asset objects reloaded before import = 0Number of asset objects unloaded after import = 0

========================================================================
Received Import Request.
  Time since last request: 0.008596 seconds.
  path: Assets/Scripts/SeguirWP.cs
  artifactKey: Guid(fa40b3335edfe834097929e9162e41d1) Importer(815301076,1909f56bfc062723c751e8b465ee728b)
Start importing Assets/Scripts/SeguirWP.cs using Guid(fa40b3335edfe834097929e9162e41d1) Importer(815301076,1909f56bfc062723c751e8b465ee728b) (PreviewImporter) -> (artifact id: '00000000000000000000000000000000') in 0.000687541 seconds
Import Error Code:(4)
Message: Build asset version error: assets/scripts/seguirwp.cs in SourceAssetDB has modification time of '2025-10-29T19:09:46Z' while content on disk has modification time of '2026-10-01T13:43:59Z'
  ERROR: Build asset version error: assets/scripts/seguirwp.cs in SourceAssetDB has modification time of '2025-10-29T19:09:46Z' while content on disk has modification time of '2026-10-01T13:43:59Z'
Number of updated asset objects reloaded before import = 0Number of asset objects unloaded after import = 0

========================================================================
Received Import Request.
  Time since last request: 0.002672 seconds.
  path: Assets/Scripts/SeguirWP.cs
  artifactKey: Guid(fa40b3335edfe834097929e9162e41d1) Importer(815301076,1909f56bfc062723c751e8b465ee728b)
Start importing Assets/Scripts/SeguirWP.cs using Guid(fa40b3335edfe834097929e9162e41d1) Importer(815301076,1909f56bfc062723c751e8b465ee728b) (PreviewImporter) -> (artifact id: '00000000000000000000000000000000') in 0.000713167 seconds
Import Error Code:(4)
Message: Build asset version error: assets/scripts/seguirwp.cs in SourceAssetDB has modification time of '2025-10-29T19:09:46Z' while content on disk has modification time of '2026-10-01T13:43:59Z'
  ERROR: Build asset version error: assets/scripts/seguirwp.cs in SourceAssetDB has modification time of '2025-10-29T19:09:46Z' while content on disk has modification time of '2026-10-01T13:43:59Z'
Number of updated asset objects reloaded before import = 0Number of asset objects unloaded after import = 0

========================================================================
Received Import Request.
  Time since last request: 0.014299 seconds.
  path: Assets/Scripts/SeguirWP.cs
  artifactKey: Guid(fa40b3335edfe834097929e9162e41d1) Importer(815301076,1909f56bfc062723c751e8b465ee728b)
Start importing Assets/Scripts/SeguirWP.cs using Guid(fa40b3335edfe834097929e9162e41d1) Importer(815301076,1909f56bfc062723c751e8b465ee728b) (PreviewImporter) -> (artifact id: '00000000000000000000000000000000') in 0.000839709 seconds
Import Error Code:(4)
Message: Build asset version error: assets/scripts/seguirwp.cs in SourceAssetDB has modification time of '2025-10-29T19:09:46Z' while content on disk has modification time of '2026-10-01T13:43:59Z'
  ERROR: Build asset version error: assets/scripts/seguirwp.cs in SourceAssetDB has modification time of '2025-10-29T19:09:46Z' while content on disk has modification time of '2026-10-01T13:43:59Z'
Number of updated asset objects reloaded before import = 0Number of asset objects unloaded after import = 0

========================================================================
Received Import Request.
  Time since last request: 0.001681 seconds.
  path: Assets/Scripts/SeguirWP.cs
  artifactKey: Guid(fa40b3335edfe834097929e9162e41d1) Importer(815301076,1909f56bfc062723c751e8b465ee728b)
Start importing Assets/Scripts/SeguirWP.cs using Guid(fa40b3335edfe834097929e9162e41d1) Importer(815301076,1909f56bfc062723c751e8b465ee728b) (PreviewImporter) -> (artifact id: '00000000000000000000000000000000') in 0.00162475 seconds
Import Error Code:(4)
Message: Build asset version error: assets/scripts/seguirwp.cs in SourceAssetDB has modification time of '2025-10-29T19:09:46Z' while content on disk has modification time of '2026-10-01T13:43:59Z'
  ERROR: Build asset version error: assets/scripts/seguirwp.cs in SourceAssetDB has modification time of '2025-10-29T19:09:46Z' while content on disk has modification time of '2026-10-01T13:43:59Z'
Number of updated asset objects reloaded before import = 0Number of asset objects unloaded after import = 0

========================================================================
Received Import Request.
  Time since last request: 0.008302 seconds.
  path: Assets/Scripts/SeguirWP.cs
  artifactKey: Guid(fa40b3335edfe834097929e9162e41d1) Importer(815301076,1909f56bfc062723c751e8b465ee728b)
Start importing Assets/Scripts/SeguirWP.cs using Guid(fa40b3335edfe834097929e9162e41d1) Importer(815301076,1909f56bfc062723c751e8b465ee728b) (PreviewImporter) -> (artifact id: '00000000000000000000000000000000') in 0.001021458 seconds
Import Error Code:(4)
Message: Build asset version error: assets/scripts/seguirwp.cs in SourceAssetDB has modification time of '2025-10-29T19:09:46Z' while content on disk has modification time of '2026-10-01T13:43:59Z'
  ERROR: Build asset version error: assets/scripts/seguirwp.cs in SourceAssetDB has modification time of '2025-10-29T19:09:46Z' while content on disk has modification time of '2026-10-01T13:43:59Z'
Number of updated asset objects reloaded before import = 0Number of asset objects unloaded after import = 0

========================================================================
Received Import Request.
  Time since last request: 0.006277 seconds.
  path: Assets/Scripts/SeguirWP.cs
  artifactKey: Guid(fa40b3335edfe834097929e9162e41d1) Importer(815301076,1909f56bfc062723c751e8b465ee728b)
Start importing Assets/Scripts/SeguirWP.cs using Guid(fa40b3335edfe834097929e9162e41d1) Importer(815301076,1909f56bfc062723c751e8b465ee728b) (PreviewImporter) -> (artifact id: '00000000000000000000000000000000') in 0.000884083 seconds
Import Error Code:(4)
Message: Build asset version error: assets/scripts/seguirwp.cs in SourceAssetDB has modification time of '2025-10-29T19:09:46Z' while content on disk has modification time of '2026-10-01T13:43:59Z'
  ERROR: Build asset version error: assets/scripts/seguirwp.cs in SourceAssetDB has modification time of '2025-10-29T19:09:46Z' while content on disk has modification time of '2026-10-01T13:43:59Z'
Number of updated asset objects reloaded before import = 0Number of asset objects unloaded after import = 0

========================================================================
Received Import Request.
  Time since last request: 0.001944 seconds.
  path: Assets/Scripts/SeguirWP.cs
  artifactKey: Guid(fa40b3335edfe834097929e9162e41d1) Importer(815301076,1909f56bfc062723c751e8b465ee728b)
Start importing Assets/Scripts/SeguirWP.cs using Guid(fa40b3335edfe834097929e9162e41d1) Importer(815301076,1909f56bfc062723c751e8b465ee728b) (PreviewImporter) -> (artifact id: '00000000000000000000000000000000') in 0.002086292 seconds
Import Error Code:(4)
Message: Build asset version error: assets/scripts/seguirwp.cs in SourceAssetDB has modification time of '2025-10-29T19:09:46Z' while content on disk has modification time of '2026-10-01T13:43:59Z'
  ERROR: Build asset version error: assets/scripts/seguirwp.cs in SourceAssetDB has modification time of '2025-10-29T19:09:46Z' while content on disk has modification time of '2026-10-01T13:43:59Z'
Number of updated asset objects reloaded before import = 0Number of asset objects unloaded after import = 0

========================================================================
Received Import Request.
  Time since last request: 0.019652 seconds.
  path: Assets/Scripts/SeguirWP.cs
  artifactKey: Guid(fa40b3335edfe834097929e9162e41d1) Importer(815301076,1909f56bfc062723c751e8b465ee728b)
Start importing Assets/Scripts/SeguirWP.cs using Guid(fa40b3335edfe834097929e9162e41d1) Importer(815301076,1909f56bfc062723c751e8b465ee728b) (PreviewImporter) -> (artifact id: '00000000000000000000000000000000') in 0.0007445 seconds
Import Error Code:(4)
Message: Build asset version error: assets/scripts/seguirwp.cs in SourceAssetDB has modification time of '2025-10-29T19:09:46Z' while content on disk has modification time of '2026-10-01T13:43:59Z'
  ERROR: Build asset version error: assets/scripts/seguirwp.cs in SourceAssetDB has modification time of '2025-10-29T19:09:46Z' while content on disk has modification time of '2026-10-01T13:43:59Z'
Number of updated asset objects reloaded before import = 0Number of asset objects unloaded after import = 0

========================================================================
Received Import Request.
  Time since last request: 0.009868 seconds.
  path: Assets/Scripts/SeguirWP.cs
  artifactKey: Guid(fa40b3335edfe834097929e9162e41d1) Importer(815301076,1909f56bfc062723c751e8b465ee728b)
Start importing Assets/Scripts/SeguirWP.cs using Guid(fa40b3335edfe834097929e9162e41d1) Importer(815301076,1909f56bfc062723c751e8b465ee728b) (PreviewImporter) -> (artifact id: '00000000000000000000000000000000') in 0.000794209 seconds
Import Error Code:(4)
Message: Build asset version error: assets/scripts/seguirwp.cs in SourceAssetDB has modification time of '2025-10-29T19:09:46Z' while content on disk has modification time of '2026-10-01T13:43:59Z'
  ERROR: Build asset version error: assets/scripts/seguirwp.cs in SourceAssetDB has modification time of '2025-10-29T19:09:46Z' while content on disk has modification time of '2026-10-01T13:43:59Z'
Number of updated asset objects reloaded before import = 0Number of asset objects unloaded after import = 0

========================================================================
Received Import Request.
  Time since last request: 0.002885 seconds.
  path: Assets/Scripts/SeguirWP.cs
  artifactKey: Guid(fa40b3335edfe834097929e9162e41d1) Importer(815301076,1909f56bfc062723c751e8b465ee728b)
Start importing Assets/Scripts/SeguirWP.cs using Guid(fa40b3335edfe834097929e9162e41d1) Importer(815301076,1909f56bfc062723c751e8b465ee728b) (PreviewImporter) -> (artifact id: '00000000000000000000000000000000') in 0.000861792 seconds
Import Error Code:(4)
Message: Build asset version error: assets/scripts/seguirwp.cs in SourceAssetDB has modification time of '2025-10-29T19:09:46Z' while content on disk has modification time of '2026-10-01T13:43:59Z'
  ERROR: Build asset version error: assets/scripts/seguirwp.cs in SourceAssetDB has modification time of '2025-10-29T19:09:46Z' while content on disk has modification time of '2026-10-01T13:43:59Z'
Number of updated asset objects reloaded before import = 0Number of asset objects unloaded after import = 0

========================================================================
Received Import Request.
  Time since last request: 0.009928 seconds.
  path: Assets/Scripts/SeguirWP.cs
  artifactKey: Guid(fa40b3335edfe834097929e9162e41d1) Importer(815301076,1909f56bfc062723c751e8b465ee728b)
Start importing Assets/Scripts/SeguirWP.cs using Guid(fa40b3335edfe834097929e9162e41d1) Importer(815301076,1909f56bfc062723c751e8b465ee728b) (PreviewImporter) -> (artifact id: '00000000000000000000000000000000') in 0.001161917 seconds
Import Error Code:(4)
Message: Build asset version error: assets/scripts/seguirwp.cs in SourceAssetDB has modification time of '2025-10-29T19:09:46Z' while content on disk has modification time of '2026-10-01T13:43:59Z'
  ERROR: Build asset version error: assets/scripts/seguirwp.cs in SourceAssetDB has modification time of '2025-10-29T19:09:46Z' while content on disk has modification time of '2026-10-01T13:43:59Z'
Number of updated asset objects reloaded before import = 0Number of asset objects unloaded after import = 0

========================================================================
Received Import Request.
  Time since last request: 0.004732 seconds.
  path: Assets/Scripts/SeguirWP.cs
  artifactKey: Guid(fa40b3335edfe834097929e9162e41d1) Importer(815301076,1909f56bfc062723c751e8b465ee728b)
Start importing Assets/Scripts/SeguirWP.cs using Guid(fa40b3335edfe834097929e9162e41d1) Importer(815301076,1909f56bfc062723c751e8b465ee728b) (PreviewImporter) -> (artifact id: '00000000000000000000000000000000') in 0.000725125 seconds
Import Error Code:(4)
Message: Build asset version error: assets/scripts/seguirwp.cs in SourceAssetDB has modification time of '2025-10-29T19:09:46Z' while content on disk has modification time of '2026-10-01T13:43:59Z'
  ERROR: Build asset version error: assets/scripts/seguirwp.cs in SourceAssetDB has modification time of '2025-10-29T19:09:46Z' while content on disk has modification time of '2026-10-01T13:43:59Z'
Number of updated asset objects reloaded before import = 0Number of asset objects unloaded after import = 0

========================================================================
Received Import Request.
  Time since last request: 0.001789 seconds.
  path: Assets/Scripts/SeguirWP.cs
  artifactKey: Guid(fa40b3335edfe834097929e9162e41d1) Importer(815301076,1909f56bfc062723c751e8b465ee728b)
Start importing Assets/Scripts/SeguirWP.cs using Guid(fa40b3335edfe834097929e9162e41d1) Importer(815301076,1909f56bfc062723c751e8b465ee728b) (PreviewImporter) -> (artifact id: '00000000000000000000000000000000') in 0.000459083 seconds
Import Error Code:(4)
Message: Build asset version error: assets/scripts/seguirwp.cs in SourceAssetDB has modification time of '2025-10-29T19:09:46Z' while content on disk has modification time of '2026-10-01T13:43:59Z'
  ERROR: Build asset version error: assets/scripts/seguirwp.cs in SourceAssetDB has modification time of '2025-10-29T19:09:46Z' while content on disk has modification time of '2026-10-01T13:43:59Z'
Number of updated asset objects reloaded before import = 0Number of asset objects unloaded after import = 0

========================================================================
Received Import Request.
  Time since last request: 0.001697 seconds.
  path: Assets/Scripts/SeguirWP.cs
  artifactKey: Guid(fa40b3335edfe834097929e9162e41d1) Importer(815301076,1909f56bfc062723c751e8b465ee728b)
Start importing Assets/Scripts/SeguirWP.cs using Guid(fa40b3335edfe834097929e9162e41d1) Importer(815301076,1909f56bfc062723c751e8b465ee728b) (PreviewImporter) -> (artifact id: '00000000000000000000000000000000') in 0.000727791 seconds
Import Error Code:(4)
Message: Build asset version error: assets/scripts/seguirwp.cs in SourceAssetDB has modification time of '2025-10-29T19:09:46Z' while content on disk has modification time of '2026-10-01T13:43:59Z'
  ERROR: Build asset version error: assets/scripts/seguirwp.cs in SourceAssetDB has modification time of '2025-10-29T19:09:46Z' while content on disk has modification time of '2026-10-01T13:43:59Z'
Number of updated asset objects reloaded before import = 0Number of asset objects unloaded after import = 0

========================================================================
Received Import Request.
  Time since last request: 0.002846 seconds.
  path: Assets/Scripts/SeguirWP.cs
  artifactKey: Guid(fa40b3335edfe834097929e9162e41d1) Importer(815301076,1909f56bfc062723c751e8b465ee728b)
Start importing Assets/Scripts/SeguirWP.cs using Guid(fa40b3335edfe834097929e9162e41d1) Importer(815301076,1909f56bfc062723c751e8b465ee728b) (PreviewImporter) -> (artifact id: '00000000000000000000000000000000') in 0.000636709 seconds
Import Error Code:(4)
Message: Build asset version error: assets/scripts/seguirwp.cs in SourceAssetDB has modification time of '2025-10-29T19:09:46Z' while content on disk has modification time of '2026-10-01T13:43:59Z'
  ERROR: Build asset version error: assets/scripts/seguirwp.cs in SourceAssetDB has modification time of '2025-10-29T19:09:46Z' while content on disk has modification time of '2026-10-01T13:43:59Z'
Number of updated asset objects reloaded before import = 0Number of asset objects unloaded after import = 0

========================================================================
Received Import Request.
  Time since last request: 0.003137 seconds.
  path: Assets/Scripts/SeguirWP.cs
  artifactKey: Guid(fa40b3335edfe834097929e9162e41d1) Importer(815301076,1909f56bfc062723c751e8b465ee728b)
Start importing Assets/Scripts/SeguirWP.cs using Guid(fa40b3335edfe834097929e9162e41d1) Importer(815301076,1909f56bfc062723c751e8b465ee728b) (PreviewImporter) -> (artifact id: '00000000000000000000000000000000') in 0.000513875 seconds
Import Error Code:(4)
Message: Build asset version error: assets/scripts/seguirwp.cs in SourceAssetDB has modification time of '2025-10-29T19:09:46Z' while content on disk has modification time of '2026-10-01T13:43:59Z'
  ERROR: Build asset version error: assets/scripts/seguirwp.cs in SourceAssetDB has modification time of '2025-10-29T19:09:46Z' while content on disk has modification time of '2026-10-01T13:43:59Z'
Number of updated asset objects reloaded before import = 0Number of asset objects unloaded after import = 0

========================================================================
Received Import Request.
  Time since last request: 0.001592 seconds.
  path: Assets/Scripts/SeguirWP.cs
  artifactKey: Guid(fa40b3335edfe834097929e9162e41d1) Importer(815301076,1909f56bfc062723c751e8b465ee728b)
Start importing Assets/Scripts/SeguirWP.cs using Guid(fa40b3335edfe834097929e9162e41d1) Importer(815301076,1909f56bfc062723c751e8b465ee728b) (PreviewImporter) -> (artifact id: '00000000000000000000000000000000') in 0.000989791 seconds
Import Error Code:(4)
Message: Build asset version error: assets/scripts/seguirwp.cs in SourceAssetDB has modification time of '2025-10-29T19:09:46Z' while content on disk has modification time of '2026-10-01T13:43:59Z'
  ERROR: Build asset version error: assets/scripts/seguirwp.cs in SourceAssetDB has modification time of '2025-10-29T19:09:46Z' while content on disk has modification time of '2026-10-01T13:43:59Z'
Number of updated asset objects reloaded before import = 0Number of asset objects unloaded after import = 0

========================================================================
Received Import Request.
  Time since last request: 0.002302 seconds.
  path: Assets/Scripts/SeguirWP.cs
  artifactKey: Guid(fa40b3335edfe834097929e9162e41d1) Importer(815301076,1909f56bfc062723c751e8b465ee728b)
Start importing Assets/Scripts/SeguirWP.cs using Guid(fa40b3335edfe834097929e9162e41d1) Importer(815301076,1909f56bfc062723c751e8b465ee728b) (PreviewImporter) -> (artifact id: '00000000000000000000000000000000') in 0.000611292 seconds
Import Error Code:(4)
Message: Build asset version error: assets/scripts/seguirwp.cs in SourceAssetDB has modification time of '2025-10-29T19:09:46Z' while content on disk has modification time of '2026-10-01T13:43:59Z'
  ERROR: Build asset version error: assets/scripts/seguirwp.cs in SourceAssetDB has modification time of '2025-10-29T19:09:46Z' while content on disk has modification time of '2026-10-01T13:43:59Z'
Number of updated asset objects reloaded before import = 0Number of asset objects unloaded after import = 0

========================================================================
Received Import Request.
  Time since last request: 0.008460 seconds.
  path: Assets/Scripts/SeguirWP.cs
  artifactKey: Guid(fa40b3335edfe834097929e9162e41d1) Importer(815301076,1909f56bfc062723c751e8b465ee728b)
Start importing Assets/Scripts/SeguirWP.cs using Guid(fa40b3335edfe834097929e9162e41d1) Importer(815301076,1909f56bfc062723c751e8b465ee728b) (PreviewImporter) -> (artifact id: '00000000000000000000000000000000') in 0.000531916 seconds
Import Error Code:(4)
Message: Build asset version error: assets/scripts/seguirwp.cs in SourceAssetDB has modification time of '2025-10-29T19:09:46Z' while content on disk has modification time of '2026-10-01T13:43:59Z'
  ERROR: Build asset version error: assets/scripts/seguirwp.cs in SourceAssetDB has modification time of '2025-10-29T19:09:46Z' while content on disk has modification time of '2026-10-01T13:43:59Z'
Number of updated asset objects reloaded before import = 0Number of asset objects unloaded after import = 0

========================================================================
Received Import Request.
  Time since last request: 0.019145 seconds.
  path: Assets/Scripts/SeguirWP.cs
  artifactKey: Guid(fa40b3335edfe834097929e9162e41d1) Importer(815301076,1909f56bfc062723c751e8b465ee728b)
Start importing Assets/Scripts/SeguirWP.cs using Guid(fa40b3335edfe834097929e9162e41d1) Importer(815301076,1909f56bfc062723c751e8b465ee728b) (PreviewImporter) -> (artifact id: '00000000000000000000000000000000') in 0.00061 seconds
Import Error Code:(4)
Message: Build asset version error: assets/scripts/seguirwp.cs in SourceAssetDB has modification time of '2025-10-29T19:09:46Z' while content on disk has modification time of '2026-10-01T13:43:59Z'
  ERROR: Build asset version error: assets/scripts/seguirwp.cs in SourceAssetDB has modification time of '2025-10-29T19:09:46Z' while content on disk has modification time of '2026-10-01T13:43:59Z'
Number of updated asset objects reloaded before import = 0Number of asset objects unloaded after import = 0

========================================================================
Received Import Request.
  Time since last request: 0.007310 seconds.
  path: Assets/Scripts/SeguirWP.cs
  artifactKey: Guid(fa40b3335edfe834097929e9162e41d1) Importer(815301076,1909f56bfc062723c751e8b465ee728b)
Start importing Assets/Scripts/SeguirWP.cs using Guid(fa40b3335edfe834097929e9162e41d1) Importer(815301076,1909f56bfc062723c751e8b465ee728b) (PreviewImporter) -> (artifact id: '00000000000000000000000000000000') in 0.000753833 seconds
Import Error Code:(4)
Message: Build asset version error: assets/scripts/seguirwp.cs in SourceAssetDB has modification time of '2025-10-29T19:09:46Z' while content on disk has modification time of '2026-10-01T13:43:59Z'
  ERROR: Build asset version error: assets/scripts/seguirwp.cs in SourceAssetDB has modification time of '2025-10-29T19:09:46Z' while content on disk has modification time of '2026-10-01T13:43:59Z'
Number of updated asset objects reloaded before import = 0Number of asset objects unloaded after import = 0

========================================================================
Received Import Request.
  Time since last request: 0.001325 seconds.
  path: Assets/Scripts/SeguirWP.cs
  artifactKey: Guid(fa40b3335edfe834097929e9162e41d1) Importer(815301076,1909f56bfc062723c751e8b465ee728b)
Start importing Assets/Scripts/SeguirWP.cs using Guid(fa40b3335edfe834097929e9162e41d1) Importer(815301076,1909f56bfc062723c751e8b465ee728b) (PreviewImporter) -> (artifact id: '00000000000000000000000000000000') in 0.000959417 seconds
Import Error Code:(4)
Message: Build asset version error: assets/scripts/seguirwp.cs in SourceAssetDB has modification time of '2025-10-29T19:09:46Z' while content on disk has modification time of '2026-10-01T13:43:59Z'
  ERROR: Build asset version error: assets/scripts/seguirwp.cs in SourceAssetDB has modification time of '2025-10-29T19:09:46Z' while content on disk has modification time of '2026-10-01T13:43:59Z'
Number of updated asset objects reloaded before import = 0Number of asset objects unloaded after import = 0

========================================================================
Received Import Request.
  Time since last request: 0.005639 seconds.
  path: Assets/Scripts/SeguirWP.cs
  artifactKey: Guid(fa40b3335edfe834097929e9162e41d1) Importer(815301076,1909f56bfc062723c751e8b465ee728b)
Start importing Assets/Scripts/SeguirWP.cs using Guid(fa40b3335edfe834097929e9162e41d1) Importer(815301076,1909f56bfc062723c751e8b465ee728b) (PreviewImporter) -> (artifact id: '00000000000000000000000000000000') in 0.000837416 seconds
Import Error Code:(4)
Message: Build asset version error: assets/scripts/seguirwp.cs in SourceAssetDB has modification time of '2025-10-29T19:09:46Z' while content on disk has modification time of '2026-10-01T13:43:59Z'
  ERROR: Build asset version error: assets/scripts/seguirwp.cs in SourceAssetDB has modification time of '2025-10-29T19:09:46Z' while content on disk has modification time of '2026-10-01T13:43:59Z'
Number of updated asset objects reloaded before import = 0Number of asset objects unloaded after import = 0

========================================================================
Received Import Request.
  Time since last request: 0.001511 seconds.
  path: Assets/Scripts/SeguirWP.cs
  artifactKey: Guid(fa40b3335edfe834097929e9162e41d1) Importer(815301076,1909f56bfc062723c751e8b465ee728b)
Start importing Assets/Scripts/SeguirWP.cs using Guid(fa40b3335edfe834097929e9162e41d1) Importer(815301076,1909f56bfc062723c751e8b465ee728b) (PreviewImporter) -> (artifact id: '00000000000000000000000000000000') in 0.001003166 seconds
Import Error Code:(4)
Message: Build asset version error: assets/scripts/seguirwp.cs in SourceAssetDB has modification time of '2025-10-29T19:09:46Z' while content on disk has modification time of '2026-10-01T13:43:59Z'
  ERROR: Build asset version error: assets/scripts/seguirwp.cs in SourceAssetDB has modification time of '2025-10-29T19:09:46Z' while content on disk has modification time of '2026-10-01T13:43:59Z'
Number of updated asset objects reloaded before import = 0Number of asset objects unloaded after import = 0

========================================================================
Received Import Request.
  Time since last request: 0.008129 seconds.
  path: Assets/Scripts/SeguirWP.cs
  artifactKey: Guid(fa40b3335edfe834097929e9162e41d1) Importer(815301076,1909f56bfc062723c751e8b465ee728b)
Start importing Assets/Scripts/SeguirWP.cs using Guid(fa40b3335edfe834097929e9162e41d1) Importer(815301076,1909f56bfc062723c751e8b465ee728b) (PreviewImporter) -> (artifact id: '00000000000000000000000000000000') in 0.000845625 seconds
Import Error Code:(4)
Message: Build asset version error: assets/scripts/seguirwp.cs in SourceAssetDB has modification time of '2025-10-29T19:09:46Z' while content on disk has modification time of '2026-10-01T13:43:59Z'
  ERROR: Build asset version error: assets/scripts/seguirwp.cs in SourceAssetDB has modification time of '2025-10-29T19:09:46Z' while content on disk has modification time of '2026-10-01T13:43:59Z'
Number of updated asset objects reloaded before import = 0Number of asset objects unloaded after import = 0

========================================================================
Received Import Request.
  Time since last request: 0.001190 seconds.
  path: Assets/Scripts/SeguirWP.cs
  artifactKey: Guid(fa40b3335edfe834097929e9162e41d1) Importer(815301076,1909f56bfc062723c751e8b465ee728b)
Start importing Assets/Scripts/SeguirWP.cs using Guid(fa40b3335edfe834097929e9162e41d1) Importer(815301076,1909f56bfc062723c751e8b465ee728b) (PreviewImporter) -> (artifact id: '00000000000000000000000000000000') in 0.001821334 seconds
Import Error Code:(4)
Message: Build asset version error: assets/scripts/seguirwp.cs in SourceAssetDB has modification time of '2025-10-29T19:09:46Z' while content on disk has modification time of '2026-10-01T13:43:59Z'
  ERROR: Build asset version error: assets/scripts/seguirwp.cs in SourceAssetDB has modification time of '2025-10-29T19:09:46Z' while content on disk has modification time of '2026-10-01T13:43:59Z'
Number of updated asset objects reloaded before import = 0Number of asset objects unloaded after import = 0

========================================================================
Received Import Request.
  Time since last request: 0.012247 seconds.
  path: Assets/Scripts/SeguirWP.cs
  artifactKey: Guid(fa40b3335edfe834097929e9162e41d1) Importer(815301076,1909f56bfc062723c751e8b465ee728b)
Start importing Assets/Scripts/SeguirWP.cs using Guid(fa40b3335edfe834097929e9162e41d1) Importer(815301076,1909f56bfc062723c751e8b465ee728b) (PreviewImporter) -> (artifact id: '00000000000000000000000000000000') in 0.000777209 seconds
Import Error Code:(4)
Message: Build asset version error: assets/scripts/seguirwp.cs in SourceAssetDB has modification time of '2025-10-29T19:09:46Z' while content on disk has modification time of '2026-10-01T13:43:59Z'
  ERROR: Build asset version error: assets/scripts/seguirwp.cs in SourceAssetDB has modification time of '2025-10-29T19:09:46Z' while content on disk has modification time of '2026-10-01T13:43:59Z'
Number of updated asset objects reloaded before import = 0Number of asset objects unloaded after import = 0

========================================================================
Received Import Request.
  Time since last request: 0.002504 seconds.
  path: Assets/Scripts/SeguirWP.cs
  artifactKey: Guid(fa40b3335edfe834097929e9162e41d1) Importer(815301076,1909f56bfc062723c751e8b465ee728b)
Start importing Assets/Scripts/SeguirWP.cs using Guid(fa40b3335edfe834097929e9162e41d1) Importer(815301076,1909f56bfc062723c751e8b465ee728b) (PreviewImporter) -> (artifact id: '00000000000000000000000000000000') in 0.001053333 seconds
Import Error Code:(4)
Message: Build asset version error: assets/scripts/seguirwp.cs in SourceAssetDB has modification time of '2025-10-29T19:09:46Z' while content on disk has modification time of '2026-10-01T13:43:59Z'
  ERROR: Build asset version error: assets/scripts/seguirwp.cs in SourceAssetDB has modification time of '2025-10-29T19:09:46Z' while content on disk has modification time of '2026-10-01T13:43:59Z'
Number of updated asset objects reloaded before import = 0Number of asset objects unloaded after import = 0

========================================================================
Received Import Request.
  Time since last request: 0.009448 seconds.
  path: Assets/Scripts/SeguirWP.cs
  artifactKey: Guid(fa40b3335edfe834097929e9162e41d1) Importer(815301076,1909f56bfc062723c751e8b465ee728b)
Start importing Assets/Scripts/SeguirWP.cs using Guid(fa40b3335edfe834097929e9162e41d1) Importer(815301076,1909f56bfc062723c751e8b465ee728b) (PreviewImporter) -> (artifact id: '00000000000000000000000000000000') in 0.000716583 seconds
Import Error Code:(4)
Message: Build asset version error: assets/scripts/seguirwp.cs in SourceAssetDB has modification time of '2025-10-29T19:09:46Z' while content on disk has modification time of '2026-10-01T13:43:59Z'
  ERROR: Build asset version error: assets/scripts/seguirwp.cs in SourceAssetDB has modification time of '2025-10-29T19:09:46Z' while content on disk has modification time of '2026-10-01T13:43:59Z'
Number of updated asset objects reloaded before import = 0Number of asset objects unloaded after import = 0

========================================================================
Received Import Request.
  Time since last request: 0.000963 seconds.
  path: Assets/Scripts/SeguirWP.cs
  artifactKey: Guid(fa40b3335edfe834097929e9162e41d1) Importer(815301076,1909f56bfc062723c751e8b465ee728b)
Start importing Assets/Scripts/SeguirWP.cs using Guid(fa40b3335edfe834097929e9162e41d1) Importer(815301076,1909f56bfc062723c751e8b465ee728b) (PreviewImporter) -> (artifact id: '00000000000000000000000000000000') in 0.000984667 seconds
Import Error Code:(4)
Message: Build asset version error: assets/scripts/seguirwp.cs in SourceAssetDB has modification time of '2025-10-29T19:09:46Z' while content on disk has modification time of '2026-10-01T13:43:59Z'
  ERROR: Build asset version error: assets/scripts/seguirwp.cs in SourceAssetDB has modification time of '2025-10-29T19:09:46Z' while content on disk has modification time of '2026-10-01T13:43:59Z'
Number of updated asset objects reloaded before import = 0Number of asset objects unloaded after import = 0

========================================================================
Received Import Request.
  Time since last request: 0.006098 seconds.
  path: Assets/Scripts/SeguirWP.cs
  artifactKey: Guid(fa40b3335edfe834097929e9162e41d1) Importer(815301076,1909f56bfc062723c751e8b465ee728b)
Start importing Assets/Scripts/SeguirWP.cs using Guid(fa40b3335edfe834097929e9162e41d1) Importer(815301076,1909f56bfc062723c751e8b465ee728b) (PreviewImporter) -> (artifact id: '00000000000000000000000000000000') in 0.000623625 seconds
Import Error Code:(4)
Message: Build asset version error: assets/scripts/seguirwp.cs in SourceAssetDB has modification time of '2025-10-29T19:09:46Z' while content on disk has modification time of '2026-10-01T13:43:59Z'
  ERROR: Build asset version error: assets/scripts/seguirwp.cs in SourceAssetDB has modification time of '2025-10-29T19:09:46Z' while content on disk has modification time of '2026-10-01T13:43:59Z'
Number of updated asset objects reloaded before import = 0Number of asset objects unloaded after import = 0

========================================================================
Received Import Request.
  Time since last request: 0.001109 seconds.
  path: Assets/Scripts/SeguirWP.cs
  artifactKey: Guid(fa40b3335edfe834097929e9162e41d1) Importer(815301076,1909f56bfc062723c751e8b465ee728b)
Start importing Assets/Scripts/SeguirWP.cs using Guid(fa40b3335edfe834097929e9162e41d1) Importer(815301076,1909f56bfc062723c751e8b465ee728b) (PreviewImporter) -> (artifact id: '00000000000000000000000000000000') in 0.000902667 seconds
Import Error Code:(4)
Message: Build asset version error: assets/scripts/seguirwp.cs in SourceAssetDB has modification time of '2025-10-29T19:09:46Z' while content on disk has modification time of '2026-10-01T13:43:59Z'
  ERROR: Build asset version error: assets/scripts/seguirwp.cs in SourceAssetDB has modification time of '2025-10-29T19:09:46Z' while content on disk has modification time of '2026-10-01T13:43:59Z'
Number of updated asset objects reloaded before import = 0Number of asset objects unloaded after import = 0

========================================================================
Received Import Request.
  Time since last request: 0.008491 seconds.
  path: Assets/Scripts/SeguirWP.cs
  artifactKey: Guid(fa40b3335edfe834097929e9162e41d1) Importer(815301076,1909f56bfc062723c751e8b465ee728b)
Start importing Assets/Scripts/SeguirWP.cs using Guid(fa40b3335edfe834097929e9162e41d1) Importer(815301076,1909f56bfc062723c751e8b465ee728b) (PreviewImporter) -> (artifact id: '00000000000000000000000000000000') in 0.000700208 seconds
Import Error Code:(4)
Message: Build asset version error: assets/scripts/seguirwp.cs in SourceAssetDB has modification time of '2025-10-29T19:09:46Z' while content on disk has modification time of '2026-10-01T13:43:59Z'
  ERROR: Build asset version error: assets/scripts/seguirwp.cs in SourceAssetDB has modification time of '2025-10-29T19:09:46Z' while content on disk has modification time of '2026-10-01T13:43:59Z'
Number of updated asset objects reloaded before import = 0Number of asset objects unloaded after import = 0

========================================================================
Received Import Request.
  Time since last request: 0.005188 seconds.
  path: Assets/Scripts/SeguirWP.cs
  artifactKey: Guid(fa40b3335edfe834097929e9162e41d1) Importer(815301076,1909f56bfc062723c751e8b465ee728b)
Start importing Assets/Scripts/SeguirWP.cs using Guid(fa40b3335edfe834097929e9162e41d1) Importer(815301076,1909f56bfc062723c751e8b465ee728b) (PreviewImporter) -> (artifact id: '00000000000000000000000000000000') in 0.000500875 seconds
Import Error Code:(4)
Message: Build asset version error: assets/scripts/seguirwp.cs in SourceAssetDB has modification time of '2025-10-29T19:09:46Z' while content on disk has modification time of '2026-10-01T13:43:59Z'
  ERROR: Build asset version error: assets/scripts/seguirwp.cs in SourceAssetDB has modification time of '2025-10-29T19:09:46Z' while content on disk has modification time of '2026-10-01T13:43:59Z'
Number of updated asset objects reloaded before import = 0Number of asset objects unloaded after import = 0

========================================================================
Received Import Request.
  Time since last request: 0.001898 seconds.
  path: Assets/Scripts/SeguirWP.cs
  artifactKey: Guid(fa40b3335edfe834097929e9162e41d1) Importer(815301076,1909f56bfc062723c751e8b465ee728b)
Start importing Assets/Scripts/SeguirWP.cs using Guid(fa40b3335edfe834097929e9162e41d1) Importer(815301076,1909f56bfc062723c751e8b465ee728b) (PreviewImporter) -> (artifact id: '00000000000000000000000000000000') in 0.000830083 seconds
Import Error Code:(4)
Message: Build asset version error: assets/scripts/seguirwp.cs in SourceAssetDB has modification time of '2025-10-29T19:09:46Z' while content on disk has modification time of '2026-10-01T13:43:59Z'
  ERROR: Build asset version error: assets/scripts/seguirwp.cs in SourceAssetDB has modification time of '2025-10-29T19:09:46Z' while content on disk has modification time of '2026-10-01T13:43:59Z'
Number of updated asset objects reloaded before import = 0Number of asset objects unloaded after import = 0

========================================================================
Received Import Request.
  Time since last request: 0.001007 seconds.
  path: Assets/Scripts/SeguirWP.cs
  artifactKey: Guid(fa40b3335edfe834097929e9162e41d1) Importer(815301076,1909f56bfc062723c751e8b465ee728b)
Start importing Assets/Scripts/SeguirWP.cs using Guid(fa40b3335edfe834097929e9162e41d1) Importer(815301076,1909f56bfc062723c751e8b465ee728b) (PreviewImporter) -> (artifact id: '00000000000000000000000000000000') in 0.000616875 seconds
Import Error Code:(4)
Message: Build asset version error: assets/scripts/seguirwp.cs in SourceAssetDB has modification time of '2025-10-29T19:09:46Z' while content on disk has modification time of '2026-10-01T13:43:59Z'
  ERROR: Build asset version error: assets/scripts/seguirwp.cs in SourceAssetDB has modification time of '2025-10-29T19:09:46Z' while content on disk has modification time of '2026-10-01T13:43:59Z'
Number of updated asset objects reloaded before import = 0Number of asset objects unloaded after import = 0

========================================================================
Received Import Request.
  Time since last request: 0.003326 seconds.
  path: Assets/Scripts/SeguirWP.cs
  artifactKey: Guid(fa40b3335edfe834097929e9162e41d1) Importer(815301076,1909f56bfc062723c751e8b465ee728b)
Start importing Assets/Scripts/SeguirWP.cs using Guid(fa40b3335edfe834097929e9162e41d1) Importer(815301076,1909f56bfc062723c751e8b465ee728b) (PreviewImporter) -> (artifact id: '00000000000000000000000000000000') in 0.001259583 seconds
Import Error Code:(4)
Message: Build asset version error: assets/scripts/seguirwp.cs in SourceAssetDB has modification time of '2025-10-29T19:09:46Z' while content on disk has modification time of '2026-10-01T13:43:59Z'
  ERROR: Build asset version error: assets/scripts/seguirwp.cs in SourceAssetDB has modification time of '2025-10-29T19:09:46Z' while content on disk has modification time of '2026-10-01T13:43:59Z'
Number of updated asset objects reloaded before import = 0Number of asset objects unloaded after import = 0

========================================================================
Received Import Request.
  Time since last request: 0.003614 seconds.
  path: Assets/Scripts/SeguirWP.cs
  artifactKey: Guid(fa40b3335edfe834097929e9162e41d1) Importer(815301076,1909f56bfc062723c751e8b465ee728b)
Start importing Assets/Scripts/SeguirWP.cs using Guid(fa40b3335edfe834097929e9162e41d1) Importer(815301076,1909f56bfc062723c751e8b465ee728b) (PreviewImporter) -> (artifact id: '00000000000000000000000000000000') in 0.000579125 seconds
Import Error Code:(4)
Message: Build asset version error: assets/scripts/seguirwp.cs in SourceAssetDB has modification time of '2025-10-29T19:09:46Z' while content on disk has modification time of '2026-10-01T13:43:59Z'
  ERROR: Build asset version error: assets/scripts/seguirwp.cs in SourceAssetDB has modification time of '2025-10-29T19:09:46Z' while content on disk has modification time of '2026-10-01T13:43:59Z'
Number of updated asset objects reloaded before import = 0Number of asset objects unloaded after import = 0

========================================================================
Received Import Request.
  Time since last request: 0.012025 seconds.
  path: Assets/Scripts/SeguirWP.cs
  artifactKey: Guid(fa40b3335edfe834097929e9162e41d1) Importer(815301076,1909f56bfc062723c751e8b465ee728b)
Start importing Assets/Scripts/SeguirWP.cs using Guid(fa40b3335edfe834097929e9162e41d1) Importer(815301076,1909f56bfc062723c751e8b465ee728b) (PreviewImporter) -> (artifact id: '00000000000000000000000000000000') in 0.000472042 seconds
Import Error Code:(4)
Message: Build asset version error: assets/scripts/seguirwp.cs in SourceAssetDB has modification time of '2025-10-29T19:09:46Z' while content on disk has modification time of '2026-10-01T13:43:59Z'
  ERROR: Build asset version error: assets/scripts/seguirwp.cs in SourceAssetDB has modification time of '2025-10-29T19:09:46Z' while content on disk has modification time of '2026-10-01T13:43:59Z'
Number of updated asset objects reloaded before import = 0Number of asset objects unloaded after import = 0

========================================================================
Received Import Request.
  Time since last request: 0.001210 seconds.
  path: Assets/Scripts/SeguirWP.cs
  artifactKey: Guid(fa40b3335edfe834097929e9162e41d1) Importer(815301076,1909f56bfc062723c751e8b465ee728b)
Start importing Assets/Scripts/SeguirWP.cs using Guid(fa40b3335edfe834097929e9162e41d1) Importer(815301076,1909f56bfc062723c751e8b465ee728b) (PreviewImporter) -> (artifact id: '00000000000000000000000000000000') in 0.000854209 seconds
Import Error Code:(4)
Message: Build asset version error: assets/scripts/seguirwp.cs in SourceAssetDB has modification time of '2025-10-29T19:09:46Z' while content on disk has modification time of '2026-10-01T13:43:59Z'
  ERROR: Build asset version error: assets/scripts/seguirwp.cs in SourceAssetDB has modification time of '2025-10-29T19:09:46Z' while content on disk has modification time of '2026-10-01T13:43:59Z'
Number of updated asset objects reloaded before import = 0Number of asset objects unloaded after import = 0

========================================================================
Received Import Request.
  Time since last request: 0.003972 seconds.
  path: Assets/Scripts/SeguirWP.cs
  artifactKey: Guid(fa40b3335edfe834097929e9162e41d1) Importer(815301076,1909f56bfc062723c751e8b465ee728b)
Start importing Assets/Scripts/SeguirWP.cs using Guid(fa40b3335edfe834097929e9162e41d1) Importer(815301076,1909f56bfc062723c751e8b465ee728b) (PreviewImporter) -> (artifact id: '00000000000000000000000000000000') in 0.000765 seconds
Import Error Code:(4)
Message: Build asset version error: assets/scripts/seguirwp.cs in SourceAssetDB has modification time of '2025-10-29T19:09:46Z' while content on disk has modification time of '2026-10-01T13:43:59Z'
  ERROR: Build asset version error: assets/scripts/seguirwp.cs in SourceAssetDB has modification time of '2025-10-29T19:09:46Z' while content on disk has modification time of '2026-10-01T13:43:59Z'
Number of updated asset objects reloaded before import = 0Number of asset objects unloaded after import = 0

========================================================================
Received Import Request.
  Time since last request: 0.002495 seconds.
  path: Assets/Scripts/SeguirWP.cs
  artifactKey: Guid(fa40b3335edfe834097929e9162e41d1) Importer(815301076,1909f56bfc062723c751e8b465ee728b)
Start importing Assets/Scripts/SeguirWP.cs using Guid(fa40b3335edfe834097929e9162e41d1) Importer(815301076,1909f56bfc062723c751e8b465ee728b) (PreviewImporter) -> (artifact id: '00000000000000000000000000000000') in 0.000999042 seconds
Import Error Code:(4)
Message: Build asset version error: assets/scripts/seguirwp.cs in SourceAssetDB has modification time of '2025-10-29T19:09:46Z' while content on disk has modification time of '2026-10-01T13:43:59Z'
  ERROR: Build asset version error: assets/scripts/seguirwp.cs in SourceAssetDB has modification time of '2025-10-29T19:09:46Z' while content on disk has modification time of '2026-10-01T13:43:59Z'
Number of updated asset objects reloaded before import = 0Number of asset objects unloaded after import = 0

========================================================================
Received Import Request.
  Time since last request: 0.018892 seconds.
  path: Assets/Scripts/SeguirWP.cs
  artifactKey: Guid(fa40b3335edfe834097929e9162e41d1) Importer(815301076,1909f56bfc062723c751e8b465ee728b)
Start importing Assets/Scripts/SeguirWP.cs using Guid(fa40b3335edfe834097929e9162e41d1) Importer(815301076,1909f56bfc062723c751e8b465ee728b) (PreviewImporter) -> (artifact id: '00000000000000000000000000000000') in 0.000772459 seconds
Import Error Code:(4)
Message: Build asset version error: assets/scripts/seguirwp.cs in SourceAssetDB has modification time of '2025-10-29T19:09:46Z' while content on disk has modification time of '2026-10-01T13:43:59Z'
  ERROR: Build asset version error: assets/scripts/seguirwp.cs in SourceAssetDB has modification time of '2025-10-29T19:09:46Z' while content on disk has modification time of '2026-10-01T13:43:59Z'
Number of updated asset objects reloaded before import = 0Number of asset objects unloaded after import = 0

========================================================================
Received Import Request.
  Time since last request: 0.005296 seconds.
  path: Assets/Scripts/SeguirWP.cs
  artifactKey: Guid(fa40b3335edfe834097929e9162e41d1) Importer(815301076,1909f56bfc062723c751e8b465ee728b)
Start importing Assets/Scripts/SeguirWP.cs using Guid(fa40b3335edfe834097929e9162e41d1) Importer(815301076,1909f56bfc062723c751e8b465ee728b) (PreviewImporter) -> (artifact id: '00000000000000000000000000000000') in 0.000514917 seconds
Import Error Code:(4)
Message: Build asset version error: assets/scripts/seguirwp.cs in SourceAssetDB has modification time of '2025-10-29T19:09:46Z' while content on disk has modification time of '2026-10-01T13:43:59Z'
  ERROR: Build asset version error: assets/scripts/seguirwp.cs in SourceAssetDB has modification time of '2025-10-29T19:09:46Z' while content on disk has modification time of '2026-10-01T13:43:59Z'
Number of updated asset objects reloaded before import = 0Number of asset objects unloaded after import = 0

========================================================================
Received Import Request.
  Time since last request: 0.003393 seconds.
  path: Assets/Scripts/SeguirWP.cs
  artifactKey: Guid(fa40b3335edfe834097929e9162e41d1) Importer(815301076,1909f56bfc062723c751e8b465ee728b)
Start importing Assets/Scripts/SeguirWP.cs using Guid(fa40b3335edfe834097929e9162e41d1) Importer(815301076,1909f56bfc062723c751e8b465ee728b) (PreviewImporter) -> (artifact id: '00000000000000000000000000000000') in 0.000884 seconds
Import Error Code:(4)
Message: Build asset version error: assets/scripts/seguirwp.cs in SourceAssetDB has modification time of '2025-10-29T19:09:46Z' while content on disk has modification time of '2026-10-01T13:43:59Z'
  ERROR: Build asset version error: assets/scripts/seguirwp.cs in SourceAssetDB has modification time of '2025-10-29T19:09:46Z' while content on disk has modification time of '2026-10-01T13:43:59Z'
Number of updated asset objects reloaded before import = 0Number of asset objects unloaded after import = 0

========================================================================
Received Import Request.
  Time since last request: 0.003730 seconds.
  path: Assets/Scripts/SeguirWP.cs
  artifactKey: Guid(fa40b3335edfe834097929e9162e41d1) Importer(815301076,1909f56bfc062723c751e8b465ee728b)
Start importing Assets/Scripts/SeguirWP.cs using Guid(fa40b3335edfe834097929e9162e41d1) Importer(815301076,1909f56bfc062723c751e8b465ee728b) (PreviewImporter) -> (artifact id: '00000000000000000000000000000000') in 0.000745291 seconds
Import Error Code:(4)
Message: Build asset version error: assets/scripts/seguirwp.cs in SourceAssetDB has modification time of '2025-10-29T19:09:46Z' while content on disk has modification time of '2026-10-01T13:43:59Z'
  ERROR: Build asset version error: assets/scripts/seguirwp.cs in SourceAssetDB has modification time of '2025-10-29T19:09:46Z' while content on disk has modification time of '2026-10-01T13:43:59Z'
Number of updated asset objects reloaded before import = 0Number of asset objects unloaded after import = 0

========================================================================
Received Import Request.
  Time since last request: 0.003609 seconds.
  path: Assets/Scripts/SeguirWP.cs
  artifactKey: Guid(fa40b3335edfe834097929e9162e41d1) Importer(815301076,1909f56bfc062723c751e8b465ee728b)
Start importing Assets/Scripts/SeguirWP.cs using Guid(fa40b3335edfe834097929e9162e41d1) Importer(815301076,1909f56bfc062723c751e8b465ee728b) (PreviewImporter) -> (artifact id: '00000000000000000000000000000000') in 0.000443458 seconds
Import Error Code:(4)
Message: Build asset version error: assets/scripts/seguirwp.cs in SourceAssetDB has modification time of '2025-10-29T19:09:46Z' while content on disk has modification time of '2026-10-01T13:43:59Z'
  ERROR: Build asset version error: assets/scripts/seguirwp.cs in SourceAssetDB has modification time of '2025-10-29T19:09:46Z' while content on disk has modification time of '2026-10-01T13:43:59Z'
Number of updated asset objects reloaded before import = 0Number of asset objects unloaded after import = 0

========================================================================
Received Import Request.
  Time since last request: 0.017900 seconds.
  path: Assets/Scripts/SeguirWP.cs
  artifactKey: Guid(fa40b3335edfe834097929e9162e41d1) Importer(815301076,1909f56bfc062723c751e8b465ee728b)
Start importing Assets/Scripts/SeguirWP.cs using Guid(fa40b3335edfe834097929e9162e41d1) Importer(815301076,1909f56bfc062723c751e8b465ee728b) (PreviewImporter) -> (artifact id: '00000000000000000000000000000000') in 0.000701459 seconds
Import Error Code:(4)
Message: Build asset version error: assets/scripts/seguirwp.cs in SourceAssetDB has modification time of '2025-10-29T19:09:46Z' while content on disk has modification time of '2026-10-01T13:43:59Z'
  ERROR: Build asset version error: assets/scripts/seguirwp.cs in SourceAssetDB has modification time of '2025-10-29T19:09:46Z' while content on disk has modification time of '2026-10-01T13:43:59Z'
Number of updated asset objects reloaded before import = 0Number of asset objects unloaded after import = 0

========================================================================
Received Import Request.
  Time since last request: 0.002358 seconds.
  path: Assets/Scripts/SeguirWP.cs
  artifactKey: Guid(fa40b3335edfe834097929e9162e41d1) Importer(815301076,1909f56bfc062723c751e8b465ee728b)
Start importing Assets/Scripts/SeguirWP.cs using Guid(fa40b3335edfe834097929e9162e41d1) Importer(815301076,1909f56bfc062723c751e8b465ee728b) (PreviewImporter) -> (artifact id: '00000000000000000000000000000000') in 0.000424583 seconds
Import Error Code:(4)
Message: Build asset version error: assets/scripts/seguirwp.cs in SourceAssetDB has modification time of '2025-10-29T19:09:46Z' while content on disk has modification time of '2026-10-01T13:43:59Z'
  ERROR: Build asset version error: assets/scripts/seguirwp.cs in SourceAssetDB has modification time of '2025-10-29T19:09:46Z' while content on disk has modification time of '2026-10-01T13:43:59Z'
Number of updated asset objects reloaded before import = 0Number of asset objects unloaded after import = 0

========================================================================
Received Import Request.
  Time since last request: 0.011942 seconds.
  path: Assets/Scripts/SeguirWP.cs
  artifactKey: Guid(fa40b3335edfe834097929e9162e41d1) Importer(815301076,1909f56bfc062723c751e8b465ee728b)
Start importing Assets/Scripts/SeguirWP.cs using Guid(fa40b3335edfe834097929e9162e41d1) Importer(815301076,1909f56bfc062723c751e8b465ee728b) (PreviewImporter) -> (artifact id: '00000000000000000000000000000000') in 0.000738834 seconds
Import Error Code:(4)
Message: Build asset version error: assets/scripts/seguirwp.cs in SourceAssetDB has modification time of '2025-10-29T19:09:46Z' while content on disk has modification time of '2026-10-01T13:43:59Z'
  ERROR: Build asset version error: assets/scripts/seguirwp.cs in SourceAssetDB has modification time of '2025-10-29T19:09:46Z' while content on disk has modification time of '2026-10-01T13:43:59Z'
Number of updated asset objects reloaded before import = 0Number of asset objects unloaded after import = 0

========================================================================
Received Import Request.
  Time since last request: 0.001363 seconds.
  path: Assets/Scripts/SeguirWP.cs
  artifactKey: Guid(fa40b3335edfe834097929e9162e41d1) Importer(815301076,1909f56bfc062723c751e8b465ee728b)
Start importing Assets/Scripts/SeguirWP.cs using Guid(fa40b3335edfe834097929e9162e41d1) Importer(815301076,1909f56bfc062723c751e8b465ee728b) (PreviewImporter) -> (artifact id: '00000000000000000000000000000000') in 0.000552833 seconds
Import Error Code:(4)
Message: Build asset version error: assets/scripts/seguirwp.cs in SourceAssetDB has modification time of '2025-10-29T19:09:46Z' while content on disk has modification time of '2026-10-01T13:43:59Z'
  ERROR: Build asset version error: assets/scripts/seguirwp.cs in SourceAssetDB has modification time of '2025-10-29T19:09:46Z' while content on disk has modification time of '2026-10-01T13:43:59Z'
Number of updated asset objects reloaded before import = 0Number of asset objects unloaded after import = 0

========================================================================
Received Import Request.
  Time since last request: 0.001173 seconds.
  path: Assets/Scripts/SeguirWP.cs
  artifactKey: Guid(fa40b3335edfe834097929e9162e41d1) Importer(815301076,1909f56bfc062723c751e8b465ee728b)
Start importing Assets/Scripts/SeguirWP.cs using Guid(fa40b3335edfe834097929e9162e41d1) Importer(815301076,1909f56bfc062723c751e8b465ee728b) (PreviewImporter) -> (artifact id: '00000000000000000000000000000000') in 0.000420625 seconds
Import Error Code:(4)
Message: Build asset version error: assets/scripts/seguirwp.cs in SourceAssetDB has modification time of '2025-10-29T19:09:46Z' while content on disk has modification time of '2026-10-01T13:43:59Z'
  ERROR: Build asset version error: assets/scripts/seguirwp.cs in SourceAssetDB has modification time of '2025-10-29T19:09:46Z' while content on disk has modification time of '2026-10-01T13:43:59Z'
Number of updated asset objects reloaded before import = 0Number of asset objects unloaded after import = 0

========================================================================
Received Import Request.
  Time since last request: 0.000728 seconds.
  path: Assets/Scripts/SeguirWP.cs
  artifactKey: Guid(fa40b3335edfe834097929e9162e41d1) Importer(815301076,1909f56bfc062723c751e8b465ee728b)
Start importing Assets/Scripts/SeguirWP.cs using Guid(fa40b3335edfe834097929e9162e41d1) Importer(815301076,1909f56bfc062723c751e8b465ee728b) (PreviewImporter) -> (artifact id: '00000000000000000000000000000000') in 0.00060475 seconds
Import Error Code:(4)
Message: Build asset version error: assets/scripts/seguirwp.cs in SourceAssetDB has modification time of '2025-10-29T19:09:46Z' while content on disk has modification time of '2026-10-01T13:43:59Z'
  ERROR: Build asset version error: assets/scripts/seguirwp.cs in SourceAssetDB has modification time of '2025-10-29T19:09:46Z' while content on disk has modification time of '2026-10-01T13:43:59Z'
Number of updated asset objects reloaded before import = 0Number of asset objects unloaded after import = 0

========================================================================
Received Import Request.
  Time since last request: 0.001807 seconds.
  path: Assets/Scripts/SeguirWP.cs
  artifactKey: Guid(fa40b3335edfe834097929e9162e41d1) Importer(815301076,1909f56bfc062723c751e8b465ee728b)
Start importing Assets/Scripts/SeguirWP.cs using Guid(fa40b3335edfe834097929e9162e41d1) Importer(815301076,1909f56bfc062723c751e8b465ee728b) (PreviewImporter) -> (artifact id: '00000000000000000000000000000000') in 0.000369834 seconds
Import Error Code:(4)
Message: Build asset version error: assets/scripts/seguirwp.cs in SourceAssetDB has modification time of '2025-10-29T19:09:46Z' while content on disk has modification time of '2026-10-01T13:43:59Z'
  ERROR: Build asset version error: assets/scripts/seguirwp.cs in SourceAssetDB has modification time of '2025-10-29T19:09:46Z' while content on disk has modification time of '2026-10-01T13:43:59Z'
Number of updated asset objects reloaded before import = 0Number of asset objects unloaded after import = 0

========================================================================
Received Import Request.
  Time since last request: 0.004469 seconds.
  path: Assets/Scripts/SeguirWP.cs
  artifactKey: Guid(fa40b3335edfe834097929e9162e41d1) Importer(815301076,1909f56bfc062723c751e8b465ee728b)
Start importing Assets/Scripts/SeguirWP.cs using Guid(fa40b3335edfe834097929e9162e41d1) Importer(815301076,1909f56bfc062723c751e8b465ee728b) (PreviewImporter) -> (artifact id: '00000000000000000000000000000000') in 0.000436959 seconds
Import Error Code:(4)
Message: Build asset version error: assets/scripts/seguirwp.cs in SourceAssetDB has modification time of '2025-10-29T19:09:46Z' while content on disk has modification time of '2026-10-01T13:43:59Z'
  ERROR: Build asset version error: assets/scripts/seguirwp.cs in SourceAssetDB has modification time of '2025-10-29T19:09:46Z' while content on disk has modification time of '2026-10-01T13:43:59Z'
Number of updated asset objects reloaded before import = 0Number of asset objects unloaded after import = 0

========================================================================
Received Import Request.
  Time since last request: 0.016055 seconds.
  path: Assets/Scripts/SeguirWP.cs
  artifactKey: Guid(fa40b3335edfe834097929e9162e41d1) Importer(815301076,1909f56bfc062723c751e8b465ee728b)
Start importing Assets/Scripts/SeguirWP.cs using Guid(fa40b3335edfe834097929e9162e41d1) Importer(815301076,1909f56bfc062723c751e8b465ee728b) (PreviewImporter) -> (artifact id: '00000000000000000000000000000000') in 0.00049625 seconds
Import Error Code:(4)
Message: Build asset version error: assets/scripts/seguirwp.cs in SourceAssetDB has modification time of '2025-10-29T19:09:46Z' while content on disk has modification time of '2026-10-01T13:43:59Z'
  ERROR: Build asset version error: assets/scripts/seguirwp.cs in SourceAssetDB has modification time of '2025-10-29T19:09:46Z' while content on disk has modification time of '2026-10-01T13:43:59Z'
Number of updated asset objects reloaded before import = 0Number of asset objects unloaded after import = 0

========================================================================
Received Import Request.
  Time since last request: 0.004980 seconds.
  path: Assets/Scripts/SeguirWP.cs
  artifactKey: Guid(fa40b3335edfe834097929e9162e41d1) Importer(815301076,1909f56bfc062723c751e8b465ee728b)
Start importing Assets/Scripts/SeguirWP.cs using Guid(fa40b3335edfe834097929e9162e41d1) Importer(815301076,1909f56bfc062723c751e8b465ee728b) (PreviewImporter) -> (artifact id: '00000000000000000000000000000000') in 0.000372375 seconds
Import Error Code:(4)
Message: Build asset version error: assets/scripts/seguirwp.cs in SourceAssetDB has modification time of '2025-10-29T19:09:46Z' while content on disk has modification time of '2026-10-01T13:43:59Z'
  ERROR: Build asset version error: assets/scripts/seguirwp.cs in SourceAssetDB has modification time of '2025-10-29T19:09:46Z' while content on disk has modification time of '2026-10-01T13:43:59Z'
Number of updated asset objects reloaded before import = 0Number of asset objects unloaded after import = 0

========================================================================
Received Import Request.
  Time since last request: 0.004380 seconds.
  path: Assets/Scripts/SeguirWP.cs
  artifactKey: Guid(fa40b3335edfe834097929e9162e41d1) Importer(815301076,1909f56bfc062723c751e8b465ee728b)
Start importing Assets/Scripts/SeguirWP.cs using Guid(fa40b3335edfe834097929e9162e41d1) Importer(815301076,1909f56bfc062723c751e8b465ee728b) (PreviewImporter) -> (artifact id: '00000000000000000000000000000000') in 0.000395834 seconds
Import Error Code:(4)
Message: Build asset version error: assets/scripts/seguirwp.cs in SourceAssetDB has modification time of '2025-10-29T19:09:46Z' while content on disk has modification time of '2026-10-01T13:43:59Z'
  ERROR: Build asset version error: assets/scripts/seguirwp.cs in SourceAssetDB has modification time of '2025-10-29T19:09:46Z' while content on disk has modification time of '2026-10-01T13:43:59Z'
Number of updated asset objects reloaded before import = 0Number of asset objects unloaded after import = 0

========================================================================
Received Import Request.
  Time since last request: 0.015347 seconds.
  path: Assets/Scripts/SeguirWP.cs
  artifactKey: Guid(fa40b3335edfe834097929e9162e41d1) Importer(815301076,1909f56bfc062723c751e8b465ee728b)
Start importing Assets/Scripts/SeguirWP.cs using Guid(fa40b3335edfe834097929e9162e41d1) Importer(815301076,1909f56bfc062723c751e8b465ee728b) (PreviewImporter) -> (artifact id: '00000000000000000000000000000000') in 0.000411458 seconds
Import Error Code:(4)
Message: Build asset version error: assets/scripts/seguirwp.cs in SourceAssetDB has modification time of '2025-10-29T19:09:46Z' while content on disk has modification time of '2026-10-01T13:43:59Z'
  ERROR: Build asset version error: assets/scripts/seguirwp.cs in SourceAssetDB has modification time of '2025-10-29T19:09:46Z' while content on disk has modification time of '2026-10-01T13:43:59Z'
Number of updated asset objects reloaded before import = 0Number of asset objects unloaded after import = 0

========================================================================
Received Import Request.
  Time since last request: 0.004474 seconds.
  path: Assets/Scripts/SeguirWP.cs
  artifactKey: Guid(fa40b3335edfe834097929e9162e41d1) Importer(815301076,1909f56bfc062723c751e8b465ee728b)
Start importing Assets/Scripts/SeguirWP.cs using Guid(fa40b3335edfe834097929e9162e41d1) Importer(815301076,1909f56bfc062723c751e8b465ee728b) (PreviewImporter) -> (artifact id: '00000000000000000000000000000000') in 0.000583458 seconds
Import Error Code:(4)
Message: Build asset version error: assets/scripts/seguirwp.cs in SourceAssetDB has modification time of '2025-10-29T19:09:46Z' while content on disk has modification time of '2026-10-01T13:43:59Z'
  ERROR: Build asset version error: assets/scripts/seguirwp.cs in SourceAssetDB has modification time of '2025-10-29T19:09:46Z' while content on disk has modification time of '2026-10-01T13:43:59Z'
Number of updated asset objects reloaded before import = 0Number of asset objects unloaded after import = 0

========================================================================
Received Import Request.
  Time since last request: 0.004069 seconds.
  path: Assets/Scripts/SeguirWP.cs
  artifactKey: Guid(fa40b3335edfe834097929e9162e41d1) Importer(815301076,1909f56bfc062723c751e8b465ee728b)
Start importing Assets/Scripts/SeguirWP.cs using Guid(fa40b3335edfe834097929e9162e41d1) Importer(815301076,1909f56bfc062723c751e8b465ee728b) (PreviewImporter) -> (artifact id: '00000000000000000000000000000000') in 0.000913084 seconds
Import Error Code:(4)
Message: Build asset version error: assets/scripts/seguirwp.cs in SourceAssetDB has modification time of '2025-10-29T19:09:46Z' while content on disk has modification time of '2026-10-01T13:43:59Z'
  ERROR: Build asset version error: assets/scripts/seguirwp.cs in SourceAssetDB has modification time of '2025-10-29T19:09:46Z' while content on disk has modification time of '2026-10-01T13:43:59Z'
Number of updated asset objects reloaded before import = 0Number of asset objects unloaded after import = 0

========================================================================
Received Import Request.
  Time since last request: 0.005587 seconds.
  path: Assets/Scripts/SeguirWP.cs
  artifactKey: Guid(fa40b3335edfe834097929e9162e41d1) Importer(815301076,1909f56bfc062723c751e8b465ee728b)
Start importing Assets/Scripts/SeguirWP.cs using Guid(fa40b3335edfe834097929e9162e41d1) Importer(815301076,1909f56bfc062723c751e8b465ee728b) (PreviewImporter) -> (artifact id: '00000000000000000000000000000000') in 0.000712041 seconds
Import Error Code:(4)
Message: Build asset version error: assets/scripts/seguirwp.cs in SourceAssetDB has modification time of '2025-10-29T19:09:46Z' while content on disk has modification time of '2026-10-01T13:43:59Z'
  ERROR: Build asset version error: assets/scripts/seguirwp.cs in SourceAssetDB has modification time of '2025-10-29T19:09:46Z' while content on disk has modification time of '2026-10-01T13:43:59Z'
Number of updated asset objects reloaded before import = 0Number of asset objects unloaded after import = 0

========================================================================
Received Import Request.
  Time since last request: 0.001905 seconds.
  path: Assets/Scripts/SeguirWP.cs
  artifactKey: Guid(fa40b3335edfe834097929e9162e41d1) Importer(815301076,1909f56bfc062723c751e8b465ee728b)
Start importing Assets/Scripts/SeguirWP.cs using Guid(fa40b3335edfe834097929e9162e41d1) Importer(815301076,1909f56bfc062723c751e8b465ee728b) (PreviewImporter) -> (artifact id: '00000000000000000000000000000000') in 0.000724375 seconds
Import Error Code:(4)
Message: Build asset version error: assets/scripts/seguirwp.cs in SourceAssetDB has modification time of '2025-10-29T19:09:46Z' while content on disk has modification time of '2026-10-01T13:43:59Z'
  ERROR: Build asset version error: assets/scripts/seguirwp.cs in SourceAssetDB has modification time of '2025-10-29T19:09:46Z' while content on disk has modification time of '2026-10-01T13:43:59Z'
Number of updated asset objects reloaded before import = 0Number of asset objects unloaded after import = 0

========================================================================
Received Import Request.
  Time since last request: 0.006161 seconds.
  path: Assets/Scripts/SeguirWP.cs
  artifactKey: Guid(fa40b3335edfe834097929e9162e41d1) Importer(815301076,1909f56bfc062723c751e8b465ee728b)
Start importing Assets/Scripts/SeguirWP.cs using Guid(fa40b3335edfe834097929e9162e41d1) Importer(815301076,1909f56bfc062723c751e8b465ee728b) (PreviewImporter) -> (artifact id: '00000000000000000000000000000000') in 0.000778834 seconds
Import Error Code:(4)
Message: Build asset version error: assets/scripts/seguirwp.cs in SourceAssetDB has modification time of '2025-10-29T19:09:46Z' while content on disk has modification time of '2026-10-01T13:43:59Z'
  ERROR: Build asset version error: assets/scripts/seguirwp.cs in SourceAssetDB has modification time of '2025-10-29T19:09:46Z' while content on disk has modification time of '2026-10-01T13:43:59Z'
Number of updated asset objects reloaded before import = 0Number of asset objects unloaded after import = 0

========================================================================
Received Import Request.
  Time since last request: 0.005938 seconds.
  path: Assets/Scripts/SeguirWP.cs
  artifactKey: Guid(fa40b3335edfe834097929e9162e41d1) Importer(815301076,1909f56bfc062723c751e8b465ee728b)
Start importing Assets/Scripts/SeguirWP.cs using Guid(fa40b3335edfe834097929e9162e41d1) Importer(815301076,1909f56bfc062723c751e8b465ee728b) (PreviewImporter) -> (artifact id: '00000000000000000000000000000000') in 0.000847541 seconds
Import Error Code:(4)
Message: Build asset version error: assets/scripts/seguirwp.cs in SourceAssetDB has modification time of '2025-10-29T19:09:46Z' while content on disk has modification time of '2026-10-01T13:43:59Z'
  ERROR: Build asset version error: assets/scripts/seguirwp.cs in SourceAssetDB has modification time of '2025-10-29T19:09:46Z' while content on disk has modification time of '2026-10-01T13:43:59Z'
Number of updated asset objects reloaded before import = 0Number of asset objects unloaded after import = 0

========================================================================
Received Import Request.
  Time since last request: 0.001160 seconds.
  path: Assets/Scripts/SeguirWP.cs
  artifactKey: Guid(fa40b3335edfe834097929e9162e41d1) Importer(815301076,1909f56bfc062723c751e8b465ee728b)
Start importing Assets/Scripts/SeguirWP.cs using Guid(fa40b3335edfe834097929e9162e41d1) Importer(815301076,1909f56bfc062723c751e8b465ee728b) (PreviewImporter) -> (artifact id: '00000000000000000000000000000000') in 0.001117584 seconds
Import Error Code:(4)
Message: Build asset version error: assets/scripts/seguirwp.cs in SourceAssetDB has modification time of '2025-10-29T19:09:46Z' while content on disk has modification time of '2026-10-01T13:43:59Z'
  ERROR: Build asset version error: assets/scripts/seguirwp.cs in SourceAssetDB has modification time of '2025-10-29T19:09:46Z' while content on disk has modification time of '2026-10-01T13:43:59Z'
Number of updated asset objects reloaded before import = 0Number of asset objects unloaded after import = 0

========================================================================
Received Import Request.
  Time since last request: 0.008682 seconds.
  path: Assets/Scripts/SeguirWP.cs
  artifactKey: Guid(fa40b3335edfe834097929e9162e41d1) Importer(815301076,1909f56bfc062723c751e8b465ee728b)
Start importing Assets/Scripts/SeguirWP.cs using Guid(fa40b3335edfe834097929e9162e41d1) Importer(815301076,1909f56bfc062723c751e8b465ee728b) (PreviewImporter) -> (artifact id: '00000000000000000000000000000000') in 0.000938125 seconds
Import Error Code:(4)
Message: Build asset version error: assets/scripts/seguirwp.cs in SourceAssetDB has modification time of '2025-10-29T19:09:46Z' while content on disk has modification time of '2026-10-01T13:43:59Z'
  ERROR: Build asset version error: assets/scripts/seguirwp.cs in SourceAssetDB has modification time of '2025-10-29T19:09:46Z' while content on disk has modification time of '2026-10-01T13:43:59Z'
Number of updated asset objects reloaded before import = 0Number of asset objects unloaded after import = 0

========================================================================
Received Import Request.
  Time since last request: 0.005273 seconds.
  path: Assets/Scripts/SeguirWP.cs
  artifactKey: Guid(fa40b3335edfe834097929e9162e41d1) Importer(815301076,1909f56bfc062723c751e8b465ee728b)
Start importing Assets/Scripts/SeguirWP.cs using Guid(fa40b3335edfe834097929e9162e41d1) Importer(815301076,1909f56bfc062723c751e8b465ee728b) (PreviewImporter) -> (artifact id: '00000000000000000000000000000000') in 0.002114792 seconds
Import Error Code:(4)
Message: Build asset version error: assets/scripts/seguirwp.cs in SourceAssetDB has modification time of '2025-10-29T19:09:46Z' while content on disk has modification time of '2026-10-01T13:43:59Z'
  ERROR: Build asset version error: assets/scripts/seguirwp.cs in SourceAssetDB has modification time of '2025-10-29T19:09:46Z' while content on disk has modification time of '2026-10-01T13:43:59Z'
Number of updated asset objects reloaded before import = 0Number of asset objects unloaded after import = 0

========================================================================
Received Import Request.
  Time since last request: 0.003214 seconds.
  path: Assets/Scripts/SeguirWP.cs
  artifactKey: Guid(fa40b3335edfe834097929e9162e41d1) Importer(815301076,1909f56bfc062723c751e8b465ee728b)
Start importing Assets/Scripts/SeguirWP.cs using Guid(fa40b3335edfe834097929e9162e41d1) Importer(815301076,1909f56bfc062723c751e8b465ee728b) (PreviewImporter) -> (artifact id: '00000000000000000000000000000000') in 0.000937375 seconds
Import Error Code:(4)
Message: Build asset version error: assets/scripts/seguirwp.cs in SourceAssetDB has modification time of '2025-10-29T19:09:46Z' while content on disk has modification time of '2026-10-01T13:43:59Z'
  ERROR: Build asset version error: assets/scripts/seguirwp.cs in SourceAssetDB has modification time of '2025-10-29T19:09:46Z' while content on disk has modification time of '2026-10-01T13:43:59Z'
Number of updated asset objects reloaded before import = 0Number of asset objects unloaded after import = 0

========================================================================
Received Import Request.
  Time since last request: 0.012275 seconds.
  path: Assets/Scripts/SeguirWP.cs
  artifactKey: Guid(fa40b3335edfe834097929e9162e41d1) Importer(815301076,1909f56bfc062723c751e8b465ee728b)
Start importing Assets/Scripts/SeguirWP.cs using Guid(fa40b3335edfe834097929e9162e41d1) Importer(815301076,1909f56bfc062723c751e8b465ee728b) (PreviewImporter) -> (artifact id: '00000000000000000000000000000000') in 0.000849167 seconds
Import Error Code:(4)
Message: Build asset version error: assets/scripts/seguirwp.cs in SourceAssetDB has modification time of '2025-10-29T19:09:46Z' while content on disk has modification time of '2026-10-01T13:43:59Z'
  ERROR: Build asset version error: assets/scripts/seguirwp.cs in SourceAssetDB has modification time of '2025-10-29T19:09:46Z' while content on disk has modification time of '2026-10-01T13:43:59Z'
Number of updated asset objects reloaded before import = 0Number of asset objects unloaded after import = 0

========================================================================
Received Import Request.
  Time since last request: 0.005499 seconds.
  path: Assets/Scripts/SeguirWP.cs
  artifactKey: Guid(fa40b3335edfe834097929e9162e41d1) Importer(815301076,1909f56bfc062723c751e8b465ee728b)
Start importing Assets/Scripts/SeguirWP.cs using Guid(fa40b3335edfe834097929e9162e41d1) Importer(815301076,1909f56bfc062723c751e8b465ee728b) (PreviewImporter) -> (artifact id: '00000000000000000000000000000000') in 0.000824291 seconds
Import Error Code:(4)
Message: Build asset version error: assets/scripts/seguirwp.cs in SourceAssetDB has modification time of '2025-10-29T19:09:46Z' while content on disk has modification time of '2026-10-01T13:43:59Z'
  ERROR: Build asset version error: assets/scripts/seguirwp.cs in SourceAssetDB has modification time of '2025-10-29T19:09:46Z' while content on disk has modification time of '2026-10-01T13:43:59Z'
Number of updated asset objects reloaded before import = 0Number of asset objects unloaded after import = 0

========================================================================
Received Import Request.
  Time since last request: 0.001557 seconds.
  path: Assets/Scripts/SeguirWP.cs
  artifactKey: Guid(fa40b3335edfe834097929e9162e41d1) Importer(815301076,1909f56bfc062723c751e8b465ee728b)
Start importing Assets/Scripts/SeguirWP.cs using Guid(fa40b3335edfe834097929e9162e41d1) Importer(815301076,1909f56bfc062723c751e8b465ee728b) (PreviewImporter) -> (artifact id: '00000000000000000000000000000000') in 0.001349084 seconds
Import Error Code:(4)
Message: Build asset version error: assets/scripts/seguirwp.cs in SourceAssetDB has modification time of '2025-10-29T19:09:46Z' while content on disk has modification time of '2026-10-01T13:43:59Z'
  ERROR: Build asset version error: assets/scripts/seguirwp.cs in SourceAssetDB has modification time of '2025-10-29T19:09:46Z' while content on disk has modification time of '2026-10-01T13:43:59Z'
Number of updated asset objects reloaded before import = 0Number of asset objects unloaded after import = 0

========================================================================
Received Import Request.
  Time since last request: 0.008957 seconds.
  path: Assets/Scripts/SeguirWP.cs
  artifactKey: Guid(fa40b3335edfe834097929e9162e41d1) Importer(815301076,1909f56bfc062723c751e8b465ee728b)
Start importing Assets/Scripts/SeguirWP.cs using Guid(fa40b3335edfe834097929e9162e41d1) Importer(815301076,1909f56bfc062723c751e8b465ee728b) (PreviewImporter) -> (artifact id: '00000000000000000000000000000000') in 0.000958875 seconds
Import Error Code:(4)
Message: Build asset version error: assets/scripts/seguirwp.cs in SourceAssetDB has modification time of '2025-10-29T19:09:46Z' while content on disk has modification time of '2026-10-01T13:43:59Z'
  ERROR: Build asset version error: assets/scripts/seguirwp.cs in SourceAssetDB has modification time of '2025-10-29T19:09:46Z' while content on disk has modification time of '2026-10-01T13:43:59Z'
Number of updated asset objects reloaded before import = 0Number of asset objects unloaded after import = 0

========================================================================
Received Import Request.
  Time since last request: 0.001794 seconds.
  path: Assets/Scripts/SeguirWP.cs
  artifactKey: Guid(fa40b3335edfe834097929e9162e41d1) Importer(815301076,1909f56bfc062723c751e8b465ee728b)
Start importing Assets/Scripts/SeguirWP.cs using Guid(fa40b3335edfe834097929e9162e41d1) Importer(815301076,1909f56bfc062723c751e8b465ee728b) (PreviewImporter) -> (artifact id: '00000000000000000000000000000000') in 0.000841625 seconds
Import Error Code:(4)
Message: Build asset version error: assets/scripts/seguirwp.cs in SourceAssetDB has modification time of '2025-10-29T19:09:46Z' while content on disk has modification time of '2026-10-01T13:43:59Z'
  ERROR: Build asset version error: assets/scripts/seguirwp.cs in SourceAssetDB has modification time of '2025-10-29T19:09:46Z' while content on disk has modification time of '2026-10-01T13:43:59Z'
Number of updated asset objects reloaded before import = 0Number of asset objects unloaded after import = 0

========================================================================
Received Import Request.
  Time since last request: 0.008807 seconds.
  path: Assets/Scripts/SeguirWP.cs
  artifactKey: Guid(fa40b3335edfe834097929e9162e41d1) Importer(815301076,1909f56bfc062723c751e8b465ee728b)
Start importing Assets/Scripts/SeguirWP.cs using Guid(fa40b3335edfe834097929e9162e41d1) Importer(815301076,1909f56bfc062723c751e8b465ee728b) (PreviewImporter) -> (artifact id: '00000000000000000000000000000000') in 0.000640459 seconds
Import Error Code:(4)
Message: Build asset version error: assets/scripts/seguirwp.cs in SourceAssetDB has modification time of '2025-10-29T19:09:46Z' while content on disk has modification time of '2026-10-01T13:43:59Z'
  ERROR: Build asset version error: assets/scripts/seguirwp.cs in SourceAssetDB has modification time of '2025-10-29T19:09:46Z' while content on disk has modification time of '2026-10-01T13:43:59Z'
Number of updated asset objects reloaded before import = 0Number of asset objects unloaded after import = 0

========================================================================
Received Import Request.
  Time since last request: 0.001631 seconds.
  path: Assets/Scripts/SeguirWP.cs
  artifactKey: Guid(fa40b3335edfe834097929e9162e41d1) Importer(815301076,1909f56bfc062723c751e8b465ee728b)
Start importing Assets/Scripts/SeguirWP.cs using Guid(fa40b3335edfe834097929e9162e41d1) Importer(815301076,1909f56bfc062723c751e8b465ee728b) (PreviewImporter) -> (artifact id: '00000000000000000000000000000000') in 0.001504833 seconds
Import Error Code:(4)
Message: Build asset version error: assets/scripts/seguirwp.cs in SourceAssetDB has modification time of '2025-10-29T19:09:46Z' while content on disk has modification time of '2026-10-01T13:43:59Z'
  ERROR: Build asset version error: assets/scripts/seguirwp.cs in SourceAssetDB has modification time of '2025-10-29T19:09:46Z' while content on disk has modification time of '2026-10-01T13:43:59Z'
Number of updated asset objects reloaded before import = 0Number of asset objects unloaded after import = 0

========================================================================
Received Import Request.
  Time since last request: 0.002928 seconds.
  path: Assets/Scripts/SeguirWP.cs
  artifactKey: Guid(fa40b3335edfe834097929e9162e41d1) Importer(815301076,1909f56bfc062723c751e8b465ee728b)
Start importing Assets/Scripts/SeguirWP.cs using Guid(fa40b3335edfe834097929e9162e41d1) Importer(815301076,1909f56bfc062723c751e8b465ee728b) (PreviewImporter) -> (artifact id: '00000000000000000000000000000000') in 0.000781541 seconds
Import Error Code:(4)
Message: Build asset version error: assets/scripts/seguirwp.cs in SourceAssetDB has modification time of '2025-10-29T19:09:46Z' while content on disk has modification time of '2026-10-01T13:43:59Z'
  ERROR: Build asset version error: assets/scripts/seguirwp.cs in SourceAssetDB has modification time of '2025-10-29T19:09:46Z' while content on disk has modification time of '2026-10-01T13:43:59Z'
Number of updated asset objects reloaded before import = 0Number of asset objects unloaded after import = 0

========================================================================
Received Import Request.
  Time since last request: 0.003276 seconds.
  path: Assets/Scripts/SeguirWP.cs
  artifactKey: Guid(fa40b3335edfe834097929e9162e41d1) Importer(815301076,1909f56bfc062723c751e8b465ee728b)
Start importing Assets/Scripts/SeguirWP.cs using Guid(fa40b3335edfe834097929e9162e41d1) Importer(815301076,1909f56bfc062723c751e8b465ee728b) (PreviewImporter) -> (artifact id: '00000000000000000000000000000000') in 0.000489666 seconds
Import Error Code:(4)
Message: Build asset version error: assets/scripts/seguirwp.cs in SourceAssetDB has modification time of '2025-10-29T19:09:46Z' while content on disk has modification time of '2026-10-01T13:43:59Z'
  ERROR: Build asset version error: assets/scripts/seguirwp.cs in SourceAssetDB has modification time of '2025-10-29T19:09:46Z' while content on disk has modification time of '2026-10-01T13:43:59Z'
Number of updated asset objects reloaded before import = 0Number of asset objects unloaded after import = 0

========================================================================
Received Import Request.
  Time since last request: 0.002339 seconds.
  path: Assets/Scripts/SeguirWP.cs
  artifactKey: Guid(fa40b3335edfe834097929e9162e41d1) Importer(815301076,1909f56bfc062723c751e8b465ee728b)
Start importing Assets/Scripts/SeguirWP.cs using Guid(fa40b3335edfe834097929e9162e41d1) Importer(815301076,1909f56bfc062723c751e8b465ee728b) (PreviewImporter) -> (artifact id: '00000000000000000000000000000000') in 0.000398333 seconds
Import Error Code:(4)
Message: Build asset version error: assets/scripts/seguirwp.cs in SourceAssetDB has modification time of '2025-10-29T19:09:46Z' while content on disk has modification time of '2026-10-01T13:43:59Z'
  ERROR: Build asset version error: assets/scripts/seguirwp.cs in SourceAssetDB has modification time of '2025-10-29T19:09:46Z' while content on disk has modification time of '2026-10-01T13:43:59Z'
Number of updated asset objects reloaded before import = 0Number of asset objects unloaded after import = 0

========================================================================
Received Import Request.
  Time since last request: 0.001777 seconds.
  path: Assets/Scripts/SeguirWP.cs
  artifactKey: Guid(fa40b3335edfe834097929e9162e41d1) Importer(815301076,1909f56bfc062723c751e8b465ee728b)
Start importing Assets/Scripts/SeguirWP.cs using Guid(fa40b3335edfe834097929e9162e41d1) Importer(815301076,1909f56bfc062723c751e8b465ee728b) (PreviewImporter) -> (artifact id: '00000000000000000000000000000000') in 0.000642333 seconds
Import Error Code:(4)
Message: Build asset version error: assets/scripts/seguirwp.cs in SourceAssetDB has modification time of '2025-10-29T19:09:46Z' while content on disk has modification time of '2026-10-01T13:43:59Z'
  ERROR: Build asset version error: assets/scripts/seguirwp.cs in SourceAssetDB has modification time of '2025-10-29T19:09:46Z' while content on disk has modification time of '2026-10-01T13:43:59Z'
Number of updated asset objects reloaded before import = 0Number of asset objects unloaded after import = 0

========================================================================
Received Import Request.
  Time since last request: 0.001192 seconds.
  path: Assets/Scripts/SeguirWP.cs
  artifactKey: Guid(fa40b3335edfe834097929e9162e41d1) Importer(815301076,1909f56bfc062723c751e8b465ee728b)
Start importing Assets/Scripts/SeguirWP.cs using Guid(fa40b3335edfe834097929e9162e41d1) Importer(815301076,1909f56bfc062723c751e8b465ee728b) (PreviewImporter) -> (artifact id: '00000000000000000000000000000000') in 0.000574209 seconds
Import Error Code:(4)
Message: Build asset version error: assets/scripts/seguirwp.cs in SourceAssetDB has modification time of '2025-10-29T19:09:46Z' while content on disk has modification time of '2026-10-01T13:43:59Z'
  ERROR: Build asset version error: assets/scripts/seguirwp.cs in SourceAssetDB has modification time of '2025-10-29T19:09:46Z' while content on disk has modification time of '2026-10-01T13:43:59Z'
Number of updated asset objects reloaded before import = 0Number of asset objects unloaded after import = 0

========================================================================
Received Import Request.
  Time since last request: 0.005636 seconds.
  path: Assets/Scripts/SeguirWP.cs
  artifactKey: Guid(fa40b3335edfe834097929e9162e41d1) Importer(815301076,1909f56bfc062723c751e8b465ee728b)
Start importing Assets/Scripts/SeguirWP.cs using Guid(fa40b3335edfe834097929e9162e41d1) Importer(815301076,1909f56bfc062723c751e8b465ee728b) (PreviewImporter) -> (artifact id: '00000000000000000000000000000000') in 0.000395666 seconds
Import Error Code:(4)
Message: Build asset version error: assets/scripts/seguirwp.cs in SourceAssetDB has modification time of '2025-10-29T19:09:46Z' while content on disk has modification time of '2026-10-01T13:43:59Z'
  ERROR: Build asset version error: assets/scripts/seguirwp.cs in SourceAssetDB has modification time of '2025-10-29T19:09:46Z' while content on disk has modification time of '2026-10-01T13:43:59Z'
Number of updated asset objects reloaded before import = 0Number of asset objects unloaded after import = 0

========================================================================
Received Import Request.
  Time since last request: 0.002905 seconds.
  path: Assets/Scripts/SeguirWP.cs
  artifactKey: Guid(fa40b3335edfe834097929e9162e41d1) Importer(815301076,1909f56bfc062723c751e8b465ee728b)
Start importing Assets/Scripts/SeguirWP.cs using Guid(fa40b3335edfe834097929e9162e41d1) Importer(815301076,1909f56bfc062723c751e8b465ee728b) (PreviewImporter) -> (artifact id: '00000000000000000000000000000000') in 0.000450209 seconds
Import Error Code:(4)
Message: Build asset version error: assets/scripts/seguirwp.cs in SourceAssetDB has modification time of '2025-10-29T19:09:46Z' while content on disk has modification time of '2026-10-01T13:43:59Z'
  ERROR: Build asset version error: assets/scripts/seguirwp.cs in SourceAssetDB has modification time of '2025-10-29T19:09:46Z' while content on disk has modification time of '2026-10-01T13:43:59Z'
Number of updated asset objects reloaded before import = 0Number of asset objects unloaded after import = 0

========================================================================
Received Import Request.
  Time since last request: 0.002896 seconds.
  path: Assets/Scripts/SeguirWP.cs
  artifactKey: Guid(fa40b3335edfe834097929e9162e41d1) Importer(815301076,1909f56bfc062723c751e8b465ee728b)
Start importing Assets/Scripts/SeguirWP.cs using Guid(fa40b3335edfe834097929e9162e41d1) Importer(815301076,1909f56bfc062723c751e8b465ee728b) (PreviewImporter) -> (artifact id: '00000000000000000000000000000000') in 0.000406333 seconds
Import Error Code:(4)
Message: Build asset version error: assets/scripts/seguirwp.cs in SourceAssetDB has modification time of '2025-10-29T19:09:46Z' while content on disk has modification time of '2026-10-01T13:43:59Z'
  ERROR: Build asset version error: assets/scripts/seguirwp.cs in SourceAssetDB has modification time of '2025-10-29T19:09:46Z' while content on disk has modification time of '2026-10-01T13:43:59Z'
Number of updated asset objects reloaded before import = 0Number of asset objects unloaded after import = 0

========================================================================
Received Import Request.
  Time since last request: 0.013490 seconds.
  path: Assets/Scripts/SeguirWP.cs
  artifactKey: Guid(fa40b3335edfe834097929e9162e41d1) Importer(815301076,1909f56bfc062723c751e8b465ee728b)
Start importing Assets/Scripts/SeguirWP.cs using Guid(fa40b3335edfe834097929e9162e41d1) Importer(815301076,1909f56bfc062723c751e8b465ee728b) (PreviewImporter) -> (artifact id: '00000000000000000000000000000000') in 0.000674208 seconds
Import Error Code:(4)
Message: Build asset version error: assets/scripts/seguirwp.cs in SourceAssetDB has modification time of '2025-10-29T19:09:46Z' while content on disk has modification time of '2026-10-01T13:43:59Z'
  ERROR: Build asset version error: assets/scripts/seguirwp.cs in SourceAssetDB has modification time of '2025-10-29T19:09:46Z' while content on disk has modification time of '2026-10-01T13:43:59Z'
Number of updated asset objects reloaded before import = 0Number of asset objects unloaded after import = 0

========================================================================
Received Import Request.
  Time since last request: 0.000994 seconds.
  path: Assets/Scripts/SeguirWP.cs
  artifactKey: Guid(fa40b3335edfe834097929e9162e41d1) Importer(815301076,1909f56bfc062723c751e8b465ee728b)
Start importing Assets/Scripts/SeguirWP.cs using Guid(fa40b3335edfe834097929e9162e41d1) Importer(815301076,1909f56bfc062723c751e8b465ee728b) (PreviewImporter) -> (artifact id: '00000000000000000000000000000000') in 0.000622875 seconds
Import Error Code:(4)
Message: Build asset version error: assets/scripts/seguirwp.cs in SourceAssetDB has modification time of '2025-10-29T19:09:46Z' while content on disk has modification time of '2026-10-01T13:43:59Z'
  ERROR: Build asset version error: assets/scripts/seguirwp.cs in SourceAssetDB has modification time of '2025-10-29T19:09:46Z' while content on disk has modification time of '2026-10-01T13:43:59Z'
Number of updated asset objects reloaded before import = 0Number of asset objects unloaded after import = 0

========================================================================
Received Import Request.
  Time since last request: 0.005522 seconds.
  path: Assets/Scripts/SeguirWP.cs
  artifactKey: Guid(fa40b3335edfe834097929e9162e41d1) Importer(815301076,1909f56bfc062723c751e8b465ee728b)
Start importing Assets/Scripts/SeguirWP.cs using Guid(fa40b3335edfe834097929e9162e41d1) Importer(815301076,1909f56bfc062723c751e8b465ee728b) (PreviewImporter) -> (artifact id: '00000000000000000000000000000000') in 0.000570542 seconds
Import Error Code:(4)
Message: Build asset version error: assets/scripts/seguirwp.cs in SourceAssetDB has modification time of '2025-10-29T19:09:46Z' while content on disk has modification time of '2026-10-01T13:43:59Z'
  ERROR: Build asset version error: assets/scripts/seguirwp.cs in SourceAssetDB has modification time of '2025-10-29T19:09:46Z' while content on disk has modification time of '2026-10-01T13:43:59Z'
Number of updated asset objects reloaded before import = 0Number of asset objects unloaded after import = 0

========================================================================
Received Import Request.
  Time since last request: 0.003744 seconds.
  path: Assets/Scripts/SeguirWP.cs
  artifactKey: Guid(fa40b3335edfe834097929e9162e41d1) Importer(815301076,1909f56bfc062723c751e8b465ee728b)
Start importing Assets/Scripts/SeguirWP.cs using Guid(fa40b3335edfe834097929e9162e41d1) Importer(815301076,1909f56bfc062723c751e8b465ee728b) (PreviewImporter) -> (artifact id: '00000000000000000000000000000000') in 0.00120675 seconds
Import Error Code:(4)
Message: Build asset version error: assets/scripts/seguirwp.cs in SourceAssetDB has modification time of '2025-10-29T19:09:46Z' while content on disk has modification time of '2026-10-01T13:43:59Z'
  ERROR: Build asset version error: assets/scripts/seguirwp.cs in SourceAssetDB has modification time of '2025-10-29T19:09:46Z' while content on disk has modification time of '2026-10-01T13:43:59Z'
Number of updated asset objects reloaded before import = 0Number of asset objects unloaded after import = 0

========================================================================
Received Import Request.
  Time since last request: 0.008414 seconds.
  path: Assets/Scripts/SeguirWP.cs
  artifactKey: Guid(fa40b3335edfe834097929e9162e41d1) Importer(815301076,1909f56bfc062723c751e8b465ee728b)
Start importing Assets/Scripts/SeguirWP.cs using Guid(fa40b3335edfe834097929e9162e41d1) Importer(815301076,1909f56bfc062723c751e8b465ee728b) (PreviewImporter) -> (artifact id: '00000000000000000000000000000000') in 0.000857958 seconds
Import Error Code:(4)
Message: Build asset version error: assets/scripts/seguirwp.cs in SourceAssetDB has modification time of '2025-10-29T19:09:46Z' while content on disk has modification time of '2026-10-01T13:43:59Z'
  ERROR: Build asset version error: assets/scripts/seguirwp.cs in SourceAssetDB has modification time of '2025-10-29T19:09:46Z' while content on disk has modification time of '2026-10-01T13:43:59Z'
Number of updated asset objects reloaded before import = 0Number of asset objects unloaded after import = 0

========================================================================
Received Import Request.
  Time since last request: 0.015354 seconds.
  path: Assets/Scripts/SeguirWP.cs
  artifactKey: Guid(fa40b3335edfe834097929e9162e41d1) Importer(815301076,1909f56bfc062723c751e8b465ee728b)
Start importing Assets/Scripts/SeguirWP.cs using Guid(fa40b3335edfe834097929e9162e41d1) Importer(815301076,1909f56bfc062723c751e8b465ee728b) (PreviewImporter) -> (artifact id: '00000000000000000000000000000000') in 0.000823542 seconds
Import Error Code:(4)
Message: Build asset version error: assets/scripts/seguirwp.cs in SourceAssetDB has modification time of '2025-10-29T19:09:46Z' while content on disk has modification time of '2026-10-01T13:43:59Z'
  ERROR: Build asset version error: assets/scripts/seguirwp.cs in SourceAssetDB has modification time of '2025-10-29T19:09:46Z' while content on disk has modification time of '2026-10-01T13:43:59Z'
Number of updated asset objects reloaded before import = 0Number of asset objects unloaded after import = 0

========================================================================
Received Import Request.
  Time since last request: 0.006285 seconds.
  path: Assets/Scripts/SeguirWP.cs
  artifactKey: Guid(fa40b3335edfe834097929e9162e41d1) Importer(815301076,1909f56bfc062723c751e8b465ee728b)
Start importing Assets/Scripts/SeguirWP.cs using Guid(fa40b3335edfe834097929e9162e41d1) Importer(815301076,1909f56bfc062723c751e8b465ee728b) (PreviewImporter) -> (artifact id: '00000000000000000000000000000000') in 0.000918792 seconds
Import Error Code:(4)
Message: Build asset version error: assets/scripts/seguirwp.cs in SourceAssetDB has modification time of '2025-10-29T19:09:46Z' while content on disk has modification time of '2026-10-01T13:43:59Z'
  ERROR: Build asset version error: assets/scripts/seguirwp.cs in SourceAssetDB has modification time of '2025-10-29T19:09:46Z' while content on disk has modification time of '2026-10-01T13:43:59Z'
Number of updated asset objects reloaded before import = 0Number of asset objects unloaded after import = 0

========================================================================
Received Import Request.
  Time since last request: 0.004466 seconds.
  path: Assets/Scripts/SeguirWP.cs
  artifactKey: Guid(fa40b3335edfe834097929e9162e41d1) Importer(815301076,1909f56bfc062723c751e8b465ee728b)
Start importing Assets/Scripts/SeguirWP.cs using Guid(fa40b3335edfe834097929e9162e41d1) Importer(815301076,1909f56bfc062723c751e8b465ee728b) (PreviewImporter) -> (artifact id: '00000000000000000000000000000000') in 0.001047958 seconds
Import Error Code:(4)
Message: Build asset version error: assets/scripts/seguirwp.cs in SourceAssetDB has modification time of '2025-10-29T19:09:46Z' while content on disk has modification time of '2026-10-01T13:43:59Z'
  ERROR: Build asset version error: assets/scripts/seguirwp.cs in SourceAssetDB has modification time of '2025-10-29T19:09:46Z' while content on disk has modification time of '2026-10-01T13:43:59Z'
Number of updated asset objects reloaded before import = 0Number of asset objects unloaded after import = 0

========================================================================
Received Import Request.
  Time since last request: 0.022075 seconds.
  path: Assets/Scripts/SeguirWP.cs
  artifactKey: Guid(fa40b3335edfe834097929e9162e41d1) Importer(815301076,1909f56bfc062723c751e8b465ee728b)
Start importing Assets/Scripts/SeguirWP.cs using Guid(fa40b3335edfe834097929e9162e41d1) Importer(815301076,1909f56bfc062723c751e8b465ee728b) (PreviewImporter) -> (artifact id: '00000000000000000000000000000000') in 0.000735208 seconds
Import Error Code:(4)
Message: Build asset version error: assets/scripts/seguirwp.cs in SourceAssetDB has modification time of '2025-10-29T19:09:46Z' while content on disk has modification time of '2026-10-01T13:43:59Z'
  ERROR: Build asset version error: assets/scripts/seguirwp.cs in SourceAssetDB has modification time of '2025-10-29T19:09:46Z' while content on disk has modification time of '2026-10-01T13:43:59Z'
Number of updated asset objects reloaded before import = 0Number of asset objects unloaded after import = 0

========================================================================
Received Import Request.
  Time since last request: 0.000968 seconds.
  path: Assets/Scripts/SeguirWP.cs
  artifactKey: Guid(fa40b3335edfe834097929e9162e41d1) Importer(815301076,1909f56bfc062723c751e8b465ee728b)
Start importing Assets/Scripts/SeguirWP.cs using Guid(fa40b3335edfe834097929e9162e41d1) Importer(815301076,1909f56bfc062723c751e8b465ee728b) (PreviewImporter) -> (artifact id: '00000000000000000000000000000000') in 0.001036625 seconds
Import Error Code:(4)
Message: Build asset version error: assets/scripts/seguirwp.cs in SourceAssetDB has modification time of '2025-10-29T19:09:46Z' while content on disk has modification time of '2026-10-01T13:43:59Z'
  ERROR: Build asset version error: assets/scripts/seguirwp.cs in SourceAssetDB has modification time of '2025-10-29T19:09:46Z' while content on disk has modification time of '2026-10-01T13:43:59Z'
Number of updated asset objects reloaded before import = 0Number of asset objects unloaded after import = 0

========================================================================
Received Import Request.
  Time since last request: 0.006687 seconds.
  path: Assets/Scripts/SeguirWP.cs
  artifactKey: Guid(fa40b3335edfe834097929e9162e41d1) Importer(815301076,1909f56bfc062723c751e8b465ee728b)
Start importing Assets/Scripts/SeguirWP.cs using Guid(fa40b3335edfe834097929e9162e41d1) Importer(815301076,1909f56bfc062723c751e8b465ee728b) (PreviewImporter) -> (artifact id: '00000000000000000000000000000000') in 0.000524708 seconds
Import Error Code:(4)
Message: Build asset version error: assets/scripts/seguirwp.cs in SourceAssetDB has modification time of '2025-10-29T19:09:46Z' while content on disk has modification time of '2026-10-01T13:43:59Z'
  ERROR: Build asset version error: assets/scripts/seguirwp.cs in SourceAssetDB has modification time of '2025-10-29T19:09:46Z' while content on disk has modification time of '2026-10-01T13:43:59Z'
Number of updated asset objects reloaded before import = 0Number of asset objects unloaded after import = 0

========================================================================
Received Import Request.
  Time since last request: 0.002810 seconds.
  path: Assets/Scripts/SeguirWP.cs
  artifactKey: Guid(fa40b3335edfe834097929e9162e41d1) Importer(815301076,1909f56bfc062723c751e8b465ee728b)
Start importing Assets/Scripts/SeguirWP.cs using Guid(fa40b3335edfe834097929e9162e41d1) Importer(815301076,1909f56bfc062723c751e8b465ee728b) (PreviewImporter) -> (artifact id: '00000000000000000000000000000000') in 0.000673292 seconds
Import Error Code:(4)
Message: Build asset version error: assets/scripts/seguirwp.cs in SourceAssetDB has modification time of '2025-10-29T19:09:46Z' while content on disk has modification time of '2026-10-01T13:43:59Z'
  ERROR: Build asset version error: assets/scripts/seguirwp.cs in SourceAssetDB has modification time of '2025-10-29T19:09:46Z' while content on disk has modification time of '2026-10-01T13:43:59Z'
Number of updated asset objects reloaded before import = 0Number of asset objects unloaded after import = 0

========================================================================
Received Import Request.
  Time since last request: 0.000874 seconds.
  path: Assets/Scripts/SeguirWP.cs
  artifactKey: Guid(fa40b3335edfe834097929e9162e41d1) Importer(815301076,1909f56bfc062723c751e8b465ee728b)
Start importing Assets/Scripts/SeguirWP.cs using Guid(fa40b3335edfe834097929e9162e41d1) Importer(815301076,1909f56bfc062723c751e8b465ee728b) (PreviewImporter) -> (artifact id: '00000000000000000000000000000000') in 0.000763542 seconds
Import Error Code:(4)
Message: Build asset version error: assets/scripts/seguirwp.cs in SourceAssetDB has modification time of '2025-10-29T19:09:46Z' while content on disk has modification time of '2026-10-01T13:43:59Z'
  ERROR: Build asset version error: assets/scripts/seguirwp.cs in SourceAssetDB has modification time of '2025-10-29T19:09:46Z' while content on disk has modification time of '2026-10-01T13:43:59Z'
Number of updated asset objects reloaded before import = 0Number of asset objects unloaded after import = 0

========================================================================
Received Import Request.
  Time since last request: 0.003545 seconds.
  path: Assets/Scripts/SeguirWP.cs
  artifactKey: Guid(fa40b3335edfe834097929e9162e41d1) Importer(815301076,1909f56bfc062723c751e8b465ee728b)
Start importing Assets/Scripts/SeguirWP.cs using Guid(fa40b3335edfe834097929e9162e41d1) Importer(815301076,1909f56bfc062723c751e8b465ee728b) (PreviewImporter) -> (artifact id: '00000000000000000000000000000000') in 0.000730167 seconds
Import Error Code:(4)
Message: Build asset version error: assets/scripts/seguirwp.cs in SourceAssetDB has modification time of '2025-10-29T19:09:46Z' while content on disk has modification time of '2026-10-01T13:43:59Z'
  ERROR: Build asset version error: assets/scripts/seguirwp.cs in SourceAssetDB has modification time of '2025-10-29T19:09:46Z' while content on disk has modification time of '2026-10-01T13:43:59Z'
Number of updated asset objects reloaded before import = 0Number of asset objects unloaded after import = 0

========================================================================
Received Import Request.
  Time since last request: 0.001590 seconds.
  path: Assets/Scripts/SeguirWP.cs
  artifactKey: Guid(fa40b3335edfe834097929e9162e41d1) Importer(815301076,1909f56bfc062723c751e8b465ee728b)
Start importing Assets/Scripts/SeguirWP.cs using Guid(fa40b3335edfe834097929e9162e41d1) Importer(815301076,1909f56bfc062723c751e8b465ee728b) (PreviewImporter) -> (artifact id: '00000000000000000000000000000000') in 0.000662292 seconds
Import Error Code:(4)
Message: Build asset version error: assets/scripts/seguirwp.cs in SourceAssetDB has modification time of '2025-10-29T19:09:46Z' while content on disk has modification time of '2026-10-01T13:43:59Z'
  ERROR: Build asset version error: assets/scripts/seguirwp.cs in SourceAssetDB has modification time of '2025-10-29T19:09:46Z' while content on disk has modification time of '2026-10-01T13:43:59Z'
Number of updated asset objects reloaded before import = 0Number of asset objects unloaded after import = 0

========================================================================
Received Import Request.
  Time since last request: 0.003318 seconds.
  path: Assets/Scripts/SeguirWP.cs
  artifactKey: Guid(fa40b3335edfe834097929e9162e41d1) Importer(815301076,1909f56bfc062723c751e8b465ee728b)
Start importing Assets/Scripts/SeguirWP.cs using Guid(fa40b3335edfe834097929e9162e41d1) Importer(815301076,1909f56bfc062723c751e8b465ee728b) (PreviewImporter) -> (artifact id: '00000000000000000000000000000000') in 0.000685791 seconds
Import Error Code:(4)
Message: Build asset version error: assets/scripts/seguirwp.cs in SourceAssetDB has modification time of '2025-10-29T19:09:46Z' while content on disk has modification time of '2026-10-01T13:43:59Z'
  ERROR: Build asset version error: assets/scripts/seguirwp.cs in SourceAssetDB has modification time of '2025-10-29T19:09:46Z' while content on disk has modification time of '2026-10-01T13:43:59Z'
Number of updated asset objects reloaded before import = 0Number of asset objects unloaded after import = 0

========================================================================
Received Import Request.
  Time since last request: 0.007966 seconds.
  path: Assets/Scripts/SeguirWP.cs
  artifactKey: Guid(fa40b3335edfe834097929e9162e41d1) Importer(815301076,1909f56bfc062723c751e8b465ee728b)
Start importing Assets/Scripts/SeguirWP.cs using Guid(fa40b3335edfe834097929e9162e41d1) Importer(815301076,1909f56bfc062723c751e8b465ee728b) (PreviewImporter) -> (artifact id: '00000000000000000000000000000000') in 0.000576625 seconds
Import Error Code:(4)
Message: Build asset version error: assets/scripts/seguirwp.cs in SourceAssetDB has modification time of '2025-10-29T19:09:46Z' while content on disk has modification time of '2026-10-01T13:43:59Z'
  ERROR: Build asset version error: assets/scripts/seguirwp.cs in SourceAssetDB has modification time of '2025-10-29T19:09:46Z' while content on disk has modification time of '2026-10-01T13:43:59Z'
Number of updated asset objects reloaded before import = 0Number of asset objects unloaded after import = 0

========================================================================
Received Import Request.
  Time since last request: 0.003995 seconds.
  path: Assets/Scripts/SeguirWP.cs
  artifactKey: Guid(fa40b3335edfe834097929e9162e41d1) Importer(815301076,1909f56bfc062723c751e8b465ee728b)
Start importing Assets/Scripts/SeguirWP.cs using Guid(fa40b3335edfe834097929e9162e41d1) Importer(815301076,1909f56bfc062723c751e8b465ee728b) (PreviewImporter) -> (artifact id: '00000000000000000000000000000000') in 0.000676333 seconds
Import Error Code:(4)
Message: Build asset version error: assets/scripts/seguirwp.cs in SourceAssetDB has modification time of '2025-10-29T19:09:46Z' while content on disk has modification time of '2026-10-01T13:43:59Z'
  ERROR: Build asset version error: assets/scripts/seguirwp.cs in SourceAssetDB has modification time of '2025-10-29T19:09:46Z' while content on disk has modification time of '2026-10-01T13:43:59Z'
Number of updated asset objects reloaded before import = 0Number of asset objects unloaded after import = 0

========================================================================
Received Import Request.
  Time since last request: 0.006659 seconds.
  path: Assets/Scripts/SeguirWP.cs
  artifactKey: Guid(fa40b3335edfe834097929e9162e41d1) Importer(815301076,1909f56bfc062723c751e8b465ee728b)
Start importing Assets/Scripts/SeguirWP.cs using Guid(fa40b3335edfe834097929e9162e41d1) Importer(815301076,1909f56bfc062723c751e8b465ee728b) (PreviewImporter) -> (artifact id: '00000000000000000000000000000000') in 0.0010535 seconds
Import Error Code:(4)
Message: Build asset version error: assets/scripts/seguirwp.cs in SourceAssetDB has modification time of '2025-10-29T19:09:46Z' while content on disk has modification time of '2026-10-01T13:43:59Z'
  ERROR: Build asset version error: assets/scripts/seguirwp.cs in SourceAssetDB has modification time of '2025-10-29T19:09:46Z' while content on disk has modification time of '2026-10-01T13:43:59Z'
Number of updated asset objects reloaded before import = 0Number of asset objects unloaded after import = 0

========================================================================
Received Import Request.
  Time since last request: 0.000973 seconds.
  path: Assets/Scripts/SeguirWP.cs
  artifactKey: Guid(fa40b3335edfe834097929e9162e41d1) Importer(815301076,1909f56bfc062723c751e8b465ee728b)
Start importing Assets/Scripts/SeguirWP.cs using Guid(fa40b3335edfe834097929e9162e41d1) Importer(815301076,1909f56bfc062723c751e8b465ee728b) (PreviewImporter) -> (artifact id: '00000000000000000000000000000000') in 0.000967375 seconds
Import Error Code:(4)
Message: Build asset version error: assets/scripts/seguirwp.cs in SourceAssetDB has modification time of '2025-10-29T19:09:46Z' while content on disk has modification time of '2026-10-01T13:43:59Z'
  ERROR: Build asset version error: assets/scripts/seguirwp.cs in SourceAssetDB has modification time of '2025-10-29T19:09:46Z' while content on disk has modification time of '2026-10-01T13:43:59Z'
Number of updated asset objects reloaded before import = 0Number of asset objects unloaded after import = 0

========================================================================
Received Import Request.
  Time since last request: 0.006055 seconds.
  path: Assets/Scripts/SeguirWP.cs
  artifactKey: Guid(fa40b3335edfe834097929e9162e41d1) Importer(815301076,1909f56bfc062723c751e8b465ee728b)
Start importing Assets/Scripts/SeguirWP.cs using Guid(fa40b3335edfe834097929e9162e41d1) Importer(815301076,1909f56bfc062723c751e8b465ee728b) (PreviewImporter) -> (artifact id: '00000000000000000000000000000000') in 0.0007945 seconds
Import Error Code:(4)
Message: Build asset version error: assets/scripts/seguirwp.cs in SourceAssetDB has modification time of '2025-10-29T19:09:46Z' while content on disk has modification time of '2026-10-01T13:43:59Z'
  ERROR: Build asset version error: assets/scripts/seguirwp.cs in SourceAssetDB has modification time of '2025-10-29T19:09:46Z' while content on disk has modification time of '2026-10-01T13:43:59Z'
Number of updated asset objects reloaded before import = 0Number of asset objects unloaded after import = 0

========================================================================
Received Import Request.
  Time since last request: 0.002605 seconds.
  path: Assets/Scripts/SeguirWP.cs
  artifactKey: Guid(fa40b3335edfe834097929e9162e41d1) Importer(815301076,1909f56bfc062723c751e8b465ee728b)
Start importing Assets/Scripts/SeguirWP.cs using Guid(fa40b3335edfe834097929e9162e41d1) Importer(815301076,1909f56bfc062723c751e8b465ee728b) (PreviewImporter) -> (artifact id: '00000000000000000000000000000000') in 0.001108083 seconds
Import Error Code:(4)
Message: Build asset version error: assets/scripts/seguirwp.cs in SourceAssetDB has modification time of '2025-10-29T19:09:46Z' while content on disk has modification time of '2026-10-01T13:43:59Z'
  ERROR: Build asset version error: assets/scripts/seguirwp.cs in SourceAssetDB has modification time of '2025-10-29T19:09:46Z' while content on disk has modification time of '2026-10-01T13:43:59Z'
Number of updated asset objects reloaded before import = 0Number of asset objects unloaded after import = 0

========================================================================
Received Import Request.
  Time since last request: 0.008455 seconds.
  path: Assets/Scripts/SeguirWP.cs
  artifactKey: Guid(fa40b3335edfe834097929e9162e41d1) Importer(815301076,1909f56bfc062723c751e8b465ee728b)
Start importing Assets/Scripts/SeguirWP.cs using Guid(fa40b3335edfe834097929e9162e41d1) Importer(815301076,1909f56bfc062723c751e8b465ee728b) (PreviewImporter) -> (artifact id: '00000000000000000000000000000000') in 0.000822417 seconds
Import Error Code:(4)
Message: Build asset version error: assets/scripts/seguirwp.cs in SourceAssetDB has modification time of '2025-10-29T19:09:46Z' while content on disk has modification time of '2026-10-01T13:43:59Z'
  ERROR: Build asset version error: assets/scripts/seguirwp.cs in SourceAssetDB has modification time of '2025-10-29T19:09:46Z' while content on disk has modification time of '2026-10-01T13:43:59Z'
Number of updated asset objects reloaded before import = 0Number of asset objects unloaded after import = 0

========================================================================
Received Import Request.
  Time since last request: 0.001523 seconds.
  path: Assets/Scripts/SeguirWP.cs
  artifactKey: Guid(fa40b3335edfe834097929e9162e41d1) Importer(815301076,1909f56bfc062723c751e8b465ee728b)
Start importing Assets/Scripts/SeguirWP.cs using Guid(fa40b3335edfe834097929e9162e41d1) Importer(815301076,1909f56bfc062723c751e8b465ee728b) (PreviewImporter) -> (artifact id: '00000000000000000000000000000000') in 0.001204042 seconds
Import Error Code:(4)
Message: Build asset version error: assets/scripts/seguirwp.cs in SourceAssetDB has modification time of '2025-10-29T19:09:46Z' while content on disk has modification time of '2026-10-01T13:43:59Z'
  ERROR: Build asset version error: assets/scripts/seguirwp.cs in SourceAssetDB has modification time of '2025-10-29T19:09:46Z' while content on disk has modification time of '2026-10-01T13:43:59Z'
Number of updated asset objects reloaded before import = 0Number of asset objects unloaded after import = 0

========================================================================
Received Import Request.
  Time since last request: 0.012009 seconds.
  path: Assets/Scripts/SeguirWP.cs
  artifactKey: Guid(fa40b3335edfe834097929e9162e41d1) Importer(815301076,1909f56bfc062723c751e8b465ee728b)
Start importing Assets/Scripts/SeguirWP.cs using Guid(fa40b3335edfe834097929e9162e41d1) Importer(815301076,1909f56bfc062723c751e8b465ee728b) (PreviewImporter) -> (artifact id: '00000000000000000000000000000000') in 0.001018833 seconds
Import Error Code:(4)
Message: Build asset version error: assets/scripts/seguirwp.cs in SourceAssetDB has modification time of '2025-10-29T19:09:46Z' while content on disk has modification time of '2026-10-01T13:43:59Z'
  ERROR: Build asset version error: assets/scripts/seguirwp.cs in SourceAssetDB has modification time of '2025-10-29T19:09:46Z' while content on disk has modification time of '2026-10-01T13:43:59Z'
Number of updated asset objects reloaded before import = 0Number of asset objects unloaded after import = 0

========================================================================
Received Import Request.
  Time since last request: 0.001889 seconds.
  path: Assets/Scripts/SeguirWP.cs
  artifactKey: Guid(fa40b3335edfe834097929e9162e41d1) Importer(815301076,1909f56bfc062723c751e8b465ee728b)
Start importing Assets/Scripts/SeguirWP.cs using Guid(fa40b3335edfe834097929e9162e41d1) Importer(815301076,1909f56bfc062723c751e8b465ee728b) (PreviewImporter) -> (artifact id: '00000000000000000000000000000000') in 0.001559125 seconds
Import Error Code:(4)
Message: Build asset version error: assets/scripts/seguirwp.cs in SourceAssetDB has modification time of '2025-10-29T19:09:46Z' while content on disk has modification time of '2026-10-01T13:43:59Z'
  ERROR: Build asset version error: assets/scripts/seguirwp.cs in SourceAssetDB has modification time of '2025-10-29T19:09:46Z' while content on disk has modification time of '2026-10-01T13:43:59Z'
Number of updated asset objects reloaded before import = 0Number of asset objects unloaded after import = 0

========================================================================
Received Import Request.
  Time since last request: 0.008433 seconds.
  path: Assets/Scripts/SeguirWP.cs
  artifactKey: Guid(fa40b3335edfe834097929e9162e41d1) Importer(815301076,1909f56bfc062723c751e8b465ee728b)
Start importing Assets/Scripts/SeguirWP.cs using Guid(fa40b3335edfe834097929e9162e41d1) Importer(815301076,1909f56bfc062723c751e8b465ee728b) (PreviewImporter) -> (artifact id: '00000000000000000000000000000000') in 0.000835 seconds
Import Error Code:(4)
Message: Build asset version error: assets/scripts/seguirwp.cs in SourceAssetDB has modification time of '2025-10-29T19:09:46Z' while content on disk has modification time of '2026-10-01T13:43:59Z'
  ERROR: Build asset version error: assets/scripts/seguirwp.cs in SourceAssetDB has modification time of '2025-10-29T19:09:46Z' while content on disk has modification time of '2026-10-01T13:43:59Z'
Number of updated asset objects reloaded before import = 0Number of asset objects unloaded after import = 0

========================================================================
Received Import Request.
  Time since last request: 0.001317 seconds.
  path: Assets/Scripts/SeguirWP.cs
  artifactKey: Guid(fa40b3335edfe834097929e9162e41d1) Importer(815301076,1909f56bfc062723c751e8b465ee728b)
Start importing Assets/Scripts/SeguirWP.cs using Guid(fa40b3335edfe834097929e9162e41d1) Importer(815301076,1909f56bfc062723c751e8b465ee728b) (PreviewImporter) -> (artifact id: '00000000000000000000000000000000') in 0.001140458 seconds
Import Error Code:(4)
Message: Build asset version error: assets/scripts/seguirwp.cs in SourceAssetDB has modification time of '2025-10-29T19:09:46Z' while content on disk has modification time of '2026-10-01T13:43:59Z'
  ERROR: Build asset version error: assets/scripts/seguirwp.cs in SourceAssetDB has modification time of '2025-10-29T19:09:46Z' while content on disk has modification time of '2026-10-01T13:43:59Z'
Number of updated asset objects reloaded before import = 0Number of asset objects unloaded after import = 0

========================================================================
Received Import Request.
  Time since last request: 0.007937 seconds.
  path: Assets/Scripts/SeguirWP.cs
  artifactKey: Guid(fa40b3335edfe834097929e9162e41d1) Importer(815301076,1909f56bfc062723c751e8b465ee728b)
Start importing Assets/Scripts/SeguirWP.cs using Guid(fa40b3335edfe834097929e9162e41d1) Importer(815301076,1909f56bfc062723c751e8b465ee728b) (PreviewImporter) -> (artifact id: '00000000000000000000000000000000') in 0.0014415 seconds
Import Error Code:(4)
Message: Build asset version error: assets/scripts/seguirwp.cs in SourceAssetDB has modification time of '2025-10-29T19:09:46Z' while content on disk has modification time of '2026-10-01T13:43:59Z'
  ERROR: Build asset version error: assets/scripts/seguirwp.cs in SourceAssetDB has modification time of '2025-10-29T19:09:46Z' while content on disk has modification time of '2026-10-01T13:43:59Z'
Number of updated asset objects reloaded before import = 0Number of asset objects unloaded after import = 0

========================================================================
Received Import Request.
  Time since last request: 0.007930 seconds.
  path: Assets/Scripts/SeguirWP.cs
  artifactKey: Guid(fa40b3335edfe834097929e9162e41d1) Importer(815301076,1909f56bfc062723c751e8b465ee728b)
Start importing Assets/Scripts/SeguirWP.cs using Guid(fa40b3335edfe834097929e9162e41d1) Importer(815301076,1909f56bfc062723c751e8b465ee728b) (PreviewImporter) -> (artifact id: '00000000000000000000000000000000') in 0.00122375 seconds
Import Error Code:(4)
Message: Build asset version error: assets/scripts/seguirwp.cs in SourceAssetDB has modification time of '2025-10-29T19:09:46Z' while content on disk has modification time of '2026-10-01T13:43:59Z'
  ERROR: Build asset version error: assets/scripts/seguirwp.cs in SourceAssetDB has modification time of '2025-10-29T19:09:46Z' while content on disk has modification time of '2026-10-01T13:43:59Z'
Number of updated asset objects reloaded before import = 0Number of asset objects unloaded after import = 0

========================================================================
Received Import Request.
  Time since last request: 0.005376 seconds.
  path: Assets/Scripts/SeguirWP.cs
  artifactKey: Guid(fa40b3335edfe834097929e9162e41d1) Importer(815301076,1909f56bfc062723c751e8b465ee728b)
Start importing Assets/Scripts/SeguirWP.cs using Guid(fa40b3335edfe834097929e9162e41d1) Importer(815301076,1909f56bfc062723c751e8b465ee728b) (PreviewImporter) -> (artifact id: '00000000000000000000000000000000') in 0.001015166 seconds
Import Error Code:(4)
Message: Build asset version error: assets/scripts/seguirwp.cs in SourceAssetDB has modification time of '2025-10-29T19:09:46Z' while content on disk has modification time of '2026-10-01T13:43:59Z'
  ERROR: Build asset version error: assets/scripts/seguirwp.cs in SourceAssetDB has modification time of '2025-10-29T19:09:46Z' while content on disk has modification time of '2026-10-01T13:43:59Z'
Number of updated asset objects reloaded before import = 0Number of asset objects unloaded after import = 0

========================================================================
Received Import Request.
  Time since last request: 0.006618 seconds.
  path: Assets/Scripts/SeguirWP.cs
  artifactKey: Guid(fa40b3335edfe834097929e9162e41d1) Importer(815301076,1909f56bfc062723c751e8b465ee728b)
Start importing Assets/Scripts/SeguirWP.cs using Guid(fa40b3335edfe834097929e9162e41d1) Importer(815301076,1909f56bfc062723c751e8b465ee728b) (PreviewImporter) -> (artifact id: '00000000000000000000000000000000') in 0.000839458 seconds
Import Error Code:(4)
Message: Build asset version error: assets/scripts/seguirwp.cs in SourceAssetDB has modification time of '2025-10-29T19:09:46Z' while content on disk has modification time of '2026-10-01T13:43:59Z'
  ERROR: Build asset version error: assets/scripts/seguirwp.cs in SourceAssetDB has modification time of '2025-10-29T19:09:46Z' while content on disk has modification time of '2026-10-01T13:43:59Z'
Number of updated asset objects reloaded before import = 0Number of asset objects unloaded after import = 0

========================================================================
Received Import Request.
  Time since last request: 0.002404 seconds.
  path: Assets/Scripts/SeguirWP.cs
  artifactKey: Guid(fa40b3335edfe834097929e9162e41d1) Importer(815301076,1909f56bfc062723c751e8b465ee728b)
Start importing Assets/Scripts/SeguirWP.cs using Guid(fa40b3335edfe834097929e9162e41d1) Importer(815301076,1909f56bfc062723c751e8b465ee728b) (PreviewImporter) -> (artifact id: '00000000000000000000000000000000') in 0.000419167 seconds
Import Error Code:(4)
Message: Build asset version error: assets/scripts/seguirwp.cs in SourceAssetDB has modification time of '2025-10-29T19:09:46Z' while content on disk has modification time of '2026-10-01T13:43:59Z'
  ERROR: Build asset version error: assets/scripts/seguirwp.cs in SourceAssetDB has modification time of '2025-10-29T19:09:46Z' while content on disk has modification time of '2026-10-01T13:43:59Z'
Number of updated asset objects reloaded before import = 0Number of asset objects unloaded after import = 0

========================================================================
Received Import Request.
  Time since last request: 0.005151 seconds.
  path: Assets/Scripts/SeguirWP.cs
  artifactKey: Guid(fa40b3335edfe834097929e9162e41d1) Importer(815301076,1909f56bfc062723c751e8b465ee728b)
Start importing Assets/Scripts/SeguirWP.cs using Guid(fa40b3335edfe834097929e9162e41d1) Importer(815301076,1909f56bfc062723c751e8b465ee728b) (PreviewImporter) -> (artifact id: '00000000000000000000000000000000') in 0.000485166 seconds
Import Error Code:(4)
Message: Build asset version error: assets/scripts/seguirwp.cs in SourceAssetDB has modification time of '2025-10-29T19:09:46Z' while content on disk has modification time of '2026-10-01T13:43:59Z'
  ERROR: Build asset version error: assets/scripts/seguirwp.cs in SourceAssetDB has modification time of '2025-10-29T19:09:46Z' while content on disk has modification time of '2026-10-01T13:43:59Z'
Number of updated asset objects reloaded before import = 0Number of asset objects unloaded after import = 0

========================================================================
Received Import Request.
  Time since last request: 0.001099 seconds.
  path: Assets/Scripts/SeguirWP.cs
  artifactKey: Guid(fa40b3335edfe834097929e9162e41d1) Importer(815301076,1909f56bfc062723c751e8b465ee728b)
Start importing Assets/Scripts/SeguirWP.cs using Guid(fa40b3335edfe834097929e9162e41d1) Importer(815301076,1909f56bfc062723c751e8b465ee728b) (PreviewImporter) -> (artifact id: '00000000000000000000000000000000') in 0.000675417 seconds
Import Error Code:(4)
Message: Build asset version error: assets/scripts/seguirwp.cs in SourceAssetDB has modification time of '2025-10-29T19:09:46Z' while content on disk has modification time of '2026-10-01T13:43:59Z'
  ERROR: Build asset version error: assets/scripts/seguirwp.cs in SourceAssetDB has modification time of '2025-10-29T19:09:46Z' while content on disk has modification time of '2026-10-01T13:43:59Z'
Number of updated asset objects reloaded before import = 0Number of asset objects unloaded after import = 0

========================================================================
Received Import Request.
  Time since last request: 0.001060 seconds.
  path: Assets/Scripts/SeguirWP.cs
  artifactKey: Guid(fa40b3335edfe834097929e9162e41d1) Importer(815301076,1909f56bfc062723c751e8b465ee728b)
Start importing Assets/Scripts/SeguirWP.cs using Guid(fa40b3335edfe834097929e9162e41d1) Importer(815301076,1909f56bfc062723c751e8b465ee728b) (PreviewImporter) -> (artifact id: '00000000000000000000000000000000') in 0.000444666 seconds
Import Error Code:(4)
Message: Build asset version error: assets/scripts/seguirwp.cs in SourceAssetDB has modification time of '2025-10-29T19:09:46Z' while content on disk has modification time of '2026-10-01T13:43:59Z'
  ERROR: Build asset version error: assets/scripts/seguirwp.cs in SourceAssetDB has modification time of '2025-10-29T19:09:46Z' while content on disk has modification time of '2026-10-01T13:43:59Z'
Number of updated asset objects reloaded before import = 0Number of asset objects unloaded after import = 0

========================================================================
Received Import Request.
  Time since last request: 0.002109 seconds.
  path: Assets/Scripts/SeguirWP.cs
  artifactKey: Guid(fa40b3335edfe834097929e9162e41d1) Importer(815301076,1909f56bfc062723c751e8b465ee728b)
Start importing Assets/Scripts/SeguirWP.cs using Guid(fa40b3335edfe834097929e9162e41d1) Importer(815301076,1909f56bfc062723c751e8b465ee728b) (PreviewImporter) -> (artifact id: '00000000000000000000000000000000') in 0.000566917 seconds
Import Error Code:(4)
Message: Build asset version error: assets/scripts/seguirwp.cs in SourceAssetDB has modification time of '2025-10-29T19:09:46Z' while content on disk has modification time of '2026-10-01T13:43:59Z'
  ERROR: Build asset version error: assets/scripts/seguirwp.cs in SourceAssetDB has modification time of '2025-10-29T19:09:46Z' while content on disk has modification time of '2026-10-01T13:43:59Z'
Number of updated asset objects reloaded before import = 0Number of asset objects unloaded after import = 0

========================================================================
Received Import Request.
  Time since last request: 0.004815 seconds.
  path: Assets/Scripts/SeguirWP.cs
  artifactKey: Guid(fa40b3335edfe834097929e9162e41d1) Importer(815301076,1909f56bfc062723c751e8b465ee728b)
Start importing Assets/Scripts/SeguirWP.cs using Guid(fa40b3335edfe834097929e9162e41d1) Importer(815301076,1909f56bfc062723c751e8b465ee728b) (PreviewImporter) -> (artifact id: '00000000000000000000000000000000') in 0.000617083 seconds
Import Error Code:(4)
Message: Build asset version error: assets/scripts/seguirwp.cs in SourceAssetDB has modification time of '2025-10-29T19:09:46Z' while content on disk has modification time of '2026-10-01T13:43:59Z'
  ERROR: Build asset version error: assets/scripts/seguirwp.cs in SourceAssetDB has modification time of '2025-10-29T19:09:46Z' while content on disk has modification time of '2026-10-01T13:43:59Z'
Number of updated asset objects reloaded before import = 0Number of asset objects unloaded after import = 0

========================================================================
Received Import Request.
  Time since last request: 0.003728 seconds.
  path: Assets/Scripts/SeguirWP.cs
  artifactKey: Guid(fa40b3335edfe834097929e9162e41d1) Importer(815301076,1909f56bfc062723c751e8b465ee728b)
Start importing Assets/Scripts/SeguirWP.cs using Guid(fa40b3335edfe834097929e9162e41d1) Importer(815301076,1909f56bfc062723c751e8b465ee728b) (PreviewImporter) -> (artifact id: '00000000000000000000000000000000') in 0.000659542 seconds
Import Error Code:(4)
Message: Build asset version error: assets/scripts/seguirwp.cs in SourceAssetDB has modification time of '2025-10-29T19:09:46Z' while content on disk has modification time of '2026-10-01T13:43:59Z'
  ERROR: Build asset version error: assets/scripts/seguirwp.cs in SourceAssetDB has modification time of '2025-10-29T19:09:46Z' while content on disk has modification time of '2026-10-01T13:43:59Z'
Number of updated asset objects reloaded before import = 0Number of asset objects unloaded after import = 0

========================================================================
Received Import Request.
  Time since last request: 0.004128 seconds.
  path: Assets/Scripts/SeguirWP.cs
  artifactKey: Guid(fa40b3335edfe834097929e9162e41d1) Importer(815301076,1909f56bfc062723c751e8b465ee728b)
Start importing Assets/Scripts/SeguirWP.cs using Guid(fa40b3335edfe834097929e9162e41d1) Importer(815301076,1909f56bfc062723c751e8b465ee728b) (PreviewImporter) -> (artifact id: '00000000000000000000000000000000') in 0.000466541 seconds
Import Error Code:(4)
Message: Build asset version error: assets/scripts/seguirwp.cs in SourceAssetDB has modification time of '2025-10-29T19:09:46Z' while content on disk has modification time of '2026-10-01T13:43:59Z'
  ERROR: Build asset version error: assets/scripts/seguirwp.cs in SourceAssetDB has modification time of '2025-10-29T19:09:46Z' while content on disk has modification time of '2026-10-01T13:43:59Z'
Number of updated asset objects reloaded before import = 0Number of asset objects unloaded after import = 0

========================================================================
Received Import Request.
  Time since last request: 0.014729 seconds.
  path: Assets/Scripts/SeguirWP.cs
  artifactKey: Guid(fa40b3335edfe834097929e9162e41d1) Importer(815301076,1909f56bfc062723c751e8b465ee728b)
Start importing Assets/Scripts/SeguirWP.cs using Guid(fa40b3335edfe834097929e9162e41d1) Importer(815301076,1909f56bfc062723c751e8b465ee728b) (PreviewImporter) -> (artifact id: '00000000000000000000000000000000') in 0.000642375 seconds
Import Error Code:(4)
Message: Build asset version error: assets/scripts/seguirwp.cs in SourceAssetDB has modification time of '2025-10-29T19:09:46Z' while content on disk has modification time of '2026-10-01T13:43:59Z'
  ERROR: Build asset version error: assets/scripts/seguirwp.cs in SourceAssetDB has modification time of '2025-10-29T19:09:46Z' while content on disk has modification time of '2026-10-01T13:43:59Z'
Number of updated asset objects reloaded before import = 0Number of asset objects unloaded after import = 0

========================================================================
Received Import Request.
  Time since last request: 0.003180 seconds.
  path: Assets/Scripts/SeguirWP.cs
  artifactKey: Guid(fa40b3335edfe834097929e9162e41d1) Importer(815301076,1909f56bfc062723c751e8b465ee728b)
Start importing Assets/Scripts/SeguirWP.cs using Guid(fa40b3335edfe834097929e9162e41d1) Importer(815301076,1909f56bfc062723c751e8b465ee728b) (PreviewImporter) -> (artifact id: '00000000000000000000000000000000') in 0.001093917 seconds
Import Error Code:(4)
Message: Build asset version error: assets/scripts/seguirwp.cs in SourceAssetDB has modification time of '2025-10-29T19:09:46Z' while content on disk has modification time of '2026-10-01T13:43:59Z'
  ERROR: Build asset version error: assets/scripts/seguirwp.cs in SourceAssetDB has modification time of '2025-10-29T19:09:46Z' while content on disk has modification time of '2026-10-01T13:43:59Z'
Number of updated asset objects reloaded before import = 0Number of asset objects unloaded after import = 0

========================================================================
Received Import Request.
  Time since last request: 0.003457 seconds.
  path: Assets/Scripts/SeguirWP.cs
  artifactKey: Guid(fa40b3335edfe834097929e9162e41d1) Importer(815301076,1909f56bfc062723c751e8b465ee728b)
Start importing Assets/Scripts/SeguirWP.cs using Guid(fa40b3335edfe834097929e9162e41d1) Importer(815301076,1909f56bfc062723c751e8b465ee728b) (PreviewImporter) -> (artifact id: '00000000000000000000000000000000') in 0.001021084 seconds
Import Error Code:(4)
Message: Build asset version error: assets/scripts/seguirwp.cs in SourceAssetDB has modification time of '2025-10-29T19:09:46Z' while content on disk has modification time of '2026-10-01T13:43:59Z'
  ERROR: Build asset version error: assets/scripts/seguirwp.cs in SourceAssetDB has modification time of '2025-10-29T19:09:46Z' while content on disk has modification time of '2026-10-01T13:43:59Z'
Number of updated asset objects reloaded before import = 0Number of asset objects unloaded after import = 0

========================================================================
Received Import Request.
  Time since last request: 0.003292 seconds.
  path: Assets/Scripts/SeguirWP.cs
  artifactKey: Guid(fa40b3335edfe834097929e9162e41d1) Importer(815301076,1909f56bfc062723c751e8b465ee728b)
Start importing Assets/Scripts/SeguirWP.cs using Guid(fa40b3335edfe834097929e9162e41d1) Importer(815301076,1909f56bfc062723c751e8b465ee728b) (PreviewImporter) -> (artifact id: '00000000000000000000000000000000') in 0.000706417 seconds
Import Error Code:(4)
Message: Build asset version error: assets/scripts/seguirwp.cs in SourceAssetDB has modification time of '2025-10-29T19:09:46Z' while content on disk has modification time of '2026-10-01T13:43:59Z'
  ERROR: Build asset version error: assets/scripts/seguirwp.cs in SourceAssetDB has modification time of '2025-10-29T19:09:46Z' while content on disk has modification time of '2026-10-01T13:43:59Z'
Number of updated asset objects reloaded before import = 0Number of asset objects unloaded after import = 0

========================================================================
Received Import Request.
  Time since last request: 0.003817 seconds.
  path: Assets/Scripts/SeguirWP.cs
  artifactKey: Guid(fa40b3335edfe834097929e9162e41d1) Importer(815301076,1909f56bfc062723c751e8b465ee728b)
Start importing Assets/Scripts/SeguirWP.cs using Guid(fa40b3335edfe834097929e9162e41d1) Importer(815301076,1909f56bfc062723c751e8b465ee728b) (PreviewImporter) -> (artifact id: '00000000000000000000000000000000') in 0.001135333 seconds
Import Error Code:(4)
Message: Build asset version error: assets/scripts/seguirwp.cs in SourceAssetDB has modification time of '2025-10-29T19:09:46Z' while content on disk has modification time of '2026-10-01T13:43:59Z'
  ERROR: Build asset version error: assets/scripts/seguirwp.cs in SourceAssetDB has modification time of '2025-10-29T19:09:46Z' while content on disk has modification time of '2026-10-01T13:43:59Z'
Number of updated asset objects reloaded before import = 0Number of asset objects unloaded after import = 0

========================================================================
Received Import Request.
  Time since last request: 0.005706 seconds.
  path: Assets/Scripts/SeguirWP.cs
  artifactKey: Guid(fa40b3335edfe834097929e9162e41d1) Importer(815301076,1909f56bfc062723c751e8b465ee728b)
Start importing Assets/Scripts/SeguirWP.cs using Guid(fa40b3335edfe834097929e9162e41d1) Importer(815301076,1909f56bfc062723c751e8b465ee728b) (PreviewImporter) -> (artifact id: '00000000000000000000000000000000') in 0.001122541 seconds
Import Error Code:(4)
Message: Build asset version error: assets/scripts/seguirwp.cs in SourceAssetDB has modification time of '2025-10-29T19:09:46Z' while content on disk has modification time of '2026-10-01T13:43:59Z'
  ERROR: Build asset version error: assets/scripts/seguirwp.cs in SourceAssetDB has modification time of '2025-10-29T19:09:46Z' while content on disk has modification time of '2026-10-01T13:43:59Z'
Number of updated asset objects reloaded before import = 0Number of asset objects unloaded after import = 0

========================================================================
Received Import Request.
  Time since last request: 0.005853 seconds.
  path: Assets/Scripts/SeguirWP.cs
  artifactKey: Guid(fa40b3335edfe834097929e9162e41d1) Importer(815301076,1909f56bfc062723c751e8b465ee728b)
Start importing Assets/Scripts/SeguirWP.cs using Guid(fa40b3335edfe834097929e9162e41d1) Importer(815301076,1909f56bfc062723c751e8b465ee728b) (PreviewImporter) -> (artifact id: '00000000000000000000000000000000') in 0.000860916 seconds
Import Error Code:(4)
Message: Build asset version error: assets/scripts/seguirwp.cs in SourceAssetDB has modification time of '2025-10-29T19:09:46Z' while content on disk has modification time of '2026-10-01T13:43:59Z'
  ERROR: Build asset version error: assets/scripts/seguirwp.cs in SourceAssetDB has modification time of '2025-10-29T19:09:46Z' while content on disk has modification time of '2026-10-01T13:43:59Z'
Number of updated asset objects reloaded before import = 0Number of asset objects unloaded after import = 0

========================================================================
Received Import Request.
  Time since last request: 0.005681 seconds.
  path: Assets/Scripts/SeguirWP.cs
  artifactKey: Guid(fa40b3335edfe834097929e9162e41d1) Importer(815301076,1909f56bfc062723c751e8b465ee728b)
Start importing Assets/Scripts/SeguirWP.cs using Guid(fa40b3335edfe834097929e9162e41d1) Importer(815301076,1909f56bfc062723c751e8b465ee728b) (PreviewImporter) -> (artifact id: '00000000000000000000000000000000') in 0.001157542 seconds
Import Error Code:(4)
Message: Build asset version error: assets/scripts/seguirwp.cs in SourceAssetDB has modification time of '2025-10-29T19:09:46Z' while content on disk has modification time of '2026-10-01T13:43:59Z'
  ERROR: Build asset version error: assets/scripts/seguirwp.cs in SourceAssetDB has modification time of '2025-10-29T19:09:46Z' while content on disk has modification time of '2026-10-01T13:43:59Z'
Number of updated asset objects reloaded before import = 0Number of asset objects unloaded after import = 0

========================================================================
Received Import Request.
  Time since last request: 0.007105 seconds.
  path: Assets/Scripts/SeguirWP.cs
  artifactKey: Guid(fa40b3335edfe834097929e9162e41d1) Importer(815301076,1909f56bfc062723c751e8b465ee728b)
Start importing Assets/Scripts/SeguirWP.cs using Guid(fa40b3335edfe834097929e9162e41d1) Importer(815301076,1909f56bfc062723c751e8b465ee728b) (PreviewImporter) -> (artifact id: '00000000000000000000000000000000') in 0.000891291 seconds
Import Error Code:(4)
Message: Build asset version error: assets/scripts/seguirwp.cs in SourceAssetDB has modification time of '2025-10-29T19:09:46Z' while content on disk has modification time of '2026-10-01T13:43:59Z'
  ERROR: Build asset version error: assets/scripts/seguirwp.cs in SourceAssetDB has modification time of '2025-10-29T19:09:46Z' while content on disk has modification time of '2026-10-01T13:43:59Z'
Number of updated asset objects reloaded before import = 0Number of asset objects unloaded after import = 0

========================================================================
Received Import Request.
  Time since last request: 0.001628 seconds.
  path: Assets/Scripts/SeguirWP.cs
  artifactKey: Guid(fa40b3335edfe834097929e9162e41d1) Importer(815301076,1909f56bfc062723c751e8b465ee728b)
Start importing Assets/Scripts/SeguirWP.cs using Guid(fa40b3335edfe834097929e9162e41d1) Importer(815301076,1909f56bfc062723c751e8b465ee728b) (PreviewImporter) -> (artifact id: '00000000000000000000000000000000') in 0.001522208 seconds
Import Error Code:(4)
Message: Build asset version error: assets/scripts/seguirwp.cs in SourceAssetDB has modification time of '2025-10-29T19:09:46Z' while content on disk has modification time of '2026-10-01T13:43:59Z'
  ERROR: Build asset version error: assets/scripts/seguirwp.cs in SourceAssetDB has modification time of '2025-10-29T19:09:46Z' while content on disk has modification time of '2026-10-01T13:43:59Z'
Number of updated asset objects reloaded before import = 0Number of asset objects unloaded after import = 0

========================================================================
Received Import Request.
  Time since last request: 0.007410 seconds.
  path: Assets/Scripts/SeguirWP.cs
  artifactKey: Guid(fa40b3335edfe834097929e9162e41d1) Importer(815301076,1909f56bfc062723c751e8b465ee728b)
Start importing Assets/Scripts/SeguirWP.cs using Guid(fa40b3335edfe834097929e9162e41d1) Importer(815301076,1909f56bfc062723c751e8b465ee728b) (PreviewImporter) -> (artifact id: '00000000000000000000000000000000') in 0.000887833 seconds
Import Error Code:(4)
Message: Build asset version error: assets/scripts/seguirwp.cs in SourceAssetDB has modification time of '2025-10-29T19:09:46Z' while content on disk has modification time of '2026-10-01T13:43:59Z'
  ERROR: Build asset version error: assets/scripts/seguirwp.cs in SourceAssetDB has modification time of '2025-10-29T19:09:46Z' while content on disk has modification time of '2026-10-01T13:43:59Z'
Number of updated asset objects reloaded before import = 0Number of asset objects unloaded after import = 0

========================================================================
Received Import Request.
  Time since last request: 0.001718 seconds.
  path: Assets/Scripts/SeguirWP.cs
  artifactKey: Guid(fa40b3335edfe834097929e9162e41d1) Importer(815301076,1909f56bfc062723c751e8b465ee728b)
Start importing Assets/Scripts/SeguirWP.cs using Guid(fa40b3335edfe834097929e9162e41d1) Importer(815301076,1909f56bfc062723c751e8b465ee728b) (PreviewImporter) -> (artifact id: '00000000000000000000000000000000') in 0.001192667 seconds
Import Error Code:(4)
Message: Build asset version error: assets/scripts/seguirwp.cs in SourceAssetDB has modification time of '2025-10-29T19:09:46Z' while content on disk has modification time of '2026-10-01T13:43:59Z'
  ERROR: Build asset version error: assets/scripts/seguirwp.cs in SourceAssetDB has modification time of '2025-10-29T19:09:46Z' while content on disk has modification time of '2026-10-01T13:43:59Z'
Number of updated asset objects reloaded before import = 0Number of asset objects unloaded after import = 0

========================================================================
Received Import Request.
  Time since last request: 0.006504 seconds.
  path: Assets/Scripts/SeguirWP.cs
  artifactKey: Guid(fa40b3335edfe834097929e9162e41d1) Importer(815301076,1909f56bfc062723c751e8b465ee728b)
Start importing Assets/Scripts/SeguirWP.cs using Guid(fa40b3335edfe834097929e9162e41d1) Importer(815301076,1909f56bfc062723c751e8b465ee728b) (PreviewImporter) -> (artifact id: '00000000000000000000000000000000') in 0.000859583 seconds
Import Error Code:(4)
Message: Build asset version error: assets/scripts/seguirwp.cs in SourceAssetDB has modification time of '2025-10-29T19:09:46Z' while content on disk has modification time of '2026-10-01T13:43:59Z'
  ERROR: Build asset version error: assets/scripts/seguirwp.cs in SourceAssetDB has modification time of '2025-10-29T19:09:46Z' while content on disk has modification time of '2026-10-01T13:43:59Z'
Number of updated asset objects reloaded before import = 0Number of asset objects unloaded after import = 0

========================================================================
Received Import Request.
  Time since last request: 0.001701 seconds.
  path: Assets/Scripts/SeguirWP.cs
  artifactKey: Guid(fa40b3335edfe834097929e9162e41d1) Importer(815301076,1909f56bfc062723c751e8b465ee728b)
Start importing Assets/Scripts/SeguirWP.cs using Guid(fa40b3335edfe834097929e9162e41d1) Importer(815301076,1909f56bfc062723c751e8b465ee728b) (PreviewImporter) -> (artifact id: '00000000000000000000000000000000') in 0.001012667 seconds
Import Error Code:(4)
Message: Build asset version error: assets/scripts/seguirwp.cs in SourceAssetDB has modification time of '2025-10-29T19:09:46Z' while content on disk has modification time of '2026-10-01T13:43:59Z'
  ERROR: Build asset version error: assets/scripts/seguirwp.cs in SourceAssetDB has modification time of '2025-10-29T19:09:46Z' while content on disk has modification time of '2026-10-01T13:43:59Z'
Number of updated asset objects reloaded before import = 0Number of asset objects unloaded after import = 0

========================================================================
Received Import Request.
  Time since last request: 0.007742 seconds.
  path: Assets/Scripts/SeguirWP.cs
  artifactKey: Guid(fa40b3335edfe834097929e9162e41d1) Importer(815301076,1909f56bfc062723c751e8b465ee728b)
Start importing Assets/Scripts/SeguirWP.cs using Guid(fa40b3335edfe834097929e9162e41d1) Importer(815301076,1909f56bfc062723c751e8b465ee728b) (PreviewImporter) -> (artifact id: '00000000000000000000000000000000') in 0.000876042 seconds
Import Error Code:(4)
Message: Build asset version error: assets/scripts/seguirwp.cs in SourceAssetDB has modification time of '2025-10-29T19:09:46Z' while content on disk has modification time of '2026-10-01T13:43:59Z'
  ERROR: Build asset version error: assets/scripts/seguirwp.cs in SourceAssetDB has modification time of '2025-10-29T19:09:46Z' while content on disk has modification time of '2026-10-01T13:43:59Z'
Number of updated asset objects reloaded before import = 0Number of asset objects unloaded after import = 0

========================================================================
Received Import Request.
  Time since last request: 0.003943 seconds.
  path: Assets/Scripts/SeguirWP.cs
  artifactKey: Guid(fa40b3335edfe834097929e9162e41d1) Importer(815301076,1909f56bfc062723c751e8b465ee728b)
Start importing Assets/Scripts/SeguirWP.cs using Guid(fa40b3335edfe834097929e9162e41d1) Importer(815301076,1909f56bfc062723c751e8b465ee728b) (PreviewImporter) -> (artifact id: '00000000000000000000000000000000') in 0.0007505 seconds
Import Error Code:(4)
Message: Build asset version error: assets/scripts/seguirwp.cs in SourceAssetDB has modification time of '2025-10-29T19:09:46Z' while content on disk has modification time of '2026-10-01T13:43:59Z'
  ERROR: Build asset version error: assets/scripts/seguirwp.cs in SourceAssetDB has modification time of '2025-10-29T19:09:46Z' while content on disk has modification time of '2026-10-01T13:43:59Z'
Number of updated asset objects reloaded before import = 0Number of asset objects unloaded after import = 0

========================================================================
Received Import Request.
  Time since last request: 0.003235 seconds.
  path: Assets/Scripts/SeguirWP.cs
  artifactKey: Guid(fa40b3335edfe834097929e9162e41d1) Importer(815301076,1909f56bfc062723c751e8b465ee728b)
Start importing Assets/Scripts/SeguirWP.cs using Guid(fa40b3335edfe834097929e9162e41d1) Importer(815301076,1909f56bfc062723c751e8b465ee728b) (PreviewImporter) -> (artifact id: '00000000000000000000000000000000') in 0.000864375 seconds
Import Error Code:(4)
Message: Build asset version error: assets/scripts/seguirwp.cs in SourceAssetDB has modification time of '2025-10-29T19:09:46Z' while content on disk has modification time of '2026-10-01T13:43:59Z'
  ERROR: Build asset version error: assets/scripts/seguirwp.cs in SourceAssetDB has modification time of '2025-10-29T19:09:46Z' while content on disk has modification time of '2026-10-01T13:43:59Z'
Number of updated asset objects reloaded before import = 0Number of asset objects unloaded after import = 0

========================================================================
Received Import Request.
  Time since last request: 0.008500 seconds.
  path: Assets/Scripts/SeguirWP.cs
  artifactKey: Guid(fa40b3335edfe834097929e9162e41d1) Importer(815301076,1909f56bfc062723c751e8b465ee728b)
Start importing Assets/Scripts/SeguirWP.cs using Guid(fa40b3335edfe834097929e9162e41d1) Importer(815301076,1909f56bfc062723c751e8b465ee728b) (PreviewImporter) -> (artifact id: '00000000000000000000000000000000') in 0.000857041 seconds
Import Error Code:(4)
Message: Build asset version error: assets/scripts/seguirwp.cs in SourceAssetDB has modification time of '2025-10-29T19:09:46Z' while content on disk has modification time of '2026-10-01T13:43:59Z'
  ERROR: Build asset version error: assets/scripts/seguirwp.cs in SourceAssetDB has modification time of '2025-10-29T19:09:46Z' while content on disk has modification time of '2026-10-01T13:43:59Z'
Number of updated asset objects reloaded before import = 0Number of asset objects unloaded after import = 0

========================================================================
Received Import Request.
  Time since last request: 0.004998 seconds.
  path: Assets/Scripts/SeguirWP.cs
  artifactKey: Guid(fa40b3335edfe834097929e9162e41d1) Importer(815301076,1909f56bfc062723c751e8b465ee728b)
Start importing Assets/Scripts/SeguirWP.cs using Guid(fa40b3335edfe834097929e9162e41d1) Importer(815301076,1909f56bfc062723c751e8b465ee728b) (PreviewImporter) -> (artifact id: '00000000000000000000000000000000') in 0.00066175 seconds
Import Error Code:(4)
Message: Build asset version error: assets/scripts/seguirwp.cs in SourceAssetDB has modification time of '2025-10-29T19:09:46Z' while content on disk has modification time of '2026-10-01T13:43:59Z'
  ERROR: Build asset version error: assets/scripts/seguirwp.cs in SourceAssetDB has modification time of '2025-10-29T19:09:46Z' while content on disk has modification time of '2026-10-01T13:43:59Z'
Number of updated asset objects reloaded before import = 0Number of asset objects unloaded after import = 0

========================================================================
Received Import Request.
  Time since last request: 0.001339 seconds.
  path: Assets/Scripts/SeguirWP.cs
  artifactKey: Guid(fa40b3335edfe834097929e9162e41d1) Importer(815301076,1909f56bfc062723c751e8b465ee728b)
Start importing Assets/Scripts/SeguirWP.cs using Guid(fa40b3335edfe834097929e9162e41d1) Importer(815301076,1909f56bfc062723c751e8b465ee728b) (PreviewImporter) -> (artifact id: '00000000000000000000000000000000') in 0.0005765 seconds
Import Error Code:(4)
Message: Build asset version error: assets/scripts/seguirwp.cs in SourceAssetDB has modification time of '2025-10-29T19:09:46Z' while content on disk has modification time of '2026-10-01T13:43:59Z'
  ERROR: Build asset version error: assets/scripts/seguirwp.cs in SourceAssetDB has modification time of '2025-10-29T19:09:46Z' while content on disk has modification time of '2026-10-01T13:43:59Z'
Number of updated asset objects reloaded before import = 0Number of asset objects unloaded after import = 0

========================================================================
Received Import Request.
  Time since last request: 0.021964 seconds.
  path: Assets/Scripts/SeguirWP.cs
  artifactKey: Guid(fa40b3335edfe834097929e9162e41d1) Importer(815301076,1909f56bfc062723c751e8b465ee728b)
Start importing Assets/Scripts/SeguirWP.cs using Guid(fa40b3335edfe834097929e9162e41d1) Importer(815301076,1909f56bfc062723c751e8b465ee728b) (PreviewImporter) -> (artifact id: '00000000000000000000000000000000') in 0.000785667 seconds
Import Error Code:(4)
Message: Build asset version error: assets/scripts/seguirwp.cs in SourceAssetDB has modification time of '2025-10-29T19:09:46Z' while content on disk has modification time of '2026-10-01T13:43:59Z'
  ERROR: Build asset version error: assets/scripts/seguirwp.cs in SourceAssetDB has modification time of '2025-10-29T19:09:46Z' while content on disk has modification time of '2026-10-01T13:43:59Z'
Number of updated asset objects reloaded before import = 0Number of asset objects unloaded after import = 0

========================================================================
Received Import Request.
  Time since last request: 0.001230 seconds.
  path: Assets/Scripts/SeguirWP.cs
  artifactKey: Guid(fa40b3335edfe834097929e9162e41d1) Importer(815301076,1909f56bfc062723c751e8b465ee728b)
Start importing Assets/Scripts/SeguirWP.cs using Guid(fa40b3335edfe834097929e9162e41d1) Importer(815301076,1909f56bfc062723c751e8b465ee728b) (PreviewImporter) -> (artifact id: '00000000000000000000000000000000') in 0.000550333 seconds
Import Error Code:(4)
Message: Build asset version error: assets/scripts/seguirwp.cs in SourceAssetDB has modification time of '2025-10-29T19:09:46Z' while content on disk has modification time of '2026-10-01T13:43:59Z'
  ERROR: Build asset version error: assets/scripts/seguirwp.cs in SourceAssetDB has modification time of '2025-10-29T19:09:46Z' while content on disk has modification time of '2026-10-01T13:43:59Z'
Number of updated asset objects reloaded before import = 0Number of asset objects unloaded after import = 0

========================================================================
Received Import Request.
  Time since last request: 0.018811 seconds.
  path: Assets/Scripts/SeguirWP.cs
  artifactKey: Guid(fa40b3335edfe834097929e9162e41d1) Importer(815301076,1909f56bfc062723c751e8b465ee728b)
Start importing Assets/Scripts/SeguirWP.cs using Guid(fa40b3335edfe834097929e9162e41d1) Importer(815301076,1909f56bfc062723c751e8b465ee728b) (PreviewImporter) -> (artifact id: '00000000000000000000000000000000') in 0.000708875 seconds
Import Error Code:(4)
Message: Build asset version error: assets/scripts/seguirwp.cs in SourceAssetDB has modification time of '2025-10-29T19:09:46Z' while content on disk has modification time of '2026-10-01T13:43:59Z'
  ERROR: Build asset version error: assets/scripts/seguirwp.cs in SourceAssetDB has modification time of '2025-10-29T19:09:46Z' while content on disk has modification time of '2026-10-01T13:43:59Z'
Number of updated asset objects reloaded before import = 0Number of asset objects unloaded after import = 0

========================================================================
Received Import Request.
  Time since last request: 0.001167 seconds.
  path: Assets/Scripts/SeguirWP.cs
  artifactKey: Guid(fa40b3335edfe834097929e9162e41d1) Importer(815301076,1909f56bfc062723c751e8b465ee728b)
Start importing Assets/Scripts/SeguirWP.cs using Guid(fa40b3335edfe834097929e9162e41d1) Importer(815301076,1909f56bfc062723c751e8b465ee728b) (PreviewImporter) -> (artifact id: '00000000000000000000000000000000') in 0.000832209 seconds
Import Error Code:(4)
Message: Build asset version error: assets/scripts/seguirwp.cs in SourceAssetDB has modification time of '2025-10-29T19:09:46Z' while content on disk has modification time of '2026-10-01T13:43:59Z'
  ERROR: Build asset version error: assets/scripts/seguirwp.cs in SourceAssetDB has modification time of '2025-10-29T19:09:46Z' while content on disk has modification time of '2026-10-01T13:43:59Z'
Number of updated asset objects reloaded before import = 0Number of asset objects unloaded after import = 0

========================================================================
Received Import Request.
  Time since last request: 0.004215 seconds.
  path: Assets/Scripts/SeguirWP.cs
  artifactKey: Guid(fa40b3335edfe834097929e9162e41d1) Importer(815301076,1909f56bfc062723c751e8b465ee728b)
Start importing Assets/Scripts/SeguirWP.cs using Guid(fa40b3335edfe834097929e9162e41d1) Importer(815301076,1909f56bfc062723c751e8b465ee728b) (PreviewImporter) -> (artifact id: '00000000000000000000000000000000') in 0.000476583 seconds
Import Error Code:(4)
Message: Build asset version error: assets/scripts/seguirwp.cs in SourceAssetDB has modification time of '2025-10-29T19:09:46Z' while content on disk has modification time of '2026-10-01T13:43:59Z'
  ERROR: Build asset version error: assets/scripts/seguirwp.cs in SourceAssetDB has modification time of '2025-10-29T19:09:46Z' while content on disk has modification time of '2026-10-01T13:43:59Z'
Number of updated asset objects reloaded before import = 0Number of asset objects unloaded after import = 0

========================================================================
Received Import Request.
  Time since last request: 0.003209 seconds.
  path: Assets/Scripts/SeguirWP.cs
  artifactKey: Guid(fa40b3335edfe834097929e9162e41d1) Importer(815301076,1909f56bfc062723c751e8b465ee728b)
Start importing Assets/Scripts/SeguirWP.cs using Guid(fa40b3335edfe834097929e9162e41d1) Importer(815301076,1909f56bfc062723c751e8b465ee728b) (PreviewImporter) -> (artifact id: '00000000000000000000000000000000') in 0.001107042 seconds
Import Error Code:(4)
Message: Build asset version error: assets/scripts/seguirwp.cs in SourceAssetDB has modification time of '2025-10-29T19:09:46Z' while content on disk has modification time of '2026-10-01T13:43:59Z'
  ERROR: Build asset version error: assets/scripts/seguirwp.cs in SourceAssetDB has modification time of '2025-10-29T19:09:46Z' while content on disk has modification time of '2026-10-01T13:43:59Z'
Number of updated asset objects reloaded before import = 0Number of asset objects unloaded after import = 0

========================================================================
Received Import Request.
  Time since last request: 0.002231 seconds.
  path: Assets/Scripts/SeguirWP.cs
  artifactKey: Guid(fa40b3335edfe834097929e9162e41d1) Importer(815301076,1909f56bfc062723c751e8b465ee728b)
Start importing Assets/Scripts/SeguirWP.cs using Guid(fa40b3335edfe834097929e9162e41d1) Importer(815301076,1909f56bfc062723c751e8b465ee728b) (PreviewImporter) -> (artifact id: '00000000000000000000000000000000') in 0.000551292 seconds
Import Error Code:(4)
Message: Build asset version error: assets/scripts/seguirwp.cs in SourceAssetDB has modification time of '2025-10-29T19:09:46Z' while content on disk has modification time of '2026-10-01T13:43:59Z'
  ERROR: Build asset version error: assets/scripts/seguirwp.cs in SourceAssetDB has modification time of '2025-10-29T19:09:46Z' while content on disk has modification time of '2026-10-01T13:43:59Z'
Number of updated asset objects reloaded before import = 0Number of asset objects unloaded after import = 0

========================================================================
Received Import Request.
  Time since last request: 0.005952 seconds.
  path: Assets/Scripts/SeguirWP.cs
  artifactKey: Guid(fa40b3335edfe834097929e9162e41d1) Importer(815301076,1909f56bfc062723c751e8b465ee728b)
Start importing Assets/Scripts/SeguirWP.cs using Guid(fa40b3335edfe834097929e9162e41d1) Importer(815301076,1909f56bfc062723c751e8b465ee728b) (PreviewImporter) -> (artifact id: '00000000000000000000000000000000') in 0.000677166 seconds
Import Error Code:(4)
Message: Build asset version error: assets/scripts/seguirwp.cs in SourceAssetDB has modification time of '2025-10-29T19:09:46Z' while content on disk has modification time of '2026-10-01T13:43:59Z'
  ERROR: Build asset version error: assets/scripts/seguirwp.cs in SourceAssetDB has modification time of '2025-10-29T19:09:46Z' while content on disk has modification time of '2026-10-01T13:43:59Z'
Number of updated asset objects reloaded before import = 0Number of asset objects unloaded after import = 0

========================================================================
Received Import Request.
  Time since last request: 0.004294 seconds.
  path: Assets/Scripts/SeguirWP.cs
  artifactKey: Guid(fa40b3335edfe834097929e9162e41d1) Importer(815301076,1909f56bfc062723c751e8b465ee728b)
Start importing Assets/Scripts/SeguirWP.cs using Guid(fa40b3335edfe834097929e9162e41d1) Importer(815301076,1909f56bfc062723c751e8b465ee728b) (PreviewImporter) -> (artifact id: '00000000000000000000000000000000') in 0.001145042 seconds
Import Error Code:(4)
Message: Build asset version error: assets/scripts/seguirwp.cs in SourceAssetDB has modification time of '2025-10-29T19:09:46Z' while content on disk has modification time of '2026-10-01T13:43:59Z'
  ERROR: Build asset version error: assets/scripts/seguirwp.cs in SourceAssetDB has modification time of '2025-10-29T19:09:46Z' while content on disk has modification time of '2026-10-01T13:43:59Z'
Number of updated asset objects reloaded before import = 0Number of asset objects unloaded after import = 0

========================================================================
Received Import Request.
  Time since last request: 0.004433 seconds.
  path: Assets/Scripts/SeguirWP.cs
  artifactKey: Guid(fa40b3335edfe834097929e9162e41d1) Importer(815301076,1909f56bfc062723c751e8b465ee728b)
Start importing Assets/Scripts/SeguirWP.cs using Guid(fa40b3335edfe834097929e9162e41d1) Importer(815301076,1909f56bfc062723c751e8b465ee728b) (PreviewImporter) -> (artifact id: '00000000000000000000000000000000') in 0.000767667 seconds
Import Error Code:(4)
Message: Build asset version error: assets/scripts/seguirwp.cs in SourceAssetDB has modification time of '2025-10-29T19:09:46Z' while content on disk has modification time of '2026-10-01T13:43:59Z'
  ERROR: Build asset version error: assets/scripts/seguirwp.cs in SourceAssetDB has modification time of '2025-10-29T19:09:46Z' while content on disk has modification time of '2026-10-01T13:43:59Z'
Number of updated asset objects reloaded before import = 0Number of asset objects unloaded after import = 0

========================================================================
Received Import Request.
  Time since last request: 0.005370 seconds.
  path: Assets/Scripts/SeguirWP.cs
  artifactKey: Guid(fa40b3335edfe834097929e9162e41d1) Importer(815301076,1909f56bfc062723c751e8b465ee728b)
Start importing Assets/Scripts/SeguirWP.cs using Guid(fa40b3335edfe834097929e9162e41d1) Importer(815301076,1909f56bfc062723c751e8b465ee728b) (PreviewImporter) -> (artifact id: '00000000000000000000000000000000') in 0.000972083 seconds
Import Error Code:(4)
Message: Build asset version error: assets/scripts/seguirwp.cs in SourceAssetDB has modification time of '2025-10-29T19:09:46Z' while content on disk has modification time of '2026-10-01T13:43:59Z'
  ERROR: Build asset version error: assets/scripts/seguirwp.cs in SourceAssetDB has modification time of '2025-10-29T19:09:46Z' while content on disk has modification time of '2026-10-01T13:43:59Z'
Number of updated asset objects reloaded before import = 0Number of asset objects unloaded after import = 0

========================================================================
Received Import Request.
  Time since last request: 0.008313 seconds.
  path: Assets/Scripts/SeguirWP.cs
  artifactKey: Guid(fa40b3335edfe834097929e9162e41d1) Importer(815301076,1909f56bfc062723c751e8b465ee728b)
Start importing Assets/Scripts/SeguirWP.cs using Guid(fa40b3335edfe834097929e9162e41d1) Importer(815301076,1909f56bfc062723c751e8b465ee728b) (PreviewImporter) -> (artifact id: '00000000000000000000000000000000') in 0.000423167 seconds
Import Error Code:(4)
Message: Build asset version error: assets/scripts/seguirwp.cs in SourceAssetDB has modification time of '2025-10-29T19:09:46Z' while content on disk has modification time of '2026-10-01T13:43:59Z'
  ERROR: Build asset version error: assets/scripts/seguirwp.cs in SourceAssetDB has modification time of '2025-10-29T19:09:46Z' while content on disk has modification time of '2026-10-01T13:43:59Z'
Number of updated asset objects reloaded before import = 0Number of asset objects unloaded after import = 0

========================================================================
Received Import Request.
  Time since last request: 0.003803 seconds.
  path: Assets/Scripts/SeguirWP.cs
  artifactKey: Guid(fa40b3335edfe834097929e9162e41d1) Importer(815301076,1909f56bfc062723c751e8b465ee728b)
Start importing Assets/Scripts/SeguirWP.cs using Guid(fa40b3335edfe834097929e9162e41d1) Importer(815301076,1909f56bfc062723c751e8b465ee728b) (PreviewImporter) -> (artifact id: '00000000000000000000000000000000') in 0.000587708 seconds
Import Error Code:(4)
Message: Build asset version error: assets/scripts/seguirwp.cs in SourceAssetDB has modification time of '2025-10-29T19:09:46Z' while content on disk has modification time of '2026-10-01T13:43:59Z'
  ERROR: Build asset version error: assets/scripts/seguirwp.cs in SourceAssetDB has modification time of '2025-10-29T19:09:46Z' while content on disk has modification time of '2026-10-01T13:43:59Z'
Number of updated asset objects reloaded before import = 0Number of asset objects unloaded after import = 0

========================================================================
Received Import Request.
  Time since last request: 0.004273 seconds.
  path: Assets/Scripts/SeguirWP.cs
  artifactKey: Guid(fa40b3335edfe834097929e9162e41d1) Importer(815301076,1909f56bfc062723c751e8b465ee728b)
Start importing Assets/Scripts/SeguirWP.cs using Guid(fa40b3335edfe834097929e9162e41d1) Importer(815301076,1909f56bfc062723c751e8b465ee728b) (PreviewImporter) -> (artifact id: '00000000000000000000000000000000') in 0.000903375 seconds
Import Error Code:(4)
Message: Build asset version error: assets/scripts/seguirwp.cs in SourceAssetDB has modification time of '2025-10-29T19:09:46Z' while content on disk has modification time of '2026-10-01T13:43:59Z'
  ERROR: Build asset version error: assets/scripts/seguirwp.cs in SourceAssetDB has modification time of '2025-10-29T19:09:46Z' while content on disk has modification time of '2026-10-01T13:43:59Z'
Number of updated asset objects reloaded before import = 0Number of asset objects unloaded after import = 0

========================================================================
Received Import Request.
  Time since last request: 0.007870 seconds.
  path: Assets/Scripts/SeguirWP.cs
  artifactKey: Guid(fa40b3335edfe834097929e9162e41d1) Importer(815301076,1909f56bfc062723c751e8b465ee728b)
Start importing Assets/Scripts/SeguirWP.cs using Guid(fa40b3335edfe834097929e9162e41d1) Importer(815301076,1909f56bfc062723c751e8b465ee728b) (PreviewImporter) -> (artifact id: '00000000000000000000000000000000') in 0.000773541 seconds
Import Error Code:(4)
Message: Build asset version error: assets/scripts/seguirwp.cs in SourceAssetDB has modification time of '2025-10-29T19:09:46Z' while content on disk has modification time of '2026-10-01T13:43:59Z'
  ERROR: Build asset version error: assets/scripts/seguirwp.cs in SourceAssetDB has modification time of '2025-10-29T19:09:46Z' while content on disk has modification time of '2026-10-01T13:43:59Z'
Number of updated asset objects reloaded before import = 0Number of asset objects unloaded after import = 0

========================================================================
Received Import Request.
  Time since last request: 0.003315 seconds.
  path: Assets/Scripts/SeguirWP.cs
  artifactKey: Guid(fa40b3335edfe834097929e9162e41d1) Importer(815301076,1909f56bfc062723c751e8b465ee728b)
Start importing Assets/Scripts/SeguirWP.cs using Guid(fa40b3335edfe834097929e9162e41d1) Importer(815301076,1909f56bfc062723c751e8b465ee728b) (PreviewImporter) -> (artifact id: '00000000000000000000000000000000') in 0.000969167 seconds
Import Error Code:(4)
Message: Build asset version error: assets/scripts/seguirwp.cs in SourceAssetDB has modification time of '2025-10-29T19:09:46Z' while content on disk has modification time of '2026-10-01T13:43:59Z'
  ERROR: Build asset version error: assets/scripts/seguirwp.cs in SourceAssetDB has modification time of '2025-10-29T19:09:46Z' while content on disk has modification time of '2026-10-01T13:43:59Z'
Number of updated asset objects reloaded before import = 0Number of asset objects unloaded after import = 0

========================================================================
Received Import Request.
  Time since last request: 0.003249 seconds.
  path: Assets/Scripts/SeguirWP.cs
  artifactKey: Guid(fa40b3335edfe834097929e9162e41d1) Importer(815301076,1909f56bfc062723c751e8b465ee728b)
Start importing Assets/Scripts/SeguirWP.cs using Guid(fa40b3335edfe834097929e9162e41d1) Importer(815301076,1909f56bfc062723c751e8b465ee728b) (PreviewImporter) -> (artifact id: '00000000000000000000000000000000') in 0.000950125 seconds
Import Error Code:(4)
Message: Build asset version error: assets/scripts/seguirwp.cs in SourceAssetDB has modification time of '2025-10-29T19:09:46Z' while content on disk has modification time of '2026-10-01T13:43:59Z'
  ERROR: Build asset version error: assets/scripts/seguirwp.cs in SourceAssetDB has modification time of '2025-10-29T19:09:46Z' while content on disk has modification time of '2026-10-01T13:43:59Z'
Number of updated asset objects reloaded before import = 0Number of asset objects unloaded after import = 0

========================================================================
Received Import Request.
  Time since last request: 0.021904 seconds.
  path: Assets/Scripts/SeguirWP.cs
  artifactKey: Guid(fa40b3335edfe834097929e9162e41d1) Importer(815301076,1909f56bfc062723c751e8b465ee728b)
Start importing Assets/Scripts/SeguirWP.cs using Guid(fa40b3335edfe834097929e9162e41d1) Importer(815301076,1909f56bfc062723c751e8b465ee728b) (PreviewImporter) -> (artifact id: '00000000000000000000000000000000') in 0.000871375 seconds
Import Error Code:(4)
Message: Build asset version error: assets/scripts/seguirwp.cs in SourceAssetDB has modification time of '2025-10-29T19:09:46Z' while content on disk has modification time of '2026-10-01T13:43:59Z'
  ERROR: Build asset version error: assets/scripts/seguirwp.cs in SourceAssetDB has modification time of '2025-10-29T19:09:46Z' while content on disk has modification time of '2026-10-01T13:43:59Z'
Number of updated asset objects reloaded before import = 0Number of asset objects unloaded after import = 0

========================================================================
Received Import Request.
  Time since last request: 0.005023 seconds.
  path: Assets/Scripts/SeguirWP.cs
  artifactKey: Guid(fa40b3335edfe834097929e9162e41d1) Importer(815301076,1909f56bfc062723c751e8b465ee728b)
Start importing Assets/Scripts/SeguirWP.cs using Guid(fa40b3335edfe834097929e9162e41d1) Importer(815301076,1909f56bfc062723c751e8b465ee728b) (PreviewImporter) -> (artifact id: '00000000000000000000000000000000') in 0.001187167 seconds
Import Error Code:(4)
Message: Build asset version error: assets/scripts/seguirwp.cs in SourceAssetDB has modification time of '2025-10-29T19:09:46Z' while content on disk has modification time of '2026-10-01T13:43:59Z'
  ERROR: Build asset version error: assets/scripts/seguirwp.cs in SourceAssetDB has modification time of '2025-10-29T19:09:46Z' while content on disk has modification time of '2026-10-01T13:43:59Z'
Number of updated asset objects reloaded before import = 0Number of asset objects unloaded after import = 0

========================================================================
Received Import Request.
  Time since last request: 0.008046 seconds.
  path: Assets/Scripts/SeguirWP.cs
  artifactKey: Guid(fa40b3335edfe834097929e9162e41d1) Importer(815301076,1909f56bfc062723c751e8b465ee728b)
Start importing Assets/Scripts/SeguirWP.cs using Guid(fa40b3335edfe834097929e9162e41d1) Importer(815301076,1909f56bfc062723c751e8b465ee728b) (PreviewImporter) -> (artifact id: '00000000000000000000000000000000') in 0.000919791 seconds
Import Error Code:(4)
Message: Build asset version error: assets/scripts/seguirwp.cs in SourceAssetDB has modification time of '2025-10-29T19:09:46Z' while content on disk has modification time of '2026-10-01T13:43:59Z'
  ERROR: Build asset version error: assets/scripts/seguirwp.cs in SourceAssetDB has modification time of '2025-10-29T19:09:46Z' while content on disk has modification time of '2026-10-01T13:43:59Z'
Number of updated asset objects reloaded before import = 0Number of asset objects unloaded after import = 0

========================================================================
Received Import Request.
  Time since last request: 0.000895 seconds.
  path: Assets/Scripts/SeguirWP.cs
  artifactKey: Guid(fa40b3335edfe834097929e9162e41d1) Importer(815301076,1909f56bfc062723c751e8b465ee728b)
Start importing Assets/Scripts/SeguirWP.cs using Guid(fa40b3335edfe834097929e9162e41d1) Importer(815301076,1909f56bfc062723c751e8b465ee728b) (PreviewImporter) -> (artifact id: '00000000000000000000000000000000') in 0.001190875 seconds
Import Error Code:(4)
Message: Build asset version error: assets/scripts/seguirwp.cs in SourceAssetDB has modification time of '2025-10-29T19:09:46Z' while content on disk has modification time of '2026-10-01T13:43:59Z'
  ERROR: Build asset version error: assets/scripts/seguirwp.cs in SourceAssetDB has modification time of '2025-10-29T19:09:46Z' while content on disk has modification time of '2026-10-01T13:43:59Z'
Number of updated asset objects reloaded before import = 0Number of asset objects unloaded after import = 0

========================================================================
Received Import Request.
  Time since last request: 0.007844 seconds.
  path: Assets/Scripts/SeguirWP.cs
  artifactKey: Guid(fa40b3335edfe834097929e9162e41d1) Importer(815301076,1909f56bfc062723c751e8b465ee728b)
Start importing Assets/Scripts/SeguirWP.cs using Guid(fa40b3335edfe834097929e9162e41d1) Importer(815301076,1909f56bfc062723c751e8b465ee728b) (PreviewImporter) -> (artifact id: '00000000000000000000000000000000') in 0.000710833 seconds
Import Error Code:(4)
Message: Build asset version error: assets/scripts/seguirwp.cs in SourceAssetDB has modification time of '2025-10-29T19:09:46Z' while content on disk has modification time of '2026-10-01T13:43:59Z'
  ERROR: Build asset version error: assets/scripts/seguirwp.cs in SourceAssetDB has modification time of '2025-10-29T19:09:46Z' while content on disk has modification time of '2026-10-01T13:43:59Z'
Number of updated asset objects reloaded before import = 0Number of asset objects unloaded after import = 0

========================================================================
Received Import Request.
  Time since last request: 0.001824 seconds.
  path: Assets/Scripts/SeguirWP.cs
  artifactKey: Guid(fa40b3335edfe834097929e9162e41d1) Importer(815301076,1909f56bfc062723c751e8b465ee728b)
Start importing Assets/Scripts/SeguirWP.cs using Guid(fa40b3335edfe834097929e9162e41d1) Importer(815301076,1909f56bfc062723c751e8b465ee728b) (PreviewImporter) -> (artifact id: '00000000000000000000000000000000') in 0.001102958 seconds
Import Error Code:(4)
Message: Build asset version error: assets/scripts/seguirwp.cs in SourceAssetDB has modification time of '2025-10-29T19:09:46Z' while content on disk has modification time of '2026-10-01T13:43:59Z'
  ERROR: Build asset version error: assets/scripts/seguirwp.cs in SourceAssetDB has modification time of '2025-10-29T19:09:46Z' while content on disk has modification time of '2026-10-01T13:43:59Z'
Number of updated asset objects reloaded before import = 0Number of asset objects unloaded after import = 0

========================================================================
Received Import Request.
  Time since last request: 0.008994 seconds.
  path: Assets/Scripts/SeguirWP.cs
  artifactKey: Guid(fa40b3335edfe834097929e9162e41d1) Importer(815301076,1909f56bfc062723c751e8b465ee728b)
Start importing Assets/Scripts/SeguirWP.cs using Guid(fa40b3335edfe834097929e9162e41d1) Importer(815301076,1909f56bfc062723c751e8b465ee728b) (PreviewImporter) -> (artifact id: '00000000000000000000000000000000') in 0.000670167 seconds
Import Error Code:(4)
Message: Build asset version error: assets/scripts/seguirwp.cs in SourceAssetDB has modification time of '2025-10-29T19:09:46Z' while content on disk has modification time of '2026-10-01T13:43:59Z'
  ERROR: Build asset version error: assets/scripts/seguirwp.cs in SourceAssetDB has modification time of '2025-10-29T19:09:46Z' while content on disk has modification time of '2026-10-01T13:43:59Z'
Number of updated asset objects reloaded before import = 0Number of asset objects unloaded after import = 0

========================================================================
Received Import Request.
  Time since last request: 0.000670 seconds.
  path: Assets/Scripts/SeguirWP.cs
  artifactKey: Guid(fa40b3335edfe834097929e9162e41d1) Importer(815301076,1909f56bfc062723c751e8b465ee728b)
Start importing Assets/Scripts/SeguirWP.cs using Guid(fa40b3335edfe834097929e9162e41d1) Importer(815301076,1909f56bfc062723c751e8b465ee728b) (PreviewImporter) -> (artifact id: '00000000000000000000000000000000') in 0.000706708 seconds
Import Error Code:(4)
Message: Build asset version error: assets/scripts/seguirwp.cs in SourceAssetDB has modification time of '2025-10-29T19:09:46Z' while content on disk has modification time of '2026-10-01T13:43:59Z'
  ERROR: Build asset version error: assets/scripts/seguirwp.cs in SourceAssetDB has modification time of '2025-10-29T19:09:46Z' while content on disk has modification time of '2026-10-01T13:43:59Z'
Number of updated asset objects reloaded before import = 0Number of asset objects unloaded after import = 0

========================================================================
Received Import Request.
  Time since last request: 0.005521 seconds.
  path: Assets/Scripts/SeguirWP.cs
  artifactKey: Guid(fa40b3335edfe834097929e9162e41d1) Importer(815301076,1909f56bfc062723c751e8b465ee728b)
Start importing Assets/Scripts/SeguirWP.cs using Guid(fa40b3335edfe834097929e9162e41d1) Importer(815301076,1909f56bfc062723c751e8b465ee728b) (PreviewImporter) -> (artifact id: '00000000000000000000000000000000') in 0.001166334 seconds
Import Error Code:(4)
Message: Build asset version error: assets/scripts/seguirwp.cs in SourceAssetDB has modification time of '2025-10-29T19:09:46Z' while content on disk has modification time of '2026-10-01T13:43:59Z'
  ERROR: Build asset version error: assets/scripts/seguirwp.cs in SourceAssetDB has modification time of '2025-10-29T19:09:46Z' while content on disk has modification time of '2026-10-01T13:43:59Z'
Number of updated asset objects reloaded before import = 0Number of asset objects unloaded after import = 0

========================================================================
Received Import Request.
  Time since last request: 0.004955 seconds.
  path: Assets/Scripts/SeguirWP.cs
  artifactKey: Guid(fa40b3335edfe834097929e9162e41d1) Importer(815301076,1909f56bfc062723c751e8b465ee728b)
Start importing Assets/Scripts/SeguirWP.cs using Guid(fa40b3335edfe834097929e9162e41d1) Importer(815301076,1909f56bfc062723c751e8b465ee728b) (PreviewImporter) -> (artifact id: '00000000000000000000000000000000') in 0.000592542 seconds
Import Error Code:(4)
Message: Build asset version error: assets/scripts/seguirwp.cs in SourceAssetDB has modification time of '2025-10-29T19:09:46Z' while content on disk has modification time of '2026-10-01T13:43:59Z'
  ERROR: Build asset version error: assets/scripts/seguirwp.cs in SourceAssetDB has modification time of '2025-10-29T19:09:46Z' while content on disk has modification time of '2026-10-01T13:43:59Z'
Number of updated asset objects reloaded before import = 0Number of asset objects unloaded after import = 0

========================================================================
Received Import Request.
  Time since last request: 0.003892 seconds.
  path: Assets/Scripts/SeguirWP.cs
  artifactKey: Guid(fa40b3335edfe834097929e9162e41d1) Importer(815301076,1909f56bfc062723c751e8b465ee728b)
Start importing Assets/Scripts/SeguirWP.cs using Guid(fa40b3335edfe834097929e9162e41d1) Importer(815301076,1909f56bfc062723c751e8b465ee728b) (PreviewImporter) -> (artifact id: '00000000000000000000000000000000') in 0.000480375 seconds
Import Error Code:(4)
Message: Build asset version error: assets/scripts/seguirwp.cs in SourceAssetDB has modification time of '2025-10-29T19:09:46Z' while content on disk has modification time of '2026-10-01T13:43:59Z'
  ERROR: Build asset version error: assets/scripts/seguirwp.cs in SourceAssetDB has modification time of '2025-10-29T19:09:46Z' while content on disk has modification time of '2026-10-01T13:43:59Z'
Number of updated asset objects reloaded before import = 0Number of asset objects unloaded after import = 0

========================================================================
Received Import Request.
  Time since last request: 0.004728 seconds.
  path: Assets/Scripts/SeguirWP.cs
  artifactKey: Guid(fa40b3335edfe834097929e9162e41d1) Importer(815301076,1909f56bfc062723c751e8b465ee728b)
Start importing Assets/Scripts/SeguirWP.cs using Guid(fa40b3335edfe834097929e9162e41d1) Importer(815301076,1909f56bfc062723c751e8b465ee728b) (PreviewImporter) -> (artifact id: '00000000000000000000000000000000') in 0.000753208 seconds
Import Error Code:(4)
Message: Build asset version error: assets/scripts/seguirwp.cs in SourceAssetDB has modification time of '2025-10-29T19:09:46Z' while content on disk has modification time of '2026-10-01T13:43:59Z'
  ERROR: Build asset version error: assets/scripts/seguirwp.cs in SourceAssetDB has modification time of '2025-10-29T19:09:46Z' while content on disk has modification time of '2026-10-01T13:43:59Z'
Number of updated asset objects reloaded before import = 0Number of asset objects unloaded after import = 0

========================================================================
Received Import Request.
  Time since last request: 0.000579 seconds.
  path: Assets/Scripts/SeguirWP.cs
  artifactKey: Guid(fa40b3335edfe834097929e9162e41d1) Importer(815301076,1909f56bfc062723c751e8b465ee728b)
Start importing Assets/Scripts/SeguirWP.cs using Guid(fa40b3335edfe834097929e9162e41d1) Importer(815301076,1909f56bfc062723c751e8b465ee728b) (PreviewImporter) -> (artifact id: '00000000000000000000000000000000') in 0.000788708 seconds
Import Error Code:(4)
Message: Build asset version error: assets/scripts/seguirwp.cs in SourceAssetDB has modification time of '2025-10-29T19:09:46Z' while content on disk has modification time of '2026-10-01T13:43:59Z'
  ERROR: Build asset version error: assets/scripts/seguirwp.cs in SourceAssetDB has modification time of '2025-10-29T19:09:46Z' while content on disk has modification time of '2026-10-01T13:43:59Z'
Number of updated asset objects reloaded before import = 0Number of asset objects unloaded after import = 0

========================================================================
Received Import Request.
  Time since last request: 0.003655 seconds.
  path: Assets/Scripts/SeguirWP.cs
  artifactKey: Guid(fa40b3335edfe834097929e9162e41d1) Importer(815301076,1909f56bfc062723c751e8b465ee728b)
Start importing Assets/Scripts/SeguirWP.cs using Guid(fa40b3335edfe834097929e9162e41d1) Importer(815301076,1909f56bfc062723c751e8b465ee728b) (PreviewImporter) -> (artifact id: '00000000000000000000000000000000') in 0.000690125 seconds
Import Error Code:(4)
Message: Build asset version error: assets/scripts/seguirwp.cs in SourceAssetDB has modification time of '2025-10-29T19:09:46Z' while content on disk has modification time of '2026-10-01T13:43:59Z'
  ERROR: Build asset version error: assets/scripts/seguirwp.cs in SourceAssetDB has modification time of '2025-10-29T19:09:46Z' while content on disk has modification time of '2026-10-01T13:43:59Z'
Number of updated asset objects reloaded before import = 0Number of asset objects unloaded after import = 0

========================================================================
Received Import Request.
  Time since last request: 0.008726 seconds.
  path: Assets/Scripts/SeguirWP.cs
  artifactKey: Guid(fa40b3335edfe834097929e9162e41d1) Importer(815301076,1909f56bfc062723c751e8b465ee728b)
Start importing Assets/Scripts/SeguirWP.cs using Guid(fa40b3335edfe834097929e9162e41d1) Importer(815301076,1909f56bfc062723c751e8b465ee728b) (PreviewImporter) -> (artifact id: '00000000000000000000000000000000') in 0.00050775 seconds
Import Error Code:(4)
Message: Build asset version error: assets/scripts/seguirwp.cs in SourceAssetDB has modification time of '2025-10-29T19:09:46Z' while content on disk has modification time of '2026-10-01T13:43:59Z'
  ERROR: Build asset version error: assets/scripts/seguirwp.cs in SourceAssetDB has modification time of '2025-10-29T19:09:46Z' while content on disk has modification time of '2026-10-01T13:43:59Z'
Number of updated asset objects reloaded before import = 0Number of asset objects unloaded after import = 0

========================================================================
Received Import Request.
  Time since last request: 0.017018 seconds.
  path: Assets/Scripts/SeguirWP.cs
  artifactKey: Guid(fa40b3335edfe834097929e9162e41d1) Importer(815301076,1909f56bfc062723c751e8b465ee728b)
Start importing Assets/Scripts/SeguirWP.cs using Guid(fa40b3335edfe834097929e9162e41d1) Importer(815301076,1909f56bfc062723c751e8b465ee728b) (PreviewImporter) -> (artifact id: '00000000000000000000000000000000') in 0.000635916 seconds
Import Error Code:(4)
Message: Build asset version error: assets/scripts/seguirwp.cs in SourceAssetDB has modification time of '2025-10-29T19:09:46Z' while content on disk has modification time of '2026-10-01T13:43:59Z'
  ERROR: Build asset version error: assets/scripts/seguirwp.cs in SourceAssetDB has modification time of '2025-10-29T19:09:46Z' while content on disk has modification time of '2026-10-01T13:43:59Z'
Number of updated asset objects reloaded before import = 0Number of asset objects unloaded after import = 0

========================================================================
Received Import Request.
  Time since last request: 0.008366 seconds.
  path: Assets/Scripts/SeguirWP.cs
  artifactKey: Guid(fa40b3335edfe834097929e9162e41d1) Importer(815301076,1909f56bfc062723c751e8b465ee728b)
Start importing Assets/Scripts/SeguirWP.cs using Guid(fa40b3335edfe834097929e9162e41d1) Importer(815301076,1909f56bfc062723c751e8b465ee728b) (PreviewImporter) -> (artifact id: '00000000000000000000000000000000') in 0.000830541 seconds
Import Error Code:(4)
Message: Build asset version error: assets/scripts/seguirwp.cs in SourceAssetDB has modification time of '2025-10-29T19:09:46Z' while content on disk has modification time of '2026-10-01T13:43:59Z'
  ERROR: Build asset version error: assets/scripts/seguirwp.cs in SourceAssetDB has modification time of '2025-10-29T19:09:46Z' while content on disk has modification time of '2026-10-01T13:43:59Z'
Number of updated asset objects reloaded before import = 0Number of asset objects unloaded after import = 0

========================================================================
Received Import Request.
  Time since last request: 0.003168 seconds.
  path: Assets/Scripts/SeguirWP.cs
  artifactKey: Guid(fa40b3335edfe834097929e9162e41d1) Importer(815301076,1909f56bfc062723c751e8b465ee728b)
Start importing Assets/Scripts/SeguirWP.cs using Guid(fa40b3335edfe834097929e9162e41d1) Importer(815301076,1909f56bfc062723c751e8b465ee728b) (PreviewImporter) -> (artifact id: '00000000000000000000000000000000') in 0.000527084 seconds
Import Error Code:(4)
Message: Build asset version error: assets/scripts/seguirwp.cs in SourceAssetDB has modification time of '2025-10-29T19:09:46Z' while content on disk has modification time of '2026-10-01T13:43:59Z'
  ERROR: Build asset version error: assets/scripts/seguirwp.cs in SourceAssetDB has modification time of '2025-10-29T19:09:46Z' while content on disk has modification time of '2026-10-01T13:43:59Z'
Number of updated asset objects reloaded before import = 0Number of asset objects unloaded after import = 0

========================================================================
Received Import Request.
  Time since last request: 0.019928 seconds.
  path: Assets/Scripts/SeguirWP.cs
  artifactKey: Guid(fa40b3335edfe834097929e9162e41d1) Importer(815301076,1909f56bfc062723c751e8b465ee728b)
Start importing Assets/Scripts/SeguirWP.cs using Guid(fa40b3335edfe834097929e9162e41d1) Importer(815301076,1909f56bfc062723c751e8b465ee728b) (PreviewImporter) -> (artifact id: '00000000000000000000000000000000') in 0.000785959 seconds
Import Error Code:(4)
Message: Build asset version error: assets/scripts/seguirwp.cs in SourceAssetDB has modification time of '2025-10-29T19:09:46Z' while content on disk has modification time of '2026-10-01T13:43:59Z'
  ERROR: Build asset version error: assets/scripts/seguirwp.cs in SourceAssetDB has modification time of '2025-10-29T19:09:46Z' while content on disk has modification time of '2026-10-01T13:43:59Z'
Number of updated asset objects reloaded before import = 0Number of asset objects unloaded after import = 0

========================================================================
Received Import Request.
  Time since last request: 0.000882 seconds.
  path: Assets/Scripts/SeguirWP.cs
  artifactKey: Guid(fa40b3335edfe834097929e9162e41d1) Importer(815301076,1909f56bfc062723c751e8b465ee728b)
Start importing Assets/Scripts/SeguirWP.cs using Guid(fa40b3335edfe834097929e9162e41d1) Importer(815301076,1909f56bfc062723c751e8b465ee728b) (PreviewImporter) -> (artifact id: '00000000000000000000000000000000') in 0.000515459 seconds
Import Error Code:(4)
Message: Build asset version error: assets/scripts/seguirwp.cs in SourceAssetDB has modification time of '2025-10-29T19:09:46Z' while content on disk has modification time of '2026-10-01T13:43:59Z'
  ERROR: Build asset version error: assets/scripts/seguirwp.cs in SourceAssetDB has modification time of '2025-10-29T19:09:46Z' while content on disk has modification time of '2026-10-01T13:43:59Z'
Number of updated asset objects reloaded before import = 0Number of asset objects unloaded after import = 0

========================================================================
Received Import Request.
  Time since last request: 0.019288 seconds.
  path: Assets/Scripts/SeguirWP.cs
  artifactKey: Guid(fa40b3335edfe834097929e9162e41d1) Importer(815301076,1909f56bfc062723c751e8b465ee728b)
Start importing Assets/Scripts/SeguirWP.cs using Guid(fa40b3335edfe834097929e9162e41d1) Importer(815301076,1909f56bfc062723c751e8b465ee728b) (PreviewImporter) -> (artifact id: '00000000000000000000000000000000') in 0.000612875 seconds
Import Error Code:(4)
Message: Build asset version error: assets/scripts/seguirwp.cs in SourceAssetDB has modification time of '2025-10-29T19:09:46Z' while content on disk has modification time of '2026-10-01T13:43:59Z'
  ERROR: Build asset version error: assets/scripts/seguirwp.cs in SourceAssetDB has modification time of '2025-10-29T19:09:46Z' while content on disk has modification time of '2026-10-01T13:43:59Z'
Number of updated asset objects reloaded before import = 0Number of asset objects unloaded after import = 0

========================================================================
Received Import Request.
  Time since last request: 0.000860 seconds.
  path: Assets/Scripts/SeguirWP.cs
  artifactKey: Guid(fa40b3335edfe834097929e9162e41d1) Importer(815301076,1909f56bfc062723c751e8b465ee728b)
Start importing Assets/Scripts/SeguirWP.cs using Guid(fa40b3335edfe834097929e9162e41d1) Importer(815301076,1909f56bfc062723c751e8b465ee728b) (PreviewImporter) -> (artifact id: '00000000000000000000000000000000') in 0.000421417 seconds
Import Error Code:(4)
Message: Build asset version error: assets/scripts/seguirwp.cs in SourceAssetDB has modification time of '2025-10-29T19:09:46Z' while content on disk has modification time of '2026-10-01T13:43:59Z'
  ERROR: Build asset version error: assets/scripts/seguirwp.cs in SourceAssetDB has modification time of '2025-10-29T19:09:46Z' while content on disk has modification time of '2026-10-01T13:43:59Z'
Number of updated asset objects reloaded before import = 0Number of asset objects unloaded after import = 0

========================================================================
Received Import Request.
  Time since last request: 0.014137 seconds.
  path: Assets/Scripts/SeguirWP.cs
  artifactKey: Guid(fa40b3335edfe834097929e9162e41d1) Importer(815301076,1909f56bfc062723c751e8b465ee728b)
Start importing Assets/Scripts/SeguirWP.cs using Guid(fa40b3335edfe834097929e9162e41d1) Importer(815301076,1909f56bfc062723c751e8b465ee728b) (PreviewImporter) -> (artifact id: '00000000000000000000000000000000') in 0.001119542 seconds
Import Error Code:(4)
Message: Build asset version error: assets/scripts/seguirwp.cs in SourceAssetDB has modification time of '2025-10-29T19:09:46Z' while content on disk has modification time of '2026-10-01T13:43:59Z'
  ERROR: Build asset version error: assets/scripts/seguirwp.cs in SourceAssetDB has modification time of '2025-10-29T19:09:46Z' while content on disk has modification time of '2026-10-01T13:43:59Z'
Number of updated asset objects reloaded before import = 0Number of asset objects unloaded after import = 0

========================================================================
Received Import Request.
  Time since last request: 0.001351 seconds.
  path: Assets/Scripts/SeguirWP.cs
  artifactKey: Guid(fa40b3335edfe834097929e9162e41d1) Importer(815301076,1909f56bfc062723c751e8b465ee728b)
Start importing Assets/Scripts/SeguirWP.cs using Guid(fa40b3335edfe834097929e9162e41d1) Importer(815301076,1909f56bfc062723c751e8b465ee728b) (PreviewImporter) -> (artifact id: '00000000000000000000000000000000') in 0.00074625 seconds
Import Error Code:(4)
Message: Build asset version error: assets/scripts/seguirwp.cs in SourceAssetDB has modification time of '2025-10-29T19:09:46Z' while content on disk has modification time of '2026-10-01T13:43:59Z'
  ERROR: Build asset version error: assets/scripts/seguirwp.cs in SourceAssetDB has modification time of '2025-10-29T19:09:46Z' while content on disk has modification time of '2026-10-01T13:43:59Z'
Number of updated asset objects reloaded before import = 0Number of asset objects unloaded after import = 0

========================================================================
Received Import Request.
  Time since last request: 0.001519 seconds.
  path: Assets/Scripts/SeguirWP.cs
  artifactKey: Guid(fa40b3335edfe834097929e9162e41d1) Importer(815301076,1909f56bfc062723c751e8b465ee728b)
Start importing Assets/Scripts/SeguirWP.cs using Guid(fa40b3335edfe834097929e9162e41d1) Importer(815301076,1909f56bfc062723c751e8b465ee728b) (PreviewImporter) -> (artifact id: '00000000000000000000000000000000') in 0.000765 seconds
Import Error Code:(4)
Message: Build asset version error: assets/scripts/seguirwp.cs in SourceAssetDB has modification time of '2025-10-29T19:09:46Z' while content on disk has modification time of '2026-10-01T13:43:59Z'
  ERROR: Build asset version error: assets/scripts/seguirwp.cs in SourceAssetDB has modification time of '2025-10-29T19:09:46Z' while content on disk has modification time of '2026-10-01T13:43:59Z'
Number of updated asset objects reloaded before import = 0Number of asset objects unloaded after import = 0

========================================================================
Received Import Request.
  Time since last request: 0.000810 seconds.
  path: Assets/Scripts/SeguirWP.cs
  artifactKey: Guid(fa40b3335edfe834097929e9162e41d1) Importer(815301076,1909f56bfc062723c751e8b465ee728b)
Start importing Assets/Scripts/SeguirWP.cs using Guid(fa40b3335edfe834097929e9162e41d1) Importer(815301076,1909f56bfc062723c751e8b465ee728b) (PreviewImporter) -> (artifact id: '00000000000000000000000000000000') in 0.000437792 seconds
Import Error Code:(4)
Message: Build asset version error: assets/scripts/seguirwp.cs in SourceAssetDB has modification time of '2025-10-29T19:09:46Z' while content on disk has modification time of '2026-10-01T13:43:59Z'
  ERROR: Build asset version error: assets/scripts/seguirwp.cs in SourceAssetDB has modification time of '2025-10-29T19:09:46Z' while content on disk has modification time of '2026-10-01T13:43:59Z'
Number of updated asset objects reloaded before import = 0Number of asset objects unloaded after import = 0

========================================================================
Received Import Request.
  Time since last request: 0.001301 seconds.
  path: Assets/Scripts/SeguirWP.cs
  artifactKey: Guid(fa40b3335edfe834097929e9162e41d1) Importer(815301076,1909f56bfc062723c751e8b465ee728b)
Start importing Assets/Scripts/SeguirWP.cs using Guid(fa40b3335edfe834097929e9162e41d1) Importer(815301076,1909f56bfc062723c751e8b465ee728b) (PreviewImporter) -> (artifact id: '00000000000000000000000000000000') in 0.000487042 seconds
Import Error Code:(4)
Message: Build asset version error: assets/scripts/seguirwp.cs in SourceAssetDB has modification time of '2025-10-29T19:09:46Z' while content on disk has modification time of '2026-10-01T13:43:59Z'
  ERROR: Build asset version error: assets/scripts/seguirwp.cs in SourceAssetDB has modification time of '2025-10-29T19:09:46Z' while content on disk has modification time of '2026-10-01T13:43:59Z'
Number of updated asset objects reloaded before import = 0Number of asset objects unloaded after import = 0

========================================================================
Received Import Request.
  Time since last request: 0.000747 seconds.
  path: Assets/Scripts/SeguirWP.cs
  artifactKey: Guid(fa40b3335edfe834097929e9162e41d1) Importer(815301076,1909f56bfc062723c751e8b465ee728b)
Start importing Assets/Scripts/SeguirWP.cs using Guid(fa40b3335edfe834097929e9162e41d1) Importer(815301076,1909f56bfc062723c751e8b465ee728b) (PreviewImporter) -> (artifact id: '00000000000000000000000000000000') in 0.000416292 seconds
Import Error Code:(4)
Message: Build asset version error: assets/scripts/seguirwp.cs in SourceAssetDB has modification time of '2025-10-29T19:09:46Z' while content on disk has modification time of '2026-10-01T13:43:59Z'
  ERROR: Build asset version error: assets/scripts/seguirwp.cs in SourceAssetDB has modification time of '2025-10-29T19:09:46Z' while content on disk has modification time of '2026-10-01T13:43:59Z'
Number of updated asset objects reloaded before import = 0Number of asset objects unloaded after import = 0

========================================================================
Received Import Request.
  Time since last request: 0.003577 seconds.
  path: Assets/Scripts/SeguirWP.cs
  artifactKey: Guid(fa40b3335edfe834097929e9162e41d1) Importer(815301076,1909f56bfc062723c751e8b465ee728b)
Start importing Assets/Scripts/SeguirWP.cs using Guid(fa40b3335edfe834097929e9162e41d1) Importer(815301076,1909f56bfc062723c751e8b465ee728b) (PreviewImporter) -> (artifact id: '00000000000000000000000000000000') in 0.000452458 seconds
Import Error Code:(4)
Message: Build asset version error: assets/scripts/seguirwp.cs in SourceAssetDB has modification time of '2025-10-29T19:09:46Z' while content on disk has modification time of '2026-10-01T13:43:59Z'
  ERROR: Build asset version error: assets/scripts/seguirwp.cs in SourceAssetDB has modification time of '2025-10-29T19:09:46Z' while content on disk has modification time of '2026-10-01T13:43:59Z'
Number of updated asset objects reloaded before import = 0Number of asset objects unloaded after import = 0

========================================================================
Received Import Request.
  Time since last request: 0.004670 seconds.
  path: Assets/Scripts/SeguirWP.cs
  artifactKey: Guid(fa40b3335edfe834097929e9162e41d1) Importer(815301076,1909f56bfc062723c751e8b465ee728b)
Start importing Assets/Scripts/SeguirWP.cs using Guid(fa40b3335edfe834097929e9162e41d1) Importer(815301076,1909f56bfc062723c751e8b465ee728b) (PreviewImporter) -> (artifact id: '00000000000000000000000000000000') in 0.000567541 seconds
Import Error Code:(4)
Message: Build asset version error: assets/scripts/seguirwp.cs in SourceAssetDB has modification time of '2025-10-29T19:09:46Z' while content on disk has modification time of '2026-10-01T13:43:59Z'
  ERROR: Build asset version error: assets/scripts/seguirwp.cs in SourceAssetDB has modification time of '2025-10-29T19:09:46Z' while content on disk has modification time of '2026-10-01T13:43:59Z'
Number of updated asset objects reloaded before import = 0Number of asset objects unloaded after import = 0

========================================================================
Received Import Request.
  Time since last request: 0.005557 seconds.
  path: Assets/Scripts/SeguirWP.cs
  artifactKey: Guid(fa40b3335edfe834097929e9162e41d1) Importer(815301076,1909f56bfc062723c751e8b465ee728b)
Start importing Assets/Scripts/SeguirWP.cs using Guid(fa40b3335edfe834097929e9162e41d1) Importer(815301076,1909f56bfc062723c751e8b465ee728b) (PreviewImporter) -> (artifact id: '00000000000000000000000000000000') in 0.000708625 seconds
Import Error Code:(4)
Message: Build asset version error: assets/scripts/seguirwp.cs in SourceAssetDB has modification time of '2025-10-29T19:09:46Z' while content on disk has modification time of '2026-10-01T13:43:59Z'
  ERROR: Build asset version error: assets/scripts/seguirwp.cs in SourceAssetDB has modification time of '2025-10-29T19:09:46Z' while content on disk has modification time of '2026-10-01T13:43:59Z'
Number of updated asset objects reloaded before import = 0Number of asset objects unloaded after import = 0

========================================================================
Received Import Request.
  Time since last request: 0.001245 seconds.
  path: Assets/Scripts/SeguirWP.cs
  artifactKey: Guid(fa40b3335edfe834097929e9162e41d1) Importer(815301076,1909f56bfc062723c751e8b465ee728b)
Start importing Assets/Scripts/SeguirWP.cs using Guid(fa40b3335edfe834097929e9162e41d1) Importer(815301076,1909f56bfc062723c751e8b465ee728b) (PreviewImporter) -> (artifact id: '00000000000000000000000000000000') in 0.000723666 seconds
Import Error Code:(4)
Message: Build asset version error: assets/scripts/seguirwp.cs in SourceAssetDB has modification time of '2025-10-29T19:09:46Z' while content on disk has modification time of '2026-10-01T13:43:59Z'
  ERROR: Build asset version error: assets/scripts/seguirwp.cs in SourceAssetDB has modification time of '2025-10-29T19:09:46Z' while content on disk has modification time of '2026-10-01T13:43:59Z'
Number of updated asset objects reloaded before import = 0Number of asset objects unloaded after import = 0

========================================================================
Received Import Request.
  Time since last request: 0.006505 seconds.
  path: Assets/Scripts/SeguirWP.cs
  artifactKey: Guid(fa40b3335edfe834097929e9162e41d1) Importer(815301076,1909f56bfc062723c751e8b465ee728b)
Start importing Assets/Scripts/SeguirWP.cs using Guid(fa40b3335edfe834097929e9162e41d1) Importer(815301076,1909f56bfc062723c751e8b465ee728b) (PreviewImporter) -> (artifact id: '00000000000000000000000000000000') in 0.000701167 seconds
Import Error Code:(4)
Message: Build asset version error: assets/scripts/seguirwp.cs in SourceAssetDB has modification time of '2025-10-29T19:09:46Z' while content on disk has modification time of '2026-10-01T13:43:59Z'
  ERROR: Build asset version error: assets/scripts/seguirwp.cs in SourceAssetDB has modification time of '2025-10-29T19:09:46Z' while content on disk has modification time of '2026-10-01T13:43:59Z'
Number of updated asset objects reloaded before import = 0Number of asset objects unloaded after import = 0

========================================================================
Received Import Request.
  Time since last request: 0.004416 seconds.
  path: Assets/Scripts/SeguirWP.cs
  artifactKey: Guid(fa40b3335edfe834097929e9162e41d1) Importer(815301076,1909f56bfc062723c751e8b465ee728b)
Start importing Assets/Scripts/SeguirWP.cs using Guid(fa40b3335edfe834097929e9162e41d1) Importer(815301076,1909f56bfc062723c751e8b465ee728b) (PreviewImporter) -> (artifact id: '00000000000000000000000000000000') in 0.000852208 seconds
Import Error Code:(4)
Message: Build asset version error: assets/scripts/seguirwp.cs in SourceAssetDB has modification time of '2025-10-29T19:09:46Z' while content on disk has modification time of '2026-10-01T13:43:59Z'
  ERROR: Build asset version error: assets/scripts/seguirwp.cs in SourceAssetDB has modification time of '2025-10-29T19:09:46Z' while content on disk has modification time of '2026-10-01T13:43:59Z'
Number of updated asset objects reloaded before import = 0Number of asset objects unloaded after import = 0

========================================================================
Received Import Request.
  Time since last request: 0.010083 seconds.
  path: Assets/Scripts/SeguirWP.cs
  artifactKey: Guid(fa40b3335edfe834097929e9162e41d1) Importer(815301076,1909f56bfc062723c751e8b465ee728b)
Start importing Assets/Scripts/SeguirWP.cs using Guid(fa40b3335edfe834097929e9162e41d1) Importer(815301076,1909f56bfc062723c751e8b465ee728b) (PreviewImporter) -> (artifact id: '00000000000000000000000000000000') in 0.000747875 seconds
Import Error Code:(4)
Message: Build asset version error: assets/scripts/seguirwp.cs in SourceAssetDB has modification time of '2025-10-29T19:09:46Z' while content on disk has modification time of '2026-10-01T13:43:59Z'
  ERROR: Build asset version error: assets/scripts/seguirwp.cs in SourceAssetDB has modification time of '2025-10-29T19:09:46Z' while content on disk has modification time of '2026-10-01T13:43:59Z'
Number of updated asset objects reloaded before import = 0Number of asset objects unloaded after import = 0

========================================================================
Received Import Request.
  Time since last request: 0.003042 seconds.
  path: Assets/Scripts/SeguirWP.cs
  artifactKey: Guid(fa40b3335edfe834097929e9162e41d1) Importer(815301076,1909f56bfc062723c751e8b465ee728b)
Start importing Assets/Scripts/SeguirWP.cs using Guid(fa40b3335edfe834097929e9162e41d1) Importer(815301076,1909f56bfc062723c751e8b465ee728b) (PreviewImporter) -> (artifact id: '00000000000000000000000000000000') in 0.00072625 seconds
Import Error Code:(4)
Message: Build asset version error: assets/scripts/seguirwp.cs in SourceAssetDB has modification time of '2025-10-29T19:09:46Z' while content on disk has modification time of '2026-10-01T13:43:59Z'
  ERROR: Build asset version error: assets/scripts/seguirwp.cs in SourceAssetDB has modification time of '2025-10-29T19:09:46Z' while content on disk has modification time of '2026-10-01T13:43:59Z'
Number of updated asset objects reloaded before import = 0Number of asset objects unloaded after import = 0

========================================================================
Received Import Request.
  Time since last request: 0.002708 seconds.
  path: Assets/Scripts/SeguirWP.cs
  artifactKey: Guid(fa40b3335edfe834097929e9162e41d1) Importer(815301076,1909f56bfc062723c751e8b465ee728b)
Start importing Assets/Scripts/SeguirWP.cs using Guid(fa40b3335edfe834097929e9162e41d1) Importer(815301076,1909f56bfc062723c751e8b465ee728b) (PreviewImporter) -> (artifact id: '00000000000000000000000000000000') in 0.000627291 seconds
Import Error Code:(4)
Message: Build asset version error: assets/scripts/seguirwp.cs in SourceAssetDB has modification time of '2025-10-29T19:09:46Z' while content on disk has modification time of '2026-10-01T13:43:59Z'
  ERROR: Build asset version error: assets/scripts/seguirwp.cs in SourceAssetDB has modification time of '2025-10-29T19:09:46Z' while content on disk has modification time of '2026-10-01T13:43:59Z'
Number of updated asset objects reloaded before import = 0Number of asset objects unloaded after import = 0

========================================================================
Received Import Request.
  Time since last request: 0.007176 seconds.
  path: Assets/Scripts/SeguirWP.cs
  artifactKey: Guid(fa40b3335edfe834097929e9162e41d1) Importer(815301076,1909f56bfc062723c751e8b465ee728b)
Start importing Assets/Scripts/SeguirWP.cs using Guid(fa40b3335edfe834097929e9162e41d1) Importer(815301076,1909f56bfc062723c751e8b465ee728b) (PreviewImporter) -> (artifact id: '00000000000000000000000000000000') in 0.001208042 seconds
Import Error Code:(4)
Message: Build asset version error: assets/scripts/seguirwp.cs in SourceAssetDB has modification time of '2025-10-29T19:09:46Z' while content on disk has modification time of '2026-10-01T13:43:59Z'
  ERROR: Build asset version error: assets/scripts/seguirwp.cs in SourceAssetDB has modification time of '2025-10-29T19:09:46Z' while content on disk has modification time of '2026-10-01T13:43:59Z'
Number of updated asset objects reloaded before import = 0Number of asset objects unloaded after import = 0

========================================================================
Received Import Request.
  Time since last request: 0.004345 seconds.
  path: Assets/Scripts/SeguirWP.cs
  artifactKey: Guid(fa40b3335edfe834097929e9162e41d1) Importer(815301076,1909f56bfc062723c751e8b465ee728b)
Start importing Assets/Scripts/SeguirWP.cs using Guid(fa40b3335edfe834097929e9162e41d1) Importer(815301076,1909f56bfc062723c751e8b465ee728b) (PreviewImporter) -> (artifact id: '00000000000000000000000000000000') in 0.001521375 seconds
Import Error Code:(4)
Message: Build asset version error: assets/scripts/seguirwp.cs in SourceAssetDB has modification time of '2025-10-29T19:09:46Z' while content on disk has modification time of '2026-10-01T13:43:59Z'
  ERROR: Build asset version error: assets/scripts/seguirwp.cs in SourceAssetDB has modification time of '2025-10-29T19:09:46Z' while content on disk has modification time of '2026-10-01T13:43:59Z'
Number of updated asset objects reloaded before import = 0Number of asset objects unloaded after import = 0

========================================================================
Received Import Request.
  Time since last request: 0.014016 seconds.
  path: Assets/Scripts/SeguirWP.cs
  artifactKey: Guid(fa40b3335edfe834097929e9162e41d1) Importer(815301076,1909f56bfc062723c751e8b465ee728b)
Start importing Assets/Scripts/SeguirWP.cs using Guid(fa40b3335edfe834097929e9162e41d1) Importer(815301076,1909f56bfc062723c751e8b465ee728b) (PreviewImporter) -> (artifact id: '00000000000000000000000000000000') in 0.000779833 seconds
Import Error Code:(4)
Message: Build asset version error: assets/scripts/seguirwp.cs in SourceAssetDB has modification time of '2025-10-29T19:09:46Z' while content on disk has modification time of '2026-10-01T13:43:59Z'
  ERROR: Build asset version error: assets/scripts/seguirwp.cs in SourceAssetDB has modification time of '2025-10-29T19:09:46Z' while content on disk has modification time of '2026-10-01T13:43:59Z'
Number of updated asset objects reloaded before import = 0Number of asset objects unloaded after import = 0

========================================================================
Received Import Request.
  Time since last request: 0.002766 seconds.
  path: Assets/Scripts/SeguirWP.cs
  artifactKey: Guid(fa40b3335edfe834097929e9162e41d1) Importer(815301076,1909f56bfc062723c751e8b465ee728b)
Start importing Assets/Scripts/SeguirWP.cs using Guid(fa40b3335edfe834097929e9162e41d1) Importer(815301076,1909f56bfc062723c751e8b465ee728b) (PreviewImporter) -> (artifact id: '00000000000000000000000000000000') in 0.001084792 seconds
Import Error Code:(4)
Message: Build asset version error: assets/scripts/seguirwp.cs in SourceAssetDB has modification time of '2025-10-29T19:09:46Z' while content on disk has modification time of '2026-10-01T13:43:59Z'
  ERROR: Build asset version error: assets/scripts/seguirwp.cs in SourceAssetDB has modification time of '2025-10-29T19:09:46Z' while content on disk has modification time of '2026-10-01T13:43:59Z'
Number of updated asset objects reloaded before import = 0Number of asset objects unloaded after import = 0

========================================================================
Received Import Request.
  Time since last request: 0.023055 seconds.
  path: Assets/Scripts/SeguirWP.cs
  artifactKey: Guid(fa40b3335edfe834097929e9162e41d1) Importer(815301076,1909f56bfc062723c751e8b465ee728b)
Start importing Assets/Scripts/SeguirWP.cs using Guid(fa40b3335edfe834097929e9162e41d1) Importer(815301076,1909f56bfc062723c751e8b465ee728b) (PreviewImporter) -> (artifact id: '00000000000000000000000000000000') in 0.000888083 seconds
Import Error Code:(4)
Message: Build asset version error: assets/scripts/seguirwp.cs in SourceAssetDB has modification time of '2025-10-29T19:09:46Z' while content on disk has modification time of '2026-10-01T13:43:59Z'
  ERROR: Build asset version error: assets/scripts/seguirwp.cs in SourceAssetDB has modification time of '2025-10-29T19:09:46Z' while content on disk has modification time of '2026-10-01T13:43:59Z'
Number of updated asset objects reloaded before import = 0Number of asset objects unloaded after import = 0

========================================================================
Received Import Request.
  Time since last request: 0.003715 seconds.
  path: Assets/Scripts/SeguirWP.cs
  artifactKey: Guid(fa40b3335edfe834097929e9162e41d1) Importer(815301076,1909f56bfc062723c751e8b465ee728b)
Start importing Assets/Scripts/SeguirWP.cs using Guid(fa40b3335edfe834097929e9162e41d1) Importer(815301076,1909f56bfc062723c751e8b465ee728b) (PreviewImporter) -> (artifact id: '00000000000000000000000000000000') in 0.000544125 seconds
Import Error Code:(4)
Message: Build asset version error: assets/scripts/seguirwp.cs in SourceAssetDB has modification time of '2025-10-29T19:09:46Z' while content on disk has modification time of '2026-10-01T13:43:59Z'
  ERROR: Build asset version error: assets/scripts/seguirwp.cs in SourceAssetDB has modification time of '2025-10-29T19:09:46Z' while content on disk has modification time of '2026-10-01T13:43:59Z'
Number of updated asset objects reloaded before import = 0Number of asset objects unloaded after import = 0

========================================================================
Received Import Request.
  Time since last request: 0.000890 seconds.
  path: Assets/Scripts/SeguirWP.cs
  artifactKey: Guid(fa40b3335edfe834097929e9162e41d1) Importer(815301076,1909f56bfc062723c751e8b465ee728b)
Start importing Assets/Scripts/SeguirWP.cs using Guid(fa40b3335edfe834097929e9162e41d1) Importer(815301076,1909f56bfc062723c751e8b465ee728b) (PreviewImporter) -> (artifact id: '00000000000000000000000000000000') in 0.001030333 seconds
Import Error Code:(4)
Message: Build asset version error: assets/scripts/seguirwp.cs in SourceAssetDB has modification time of '2025-10-29T19:09:46Z' while content on disk has modification time of '2026-10-01T13:43:59Z'
  ERROR: Build asset version error: assets/scripts/seguirwp.cs in SourceAssetDB has modification time of '2025-10-29T19:09:46Z' while content on disk has modification time of '2026-10-01T13:43:59Z'
Number of updated asset objects reloaded before import = 0Number of asset objects unloaded after import = 0

========================================================================
Received Import Request.
  Time since last request: 0.005530 seconds.
  path: Assets/Scripts/SeguirWP.cs
  artifactKey: Guid(fa40b3335edfe834097929e9162e41d1) Importer(815301076,1909f56bfc062723c751e8b465ee728b)
Start importing Assets/Scripts/SeguirWP.cs using Guid(fa40b3335edfe834097929e9162e41d1) Importer(815301076,1909f56bfc062723c751e8b465ee728b) (PreviewImporter) -> (artifact id: '00000000000000000000000000000000') in 0.000843 seconds
Import Error Code:(4)
Message: Build asset version error: assets/scripts/seguirwp.cs in SourceAssetDB has modification time of '2025-10-29T19:09:46Z' while content on disk has modification time of '2026-10-01T13:43:59Z'
  ERROR: Build asset version error: assets/scripts/seguirwp.cs in SourceAssetDB has modification time of '2025-10-29T19:09:46Z' while content on disk has modification time of '2026-10-01T13:43:59Z'
Number of updated asset objects reloaded before import = 0Number of asset objects unloaded after import = 0

========================================================================
Received Import Request.
  Time since last request: 0.001473 seconds.
  path: Assets/Scripts/SeguirWP.cs
  artifactKey: Guid(fa40b3335edfe834097929e9162e41d1) Importer(815301076,1909f56bfc062723c751e8b465ee728b)
Start importing Assets/Scripts/SeguirWP.cs using Guid(fa40b3335edfe834097929e9162e41d1) Importer(815301076,1909f56bfc062723c751e8b465ee728b) (PreviewImporter) -> (artifact id: '00000000000000000000000000000000') in 0.000780292 seconds
Import Error Code:(4)
Message: Build asset version error: assets/scripts/seguirwp.cs in SourceAssetDB has modification time of '2025-10-29T19:09:46Z' while content on disk has modification time of '2026-10-01T13:43:59Z'
  ERROR: Build asset version error: assets/scripts/seguirwp.cs in SourceAssetDB has modification time of '2025-10-29T19:09:46Z' while content on disk has modification time of '2026-10-01T13:43:59Z'
Number of updated asset objects reloaded before import = 0Number of asset objects unloaded after import = 0

========================================================================
Received Import Request.
  Time since last request: 0.002749 seconds.
  path: Assets/Scripts/SeguirWP.cs
  artifactKey: Guid(fa40b3335edfe834097929e9162e41d1) Importer(815301076,1909f56bfc062723c751e8b465ee728b)
Start importing Assets/Scripts/SeguirWP.cs using Guid(fa40b3335edfe834097929e9162e41d1) Importer(815301076,1909f56bfc062723c751e8b465ee728b) (PreviewImporter) -> (artifact id: '00000000000000000000000000000000') in 0.000525417 seconds
Import Error Code:(4)
Message: Build asset version error: assets/scripts/seguirwp.cs in SourceAssetDB has modification time of '2025-10-29T19:09:46Z' while content on disk has modification time of '2026-10-01T13:43:59Z'
  ERROR: Build asset version error: assets/scripts/seguirwp.cs in SourceAssetDB has modification time of '2025-10-29T19:09:46Z' while content on disk has modification time of '2026-10-01T13:43:59Z'
Number of updated asset objects reloaded before import = 0Number of asset objects unloaded after import = 0

========================================================================
Received Import Request.
  Time since last request: 0.004457 seconds.
  path: Assets/Scripts/SeguirWP.cs
  artifactKey: Guid(fa40b3335edfe834097929e9162e41d1) Importer(815301076,1909f56bfc062723c751e8b465ee728b)
Start importing Assets/Scripts/SeguirWP.cs using Guid(fa40b3335edfe834097929e9162e41d1) Importer(815301076,1909f56bfc062723c751e8b465ee728b) (PreviewImporter) -> (artifact id: '00000000000000000000000000000000') in 0.001018458 seconds
Import Error Code:(4)
Message: Build asset version error: assets/scripts/seguirwp.cs in SourceAssetDB has modification time of '2025-10-29T19:09:46Z' while content on disk has modification time of '2026-10-01T13:43:59Z'
  ERROR: Build asset version error: assets/scripts/seguirwp.cs in SourceAssetDB has modification time of '2025-10-29T19:09:46Z' while content on disk has modification time of '2026-10-01T13:43:59Z'
Number of updated asset objects reloaded before import = 0Number of asset objects unloaded after import = 0

========================================================================
Received Import Request.
  Time since last request: 0.000951 seconds.
  path: Assets/Scripts/SeguirWP.cs
  artifactKey: Guid(fa40b3335edfe834097929e9162e41d1) Importer(815301076,1909f56bfc062723c751e8b465ee728b)
Start importing Assets/Scripts/SeguirWP.cs using Guid(fa40b3335edfe834097929e9162e41d1) Importer(815301076,1909f56bfc062723c751e8b465ee728b) (PreviewImporter) -> (artifact id: '00000000000000000000000000000000') in 0.000716666 seconds
Import Error Code:(4)
Message: Build asset version error: assets/scripts/seguirwp.cs in SourceAssetDB has modification time of '2025-10-29T19:09:46Z' while content on disk has modification time of '2026-10-01T13:43:59Z'
  ERROR: Build asset version error: assets/scripts/seguirwp.cs in SourceAssetDB has modification time of '2025-10-29T19:09:46Z' while content on disk has modification time of '2026-10-01T13:43:59Z'
Number of updated asset objects reloaded before import = 0Number of asset objects unloaded after import = 0

========================================================================
Received Import Request.
  Time since last request: 0.005267 seconds.
  path: Assets/Scripts/SeguirWP.cs
  artifactKey: Guid(fa40b3335edfe834097929e9162e41d1) Importer(815301076,1909f56bfc062723c751e8b465ee728b)
Start importing Assets/Scripts/SeguirWP.cs using Guid(fa40b3335edfe834097929e9162e41d1) Importer(815301076,1909f56bfc062723c751e8b465ee728b) (PreviewImporter) -> (artifact id: '00000000000000000000000000000000') in 0.000572459 seconds
Import Error Code:(4)
Message: Build asset version error: assets/scripts/seguirwp.cs in SourceAssetDB has modification time of '2025-10-29T19:09:46Z' while content on disk has modification time of '2026-10-01T13:43:59Z'
  ERROR: Build asset version error: assets/scripts/seguirwp.cs in SourceAssetDB has modification time of '2025-10-29T19:09:46Z' while content on disk has modification time of '2026-10-01T13:43:59Z'
Number of updated asset objects reloaded before import = 0Number of asset objects unloaded after import = 0

========================================================================
Received Import Request.
  Time since last request: 0.010704 seconds.
  path: Assets/Scripts/SeguirWP.cs
  artifactKey: Guid(fa40b3335edfe834097929e9162e41d1) Importer(815301076,1909f56bfc062723c751e8b465ee728b)
Start importing Assets/Scripts/SeguirWP.cs using Guid(fa40b3335edfe834097929e9162e41d1) Importer(815301076,1909f56bfc062723c751e8b465ee728b) (PreviewImporter) -> (artifact id: '00000000000000000000000000000000') in 0.000850917 seconds
Import Error Code:(4)
Message: Build asset version error: assets/scripts/seguirwp.cs in SourceAssetDB has modification time of '2025-10-29T19:09:46Z' while content on disk has modification time of '2026-10-01T13:43:59Z'
  ERROR: Build asset version error: assets/scripts/seguirwp.cs in SourceAssetDB has modification time of '2025-10-29T19:09:46Z' while content on disk has modification time of '2026-10-01T13:43:59Z'
Number of updated asset objects reloaded before import = 0Number of asset objects unloaded after import = 0

========================================================================
Received Import Request.
  Time since last request: 0.001245 seconds.
  path: Assets/Scripts/SeguirWP.cs
  artifactKey: Guid(fa40b3335edfe834097929e9162e41d1) Importer(815301076,1909f56bfc062723c751e8b465ee728b)
Start importing Assets/Scripts/SeguirWP.cs using Guid(fa40b3335edfe834097929e9162e41d1) Importer(815301076,1909f56bfc062723c751e8b465ee728b) (PreviewImporter) -> (artifact id: '00000000000000000000000000000000') in 0.00095975 seconds
Import Error Code:(4)
Message: Build asset version error: assets/scripts/seguirwp.cs in SourceAssetDB has modification time of '2025-10-29T19:09:46Z' while content on disk has modification time of '2026-10-01T13:43:59Z'
  ERROR: Build asset version error: assets/scripts/seguirwp.cs in SourceAssetDB has modification time of '2025-10-29T19:09:46Z' while content on disk has modification time of '2026-10-01T13:43:59Z'
Number of updated asset objects reloaded before import = 0Number of asset objects unloaded after import = 0

========================================================================
Received Import Request.
  Time since last request: 0.005346 seconds.
  path: Assets/Scripts/SeguirWP.cs
  artifactKey: Guid(fa40b3335edfe834097929e9162e41d1) Importer(815301076,1909f56bfc062723c751e8b465ee728b)
Start importing Assets/Scripts/SeguirWP.cs using Guid(fa40b3335edfe834097929e9162e41d1) Importer(815301076,1909f56bfc062723c751e8b465ee728b) (PreviewImporter) -> (artifact id: '00000000000000000000000000000000') in 0.0007305 seconds
Import Error Code:(4)
Message: Build asset version error: assets/scripts/seguirwp.cs in SourceAssetDB has modification time of '2025-10-29T19:09:46Z' while content on disk has modification time of '2026-10-01T13:43:59Z'
  ERROR: Build asset version error: assets/scripts/seguirwp.cs in SourceAssetDB has modification time of '2025-10-29T19:09:46Z' while content on disk has modification time of '2026-10-01T13:43:59Z'
Number of updated asset objects reloaded before import = 0Number of asset objects unloaded after import = 0

========================================================================
Received Import Request.
  Time since last request: 0.001809 seconds.
  path: Assets/Scripts/SeguirWP.cs
  artifactKey: Guid(fa40b3335edfe834097929e9162e41d1) Importer(815301076,1909f56bfc062723c751e8b465ee728b)
Start importing Assets/Scripts/SeguirWP.cs using Guid(fa40b3335edfe834097929e9162e41d1) Importer(815301076,1909f56bfc062723c751e8b465ee728b) (PreviewImporter) -> (artifact id: '00000000000000000000000000000000') in 0.001059917 seconds
Import Error Code:(4)
Message: Build asset version error: assets/scripts/seguirwp.cs in SourceAssetDB has modification time of '2025-10-29T19:09:46Z' while content on disk has modification time of '2026-10-01T13:43:59Z'
  ERROR: Build asset version error: assets/scripts/seguirwp.cs in SourceAssetDB has modification time of '2025-10-29T19:09:46Z' while content on disk has modification time of '2026-10-01T13:43:59Z'
Number of updated asset objects reloaded before import = 0Number of asset objects unloaded after import = 0

========================================================================
Received Import Request.
  Time since last request: 0.004690 seconds.
  path: Assets/Scripts/SeguirWP.cs
  artifactKey: Guid(fa40b3335edfe834097929e9162e41d1) Importer(815301076,1909f56bfc062723c751e8b465ee728b)
Start importing Assets/Scripts/SeguirWP.cs using Guid(fa40b3335edfe834097929e9162e41d1) Importer(815301076,1909f56bfc062723c751e8b465ee728b) (PreviewImporter) -> (artifact id: '00000000000000000000000000000000') in 0.000616 seconds
Import Error Code:(4)
Message: Build asset version error: assets/scripts/seguirwp.cs in SourceAssetDB has modification time of '2025-10-29T19:09:46Z' while content on disk has modification time of '2026-10-01T13:43:59Z'
  ERROR: Build asset version error: assets/scripts/seguirwp.cs in SourceAssetDB has modification time of '2025-10-29T19:09:46Z' while content on disk has modification time of '2026-10-01T13:43:59Z'
Number of updated asset objects reloaded before import = 0Number of asset objects unloaded after import = 0

========================================================================
Received Import Request.
  Time since last request: 0.001826 seconds.
  path: Assets/Scripts/SeguirWP.cs
  artifactKey: Guid(fa40b3335edfe834097929e9162e41d1) Importer(815301076,1909f56bfc062723c751e8b465ee728b)
Start importing Assets/Scripts/SeguirWP.cs using Guid(fa40b3335edfe834097929e9162e41d1) Importer(815301076,1909f56bfc062723c751e8b465ee728b) (PreviewImporter) -> (artifact id: '00000000000000000000000000000000') in 0.000524292 seconds
Import Error Code:(4)
Message: Build asset version error: assets/scripts/seguirwp.cs in SourceAssetDB has modification time of '2025-10-29T19:09:46Z' while content on disk has modification time of '2026-10-01T13:43:59Z'
  ERROR: Build asset version error: assets/scripts/seguirwp.cs in SourceAssetDB has modification time of '2025-10-29T19:09:46Z' while content on disk has modification time of '2026-10-01T13:43:59Z'
Number of updated asset objects reloaded before import = 0Number of asset objects unloaded after import = 0

========================================================================
Received Import Request.
  Time since last request: 0.003144 seconds.
  path: Assets/Scripts/SeguirWP.cs
  artifactKey: Guid(fa40b3335edfe834097929e9162e41d1) Importer(815301076,1909f56bfc062723c751e8b465ee728b)
Start importing Assets/Scripts/SeguirWP.cs using Guid(fa40b3335edfe834097929e9162e41d1) Importer(815301076,1909f56bfc062723c751e8b465ee728b) (PreviewImporter) -> (artifact id: '00000000000000000000000000000000') in 0.000675084 seconds
Import Error Code:(4)
Message: Build asset version error: assets/scripts/seguirwp.cs in SourceAssetDB has modification time of '2025-10-29T19:09:46Z' while content on disk has modification time of '2026-10-01T13:43:59Z'
  ERROR: Build asset version error: assets/scripts/seguirwp.cs in SourceAssetDB has modification time of '2025-10-29T19:09:46Z' while content on disk has modification time of '2026-10-01T13:43:59Z'
Number of updated asset objects reloaded before import = 0Number of asset objects unloaded after import = 0

========================================================================
Received Import Request.
  Time since last request: 0.004508 seconds.
  path: Assets/Scripts/SeguirWP.cs
  artifactKey: Guid(fa40b3335edfe834097929e9162e41d1) Importer(815301076,1909f56bfc062723c751e8b465ee728b)
Start importing Assets/Scripts/SeguirWP.cs using Guid(fa40b3335edfe834097929e9162e41d1) Importer(815301076,1909f56bfc062723c751e8b465ee728b) (PreviewImporter) -> (artifact id: '00000000000000000000000000000000') in 0.000890125 seconds
Import Error Code:(4)
Message: Build asset version error: assets/scripts/seguirwp.cs in SourceAssetDB has modification time of '2025-10-29T19:09:46Z' while content on disk has modification time of '2026-10-01T13:43:59Z'
  ERROR: Build asset version error: assets/scripts/seguirwp.cs in SourceAssetDB has modification time of '2025-10-29T19:09:46Z' while content on disk has modification time of '2026-10-01T13:43:59Z'
Number of updated asset objects reloaded before import = 0Number of asset objects unloaded after import = 0

========================================================================
Received Import Request.
  Time since last request: 0.005023 seconds.
  path: Assets/Scripts/SeguirWP.cs
  artifactKey: Guid(fa40b3335edfe834097929e9162e41d1) Importer(815301076,1909f56bfc062723c751e8b465ee728b)
Start importing Assets/Scripts/SeguirWP.cs using Guid(fa40b3335edfe834097929e9162e41d1) Importer(815301076,1909f56bfc062723c751e8b465ee728b) (PreviewImporter) -> (artifact id: '00000000000000000000000000000000') in 0.000588292 seconds
Import Error Code:(4)
Message: Build asset version error: assets/scripts/seguirwp.cs in SourceAssetDB has modification time of '2025-10-29T19:09:46Z' while content on disk has modification time of '2026-10-01T13:43:59Z'
  ERROR: Build asset version error: assets/scripts/seguirwp.cs in SourceAssetDB has modification time of '2025-10-29T19:09:46Z' while content on disk has modification time of '2026-10-01T13:43:59Z'
Number of updated asset objects reloaded before import = 0Number of asset objects unloaded after import = 0

========================================================================
Received Import Request.
  Time since last request: 0.010164 seconds.
  path: Assets/Scripts/SeguirWP.cs
  artifactKey: Guid(fa40b3335edfe834097929e9162e41d1) Importer(815301076,1909f56bfc062723c751e8b465ee728b)
Start importing Assets/Scripts/SeguirWP.cs using Guid(fa40b3335edfe834097929e9162e41d1) Importer(815301076,1909f56bfc062723c751e8b465ee728b) (PreviewImporter) -> (artifact id: '00000000000000000000000000000000') in 0.00068425 seconds
Import Error Code:(4)
Message: Build asset version error: assets/scripts/seguirwp.cs in SourceAssetDB has modification time of '2025-10-29T19:09:46Z' while content on disk has modification time of '2026-10-01T13:43:59Z'
  ERROR: Build asset version error: assets/scripts/seguirwp.cs in SourceAssetDB has modification time of '2025-10-29T19:09:46Z' while content on disk has modification time of '2026-10-01T13:43:59Z'
Number of updated asset objects reloaded before import = 0Number of asset objects unloaded after import = 0

========================================================================
Received Import Request.
  Time since last request: 0.004906 seconds.
  path: Assets/Scripts/SeguirWP.cs
  artifactKey: Guid(fa40b3335edfe834097929e9162e41d1) Importer(815301076,1909f56bfc062723c751e8b465ee728b)
Start importing Assets/Scripts/SeguirWP.cs using Guid(fa40b3335edfe834097929e9162e41d1) Importer(815301076,1909f56bfc062723c751e8b465ee728b) (PreviewImporter) -> (artifact id: '00000000000000000000000000000000') in 0.001037542 seconds
Import Error Code:(4)
Message: Build asset version error: assets/scripts/seguirwp.cs in SourceAssetDB has modification time of '2025-10-29T19:09:46Z' while content on disk has modification time of '2026-10-01T13:43:59Z'
  ERROR: Build asset version error: assets/scripts/seguirwp.cs in SourceAssetDB has modification time of '2025-10-29T19:09:46Z' while content on disk has modification time of '2026-10-01T13:43:59Z'
Number of updated asset objects reloaded before import = 0Number of asset objects unloaded after import = 0

========================================================================
Received Import Request.
  Time since last request: 0.002211 seconds.
  path: Assets/Scripts/SeguirWP.cs
  artifactKey: Guid(fa40b3335edfe834097929e9162e41d1) Importer(815301076,1909f56bfc062723c751e8b465ee728b)
Start importing Assets/Scripts/SeguirWP.cs using Guid(fa40b3335edfe834097929e9162e41d1) Importer(815301076,1909f56bfc062723c751e8b465ee728b) (PreviewImporter) -> (artifact id: '00000000000000000000000000000000') in 0.000763667 seconds
Import Error Code:(4)
Message: Build asset version error: assets/scripts/seguirwp.cs in SourceAssetDB has modification time of '2025-10-29T19:09:46Z' while content on disk has modification time of '2026-10-01T13:43:59Z'
  ERROR: Build asset version error: assets/scripts/seguirwp.cs in SourceAssetDB has modification time of '2025-10-29T19:09:46Z' while content on disk has modification time of '2026-10-01T13:43:59Z'
Number of updated asset objects reloaded before import = 0Number of asset objects unloaded after import = 0

========================================================================
Received Import Request.
  Time since last request: 0.005509 seconds.
  path: Assets/Scripts/SeguirWP.cs
  artifactKey: Guid(fa40b3335edfe834097929e9162e41d1) Importer(815301076,1909f56bfc062723c751e8b465ee728b)
Start importing Assets/Scripts/SeguirWP.cs using Guid(fa40b3335edfe834097929e9162e41d1) Importer(815301076,1909f56bfc062723c751e8b465ee728b) (PreviewImporter) -> (artifact id: '00000000000000000000000000000000') in 0.000452416 seconds
Import Error Code:(4)
Message: Build asset version error: assets/scripts/seguirwp.cs in SourceAssetDB has modification time of '2025-10-29T19:09:46Z' while content on disk has modification time of '2026-10-01T13:43:59Z'
  ERROR: Build asset version error: assets/scripts/seguirwp.cs in SourceAssetDB has modification time of '2025-10-29T19:09:46Z' while content on disk has modification time of '2026-10-01T13:43:59Z'
Number of updated asset objects reloaded before import = 0Number of asset objects unloaded after import = 0

========================================================================
Received Import Request.
  Time since last request: 0.002335 seconds.
  path: Assets/Scripts/SeguirWP.cs
  artifactKey: Guid(fa40b3335edfe834097929e9162e41d1) Importer(815301076,1909f56bfc062723c751e8b465ee728b)
Start importing Assets/Scripts/SeguirWP.cs using Guid(fa40b3335edfe834097929e9162e41d1) Importer(815301076,1909f56bfc062723c751e8b465ee728b) (PreviewImporter) -> (artifact id: '00000000000000000000000000000000') in 0.001199542 seconds
Import Error Code:(4)
Message: Build asset version error: assets/scripts/seguirwp.cs in SourceAssetDB has modification time of '2025-10-29T19:09:46Z' while content on disk has modification time of '2026-10-01T13:43:59Z'
  ERROR: Build asset version error: assets/scripts/seguirwp.cs in SourceAssetDB has modification time of '2025-10-29T19:09:46Z' while content on disk has modification time of '2026-10-01T13:43:59Z'
Number of updated asset objects reloaded before import = 0Number of asset objects unloaded after import = 0

========================================================================
Received Import Request.
  Time since last request: 0.002694 seconds.
  path: Assets/Scripts/SeguirWP.cs
  artifactKey: Guid(fa40b3335edfe834097929e9162e41d1) Importer(815301076,1909f56bfc062723c751e8b465ee728b)
Start importing Assets/Scripts/SeguirWP.cs using Guid(fa40b3335edfe834097929e9162e41d1) Importer(815301076,1909f56bfc062723c751e8b465ee728b) (PreviewImporter) -> (artifact id: '00000000000000000000000000000000') in 0.000614667 seconds
Import Error Code:(4)
Message: Build asset version error: assets/scripts/seguirwp.cs in SourceAssetDB has modification time of '2025-10-29T19:09:46Z' while content on disk has modification time of '2026-10-01T13:43:59Z'
  ERROR: Build asset version error: assets/scripts/seguirwp.cs in SourceAssetDB has modification time of '2025-10-29T19:09:46Z' while content on disk has modification time of '2026-10-01T13:43:59Z'
Number of updated asset objects reloaded before import = 0Number of asset objects unloaded after import = 0

========================================================================
Received Import Request.
  Time since last request: 0.019057 seconds.
  path: Assets/Scripts/SeguirWP.cs
  artifactKey: Guid(fa40b3335edfe834097929e9162e41d1) Importer(815301076,1909f56bfc062723c751e8b465ee728b)
Start importing Assets/Scripts/SeguirWP.cs using Guid(fa40b3335edfe834097929e9162e41d1) Importer(815301076,1909f56bfc062723c751e8b465ee728b) (PreviewImporter) -> (artifact id: '00000000000000000000000000000000') in 0.000478667 seconds
Import Error Code:(4)
Message: Build asset version error: assets/scripts/seguirwp.cs in SourceAssetDB has modification time of '2025-10-29T19:09:46Z' while content on disk has modification time of '2026-10-01T13:43:59Z'
  ERROR: Build asset version error: assets/scripts/seguirwp.cs in SourceAssetDB has modification time of '2025-10-29T19:09:46Z' while content on disk has modification time of '2026-10-01T13:43:59Z'
Number of updated asset objects reloaded before import = 0Number of asset objects unloaded after import = 0

========================================================================
Received Import Request.
  Time since last request: 0.017658 seconds.
  path: Assets/Scripts/SeguirWP.cs
  artifactKey: Guid(fa40b3335edfe834097929e9162e41d1) Importer(815301076,1909f56bfc062723c751e8b465ee728b)
Start importing Assets/Scripts/SeguirWP.cs using Guid(fa40b3335edfe834097929e9162e41d1) Importer(815301076,1909f56bfc062723c751e8b465ee728b) (PreviewImporter) -> (artifact id: '00000000000000000000000000000000') in 0.000571083 seconds
Import Error Code:(4)
Message: Build asset version error: assets/scripts/seguirwp.cs in SourceAssetDB has modification time of '2025-10-29T19:09:46Z' while content on disk has modification time of '2026-10-01T13:43:59Z'
  ERROR: Build asset version error: assets/scripts/seguirwp.cs in SourceAssetDB has modification time of '2025-10-29T19:09:46Z' while content on disk has modification time of '2026-10-01T13:43:59Z'
Number of updated asset objects reloaded before import = 0Number of asset objects unloaded after import = 0

========================================================================
Received Import Request.
  Time since last request: 0.018174 seconds.
  path: Assets/Scripts/SeguirWP.cs
  artifactKey: Guid(fa40b3335edfe834097929e9162e41d1) Importer(815301076,1909f56bfc062723c751e8b465ee728b)
Start importing Assets/Scripts/SeguirWP.cs using Guid(fa40b3335edfe834097929e9162e41d1) Importer(815301076,1909f56bfc062723c751e8b465ee728b) (PreviewImporter) -> (artifact id: '00000000000000000000000000000000') in 0.0007195 seconds
Import Error Code:(4)
Message: Build asset version error: assets/scripts/seguirwp.cs in SourceAssetDB has modification time of '2025-10-29T19:09:46Z' while content on disk has modification time of '2026-10-01T13:43:59Z'
  ERROR: Build asset version error: assets/scripts/seguirwp.cs in SourceAssetDB has modification time of '2025-10-29T19:09:46Z' while content on disk has modification time of '2026-10-01T13:43:59Z'
Number of updated asset objects reloaded before import = 0Number of asset objects unloaded after import = 0

========================================================================
Received Import Request.
  Time since last request: 0.017883 seconds.
  path: Assets/Scripts/SeguirWP.cs
  artifactKey: Guid(fa40b3335edfe834097929e9162e41d1) Importer(815301076,1909f56bfc062723c751e8b465ee728b)
Start importing Assets/Scripts/SeguirWP.cs using Guid(fa40b3335edfe834097929e9162e41d1) Importer(815301076,1909f56bfc062723c751e8b465ee728b) (PreviewImporter) -> (artifact id: '00000000000000000000000000000000') in 0.000615916 seconds
Import Error Code:(4)
Message: Build asset version error: assets/scripts/seguirwp.cs in SourceAssetDB has modification time of '2025-10-29T19:09:46Z' while content on disk has modification time of '2026-10-01T13:43:59Z'
  ERROR: Build asset version error: assets/scripts/seguirwp.cs in SourceAssetDB has modification time of '2025-10-29T19:09:46Z' while content on disk has modification time of '2026-10-01T13:43:59Z'
Number of updated asset objects reloaded before import = 0Number of asset objects unloaded after import = 0

========================================================================
Received Import Request.
  Time since last request: 0.017323 seconds.
  path: Assets/Scripts/SeguirWP.cs
  artifactKey: Guid(fa40b3335edfe834097929e9162e41d1) Importer(815301076,1909f56bfc062723c751e8b465ee728b)
Start importing Assets/Scripts/SeguirWP.cs using Guid(fa40b3335edfe834097929e9162e41d1) Importer(815301076,1909f56bfc062723c751e8b465ee728b) (PreviewImporter) -> (artifact id: '00000000000000000000000000000000') in 0.000373416 seconds
Import Error Code:(4)
Message: Build asset version error: assets/scripts/seguirwp.cs in SourceAssetDB has modification time of '2025-10-29T19:09:46Z' while content on disk has modification time of '2026-10-01T13:43:59Z'
  ERROR: Build asset version error: assets/scripts/seguirwp.cs in SourceAssetDB has modification time of '2025-10-29T19:09:46Z' while content on disk has modification time of '2026-10-01T13:43:59Z'
Number of updated asset objects reloaded before import = 0Number of asset objects unloaded after import = 0

========================================================================
Received Import Request.
  Time since last request: 0.005269 seconds.
  path: Assets/Scripts/SeguirWP.cs
  artifactKey: Guid(fa40b3335edfe834097929e9162e41d1) Importer(815301076,1909f56bfc062723c751e8b465ee728b)
Start importing Assets/Scripts/SeguirWP.cs using Guid(fa40b3335edfe834097929e9162e41d1) Importer(815301076,1909f56bfc062723c751e8b465ee728b) (PreviewImporter) -> (artifact id: '00000000000000000000000000000000') in 0.000410625 seconds
Import Error Code:(4)
Message: Build asset version error: assets/scripts/seguirwp.cs in SourceAssetDB has modification time of '2025-10-29T19:09:46Z' while content on disk has modification time of '2026-10-01T13:43:59Z'
  ERROR: Build asset version error: assets/scripts/seguirwp.cs in SourceAssetDB has modification time of '2025-10-29T19:09:46Z' while content on disk has modification time of '2026-10-01T13:43:59Z'
Number of updated asset objects reloaded before import = 0Number of asset objects unloaded after import = 0

========================================================================
Received Import Request.
  Time since last request: 0.003358 seconds.
  path: Assets/Scripts/SeguirWP.cs
  artifactKey: Guid(fa40b3335edfe834097929e9162e41d1) Importer(815301076,1909f56bfc062723c751e8b465ee728b)
Start importing Assets/Scripts/SeguirWP.cs using Guid(fa40b3335edfe834097929e9162e41d1) Importer(815301076,1909f56bfc062723c751e8b465ee728b) (PreviewImporter) -> (artifact id: '00000000000000000000000000000000') in 0.000491625 seconds
Import Error Code:(4)
Message: Build asset version error: assets/scripts/seguirwp.cs in SourceAssetDB has modification time of '2025-10-29T19:09:46Z' while content on disk has modification time of '2026-10-01T13:43:59Z'
  ERROR: Build asset version error: assets/scripts/seguirwp.cs in SourceAssetDB has modification time of '2025-10-29T19:09:46Z' while content on disk has modification time of '2026-10-01T13:43:59Z'
Number of updated asset objects reloaded before import = 0Number of asset objects unloaded after import = 0

========================================================================
Received Import Request.
  Time since last request: 0.000766 seconds.
  path: Assets/Scripts/SeguirWP.cs
  artifactKey: Guid(fa40b3335edfe834097929e9162e41d1) Importer(815301076,1909f56bfc062723c751e8b465ee728b)
Start importing Assets/Scripts/SeguirWP.cs using Guid(fa40b3335edfe834097929e9162e41d1) Importer(815301076,1909f56bfc062723c751e8b465ee728b) (PreviewImporter) -> (artifact id: '00000000000000000000000000000000') in 0.000494167 seconds
Import Error Code:(4)
Message: Build asset version error: assets/scripts/seguirwp.cs in SourceAssetDB has modification time of '2025-10-29T19:09:46Z' while content on disk has modification time of '2026-10-01T13:43:59Z'
  ERROR: Build asset version error: assets/scripts/seguirwp.cs in SourceAssetDB has modification time of '2025-10-29T19:09:46Z' while content on disk has modification time of '2026-10-01T13:43:59Z'
Number of updated asset objects reloaded before import = 0Number of asset objects unloaded after import = 0

========================================================================
Received Import Request.
  Time since last request: 0.004802 seconds.
  path: Assets/Scripts/SeguirWP.cs
  artifactKey: Guid(fa40b3335edfe834097929e9162e41d1) Importer(815301076,1909f56bfc062723c751e8b465ee728b)
Start importing Assets/Scripts/SeguirWP.cs using Guid(fa40b3335edfe834097929e9162e41d1) Importer(815301076,1909f56bfc062723c751e8b465ee728b) (PreviewImporter) -> (artifact id: '00000000000000000000000000000000') in 0.000905834 seconds
Import Error Code:(4)
Message: Build asset version error: assets/scripts/seguirwp.cs in SourceAssetDB has modification time of '2025-10-29T19:09:46Z' while content on disk has modification time of '2026-10-01T13:43:59Z'
  ERROR: Build asset version error: assets/scripts/seguirwp.cs in SourceAssetDB has modification time of '2025-10-29T19:09:46Z' while content on disk has modification time of '2026-10-01T13:43:59Z'
Number of updated asset objects reloaded before import = 0Number of asset objects unloaded after import = 0

========================================================================
Received Import Request.
  Time since last request: 0.000966 seconds.
  path: Assets/Scripts/SeguirWP.cs
  artifactKey: Guid(fa40b3335edfe834097929e9162e41d1) Importer(815301076,1909f56bfc062723c751e8b465ee728b)
Start importing Assets/Scripts/SeguirWP.cs using Guid(fa40b3335edfe834097929e9162e41d1) Importer(815301076,1909f56bfc062723c751e8b465ee728b) (PreviewImporter) -> (artifact id: '00000000000000000000000000000000') in 0.000585917 seconds
Import Error Code:(4)
Message: Build asset version error: assets/scripts/seguirwp.cs in SourceAssetDB has modification time of '2025-10-29T19:09:46Z' while content on disk has modification time of '2026-10-01T13:43:59Z'
  ERROR: Build asset version error: assets/scripts/seguirwp.cs in SourceAssetDB has modification time of '2025-10-29T19:09:46Z' while content on disk has modification time of '2026-10-01T13:43:59Z'
Number of updated asset objects reloaded before import = 0Number of asset objects unloaded after import = 0

========================================================================
Received Import Request.
  Time since last request: 0.003977 seconds.
  path: Assets/Scripts/SeguirWP.cs
  artifactKey: Guid(fa40b3335edfe834097929e9162e41d1) Importer(815301076,1909f56bfc062723c751e8b465ee728b)
Start importing Assets/Scripts/SeguirWP.cs using Guid(fa40b3335edfe834097929e9162e41d1) Importer(815301076,1909f56bfc062723c751e8b465ee728b) (PreviewImporter) -> (artifact id: '00000000000000000000000000000000') in 0.001047125 seconds
Import Error Code:(4)
Message: Build asset version error: assets/scripts/seguirwp.cs in SourceAssetDB has modification time of '2025-10-29T19:09:46Z' while content on disk has modification time of '2026-10-01T13:43:59Z'
  ERROR: Build asset version error: assets/scripts/seguirwp.cs in SourceAssetDB has modification time of '2025-10-29T19:09:46Z' while content on disk has modification time of '2026-10-01T13:43:59Z'
Number of updated asset objects reloaded before import = 0Number of asset objects unloaded after import = 0

========================================================================
Received Import Request.
  Time since last request: 0.001164 seconds.
  path: Assets/Scripts/SeguirWP.cs
  artifactKey: Guid(fa40b3335edfe834097929e9162e41d1) Importer(815301076,1909f56bfc062723c751e8b465ee728b)
Start importing Assets/Scripts/SeguirWP.cs using Guid(fa40b3335edfe834097929e9162e41d1) Importer(815301076,1909f56bfc062723c751e8b465ee728b) (PreviewImporter) -> (artifact id: '00000000000000000000000000000000') in 0.000591458 seconds
Import Error Code:(4)
Message: Build asset version error: assets/scripts/seguirwp.cs in SourceAssetDB has modification time of '2025-10-29T19:09:46Z' while content on disk has modification time of '2026-10-01T13:43:59Z'
  ERROR: Build asset version error: assets/scripts/seguirwp.cs in SourceAssetDB has modification time of '2025-10-29T19:09:46Z' while content on disk has modification time of '2026-10-01T13:43:59Z'
Number of updated asset objects reloaded before import = 0Number of asset objects unloaded after import = 0

========================================================================
Received Import Request.
  Time since last request: 0.010375 seconds.
  path: Assets/Scripts/SeguirWP.cs
  artifactKey: Guid(fa40b3335edfe834097929e9162e41d1) Importer(815301076,1909f56bfc062723c751e8b465ee728b)
Start importing Assets/Scripts/SeguirWP.cs using Guid(fa40b3335edfe834097929e9162e41d1) Importer(815301076,1909f56bfc062723c751e8b465ee728b) (PreviewImporter) -> (artifact id: '00000000000000000000000000000000') in 0.000701541 seconds
Import Error Code:(4)
Message: Build asset version error: assets/scripts/seguirwp.cs in SourceAssetDB has modification time of '2025-10-29T19:09:46Z' while content on disk has modification time of '2026-10-01T13:43:59Z'
  ERROR: Build asset version error: assets/scripts/seguirwp.cs in SourceAssetDB has modification time of '2025-10-29T19:09:46Z' while content on disk has modification time of '2026-10-01T13:43:59Z'
Number of updated asset objects reloaded before import = 0Number of asset objects unloaded after import = 0

========================================================================
Received Import Request.
  Time since last request: 0.000820 seconds.
  path: Assets/Scripts/SeguirWP.cs
  artifactKey: Guid(fa40b3335edfe834097929e9162e41d1) Importer(815301076,1909f56bfc062723c751e8b465ee728b)
Start importing Assets/Scripts/SeguirWP.cs using Guid(fa40b3335edfe834097929e9162e41d1) Importer(815301076,1909f56bfc062723c751e8b465ee728b) (PreviewImporter) -> (artifact id: '00000000000000000000000000000000') in 0.000619875 seconds
Import Error Code:(4)
Message: Build asset version error: assets/scripts/seguirwp.cs in SourceAssetDB has modification time of '2025-10-29T19:09:46Z' while content on disk has modification time of '2026-10-01T13:43:59Z'
  ERROR: Build asset version error: assets/scripts/seguirwp.cs in SourceAssetDB has modification time of '2025-10-29T19:09:46Z' while content on disk has modification time of '2026-10-01T13:43:59Z'
Number of updated asset objects reloaded before import = 0Number of asset objects unloaded after import = 0

========================================================================
Received Import Request.
  Time since last request: 0.015950 seconds.
  path: Assets/Scripts/SeguirWP.cs
  artifactKey: Guid(fa40b3335edfe834097929e9162e41d1) Importer(815301076,1909f56bfc062723c751e8b465ee728b)
Start importing Assets/Scripts/SeguirWP.cs using Guid(fa40b3335edfe834097929e9162e41d1) Importer(815301076,1909f56bfc062723c751e8b465ee728b) (PreviewImporter) -> (artifact id: '00000000000000000000000000000000') in 0.000911916 seconds
Import Error Code:(4)
Message: Build asset version error: assets/scripts/seguirwp.cs in SourceAssetDB has modification time of '2025-10-29T19:09:46Z' while content on disk has modification time of '2026-10-01T13:43:59Z'
  ERROR: Build asset version error: assets/scripts/seguirwp.cs in SourceAssetDB has modification time of '2025-10-29T19:09:46Z' while content on disk has modification time of '2026-10-01T13:43:59Z'
Number of updated asset objects reloaded before import = 0Number of asset objects unloaded after import = 0

========================================================================
Received Import Request.
  Time since last request: 0.003358 seconds.
  path: Assets/Scripts/SeguirWP.cs
  artifactKey: Guid(fa40b3335edfe834097929e9162e41d1) Importer(815301076,1909f56bfc062723c751e8b465ee728b)
Start importing Assets/Scripts/SeguirWP.cs using Guid(fa40b3335edfe834097929e9162e41d1) Importer(815301076,1909f56bfc062723c751e8b465ee728b) (PreviewImporter) -> (artifact id: '00000000000000000000000000000000') in 0.001229583 seconds
Import Error Code:(4)
Message: Build asset version error: assets/scripts/seguirwp.cs in SourceAssetDB has modification time of '2025-10-29T19:09:46Z' while content on disk has modification time of '2026-10-01T13:43:59Z'
  ERROR: Build asset version error: assets/scripts/seguirwp.cs in SourceAssetDB has modification time of '2025-10-29T19:09:46Z' while content on disk has modification time of '2026-10-01T13:43:59Z'
Number of updated asset objects reloaded before import = 0Number of asset objects unloaded after import = 0

========================================================================
Received Import Request.
  Time since last request: 0.011930 seconds.
  path: Assets/Scripts/SeguirWP.cs
  artifactKey: Guid(fa40b3335edfe834097929e9162e41d1) Importer(815301076,1909f56bfc062723c751e8b465ee728b)
Start importing Assets/Scripts/SeguirWP.cs using Guid(fa40b3335edfe834097929e9162e41d1) Importer(815301076,1909f56bfc062723c751e8b465ee728b) (PreviewImporter) -> (artifact id: '00000000000000000000000000000000') in 0.000798875 seconds
Import Error Code:(4)
Message: Build asset version error: assets/scripts/seguirwp.cs in SourceAssetDB has modification time of '2025-10-29T19:09:46Z' while content on disk has modification time of '2026-10-01T13:43:59Z'
  ERROR: Build asset version error: assets/scripts/seguirwp.cs in SourceAssetDB has modification time of '2025-10-29T19:09:46Z' while content on disk has modification time of '2026-10-01T13:43:59Z'
Number of updated asset objects reloaded before import = 0Number of asset objects unloaded after import = 0

========================================================================
Received Import Request.
  Time since last request: 0.001158 seconds.
  path: Assets/Scripts/SeguirWP.cs
  artifactKey: Guid(fa40b3335edfe834097929e9162e41d1) Importer(815301076,1909f56bfc062723c751e8b465ee728b)
Start importing Assets/Scripts/SeguirWP.cs using Guid(fa40b3335edfe834097929e9162e41d1) Importer(815301076,1909f56bfc062723c751e8b465ee728b) (PreviewImporter) -> (artifact id: '00000000000000000000000000000000') in 0.000859875 seconds
Import Error Code:(4)
Message: Build asset version error: assets/scripts/seguirwp.cs in SourceAssetDB has modification time of '2025-10-29T19:09:46Z' while content on disk has modification time of '2026-10-01T13:43:59Z'
  ERROR: Build asset version error: assets/scripts/seguirwp.cs in SourceAssetDB has modification time of '2025-10-29T19:09:46Z' while content on disk has modification time of '2026-10-01T13:43:59Z'
Number of updated asset objects reloaded before import = 0Number of asset objects unloaded after import = 0

========================================================================
Received Import Request.
  Time since last request: 0.008669 seconds.
  path: Assets/Scripts/SeguirWP.cs
  artifactKey: Guid(fa40b3335edfe834097929e9162e41d1) Importer(815301076,1909f56bfc062723c751e8b465ee728b)
Start importing Assets/Scripts/SeguirWP.cs using Guid(fa40b3335edfe834097929e9162e41d1) Importer(815301076,1909f56bfc062723c751e8b465ee728b) (PreviewImporter) -> (artifact id: '00000000000000000000000000000000') in 0.001887333 seconds
Import Error Code:(4)
Message: Build asset version error: assets/scripts/seguirwp.cs in SourceAssetDB has modification time of '2025-10-29T19:09:46Z' while content on disk has modification time of '2026-10-01T13:43:59Z'
  ERROR: Build asset version error: assets/scripts/seguirwp.cs in SourceAssetDB has modification time of '2025-10-29T19:09:46Z' while content on disk has modification time of '2026-10-01T13:43:59Z'
Number of updated asset objects reloaded before import = 0Number of asset objects unloaded after import = 0

========================================================================
Received Import Request.
  Time since last request: 0.003755 seconds.
  path: Assets/Scripts/SeguirWP.cs
  artifactKey: Guid(fa40b3335edfe834097929e9162e41d1) Importer(815301076,1909f56bfc062723c751e8b465ee728b)
Start importing Assets/Scripts/SeguirWP.cs using Guid(fa40b3335edfe834097929e9162e41d1) Importer(815301076,1909f56bfc062723c751e8b465ee728b) (PreviewImporter) -> (artifact id: '00000000000000000000000000000000') in 0.0013085 seconds
Import Error Code:(4)
Message: Build asset version error: assets/scripts/seguirwp.cs in SourceAssetDB has modification time of '2025-10-29T19:09:46Z' while content on disk has modification time of '2026-10-01T13:43:59Z'
  ERROR: Build asset version error: assets/scripts/seguirwp.cs in SourceAssetDB has modification time of '2025-10-29T19:09:46Z' while content on disk has modification time of '2026-10-01T13:43:59Z'
Number of updated asset objects reloaded before import = 0Number of asset objects unloaded after import = 0

========================================================================
Received Import Request.
  Time since last request: 0.007059 seconds.
  path: Assets/Scripts/SeguirWP.cs
  artifactKey: Guid(fa40b3335edfe834097929e9162e41d1) Importer(815301076,1909f56bfc062723c751e8b465ee728b)
Start importing Assets/Scripts/SeguirWP.cs using Guid(fa40b3335edfe834097929e9162e41d1) Importer(815301076,1909f56bfc062723c751e8b465ee728b) (PreviewImporter) -> (artifact id: '00000000000000000000000000000000') in 0.000943291 seconds
Import Error Code:(4)
Message: Build asset version error: assets/scripts/seguirwp.cs in SourceAssetDB has modification time of '2025-10-29T19:09:46Z' while content on disk has modification time of '2026-10-01T13:43:59Z'
  ERROR: Build asset version error: assets/scripts/seguirwp.cs in SourceAssetDB has modification time of '2025-10-29T19:09:46Z' while content on disk has modification time of '2026-10-01T13:43:59Z'
Number of updated asset objects reloaded before import = 0Number of asset objects unloaded after import = 0

========================================================================
Received Import Request.
  Time since last request: 0.003348 seconds.
  path: Assets/Scripts/SeguirWP.cs
  artifactKey: Guid(fa40b3335edfe834097929e9162e41d1) Importer(815301076,1909f56bfc062723c751e8b465ee728b)
Start importing Assets/Scripts/SeguirWP.cs using Guid(fa40b3335edfe834097929e9162e41d1) Importer(815301076,1909f56bfc062723c751e8b465ee728b) (PreviewImporter) -> (artifact id: '00000000000000000000000000000000') in 0.000979958 seconds
Import Error Code:(4)
Message: Build asset version error: assets/scripts/seguirwp.cs in SourceAssetDB has modification time of '2025-10-29T19:09:46Z' while content on disk has modification time of '2026-10-01T13:43:59Z'
  ERROR: Build asset version error: assets/scripts/seguirwp.cs in SourceAssetDB has modification time of '2025-10-29T19:09:46Z' while content on disk has modification time of '2026-10-01T13:43:59Z'
Number of updated asset objects reloaded before import = 0Number of asset objects unloaded after import = 0

========================================================================
Received Import Request.
  Time since last request: 0.004313 seconds.
  path: Assets/Scripts/SeguirWP.cs
  artifactKey: Guid(fa40b3335edfe834097929e9162e41d1) Importer(815301076,1909f56bfc062723c751e8b465ee728b)
Start importing Assets/Scripts/SeguirWP.cs using Guid(fa40b3335edfe834097929e9162e41d1) Importer(815301076,1909f56bfc062723c751e8b465ee728b) (PreviewImporter) -> (artifact id: '00000000000000000000000000000000') in 0.000765292 seconds
Import Error Code:(4)
Message: Build asset version error: assets/scripts/seguirwp.cs in SourceAssetDB has modification time of '2025-10-29T19:09:46Z' while content on disk has modification time of '2026-10-01T13:43:59Z'
  ERROR: Build asset version error: assets/scripts/seguirwp.cs in SourceAssetDB has modification time of '2025-10-29T19:09:46Z' while content on disk has modification time of '2026-10-01T13:43:59Z'
Number of updated asset objects reloaded before import = 0Number of asset objects unloaded after import = 0

========================================================================
Received Import Request.
  Time since last request: 0.004882 seconds.
  path: Assets/Scripts/SeguirWP.cs
  artifactKey: Guid(fa40b3335edfe834097929e9162e41d1) Importer(815301076,1909f56bfc062723c751e8b465ee728b)
Start importing Assets/Scripts/SeguirWP.cs using Guid(fa40b3335edfe834097929e9162e41d1) Importer(815301076,1909f56bfc062723c751e8b465ee728b) (PreviewImporter) -> (artifact id: '00000000000000000000000000000000') in 0.000542458 seconds
Import Error Code:(4)
Message: Build asset version error: assets/scripts/seguirwp.cs in SourceAssetDB has modification time of '2025-10-29T19:09:46Z' while content on disk has modification time of '2026-10-01T13:43:59Z'
  ERROR: Build asset version error: assets/scripts/seguirwp.cs in SourceAssetDB has modification time of '2025-10-29T19:09:46Z' while content on disk has modification time of '2026-10-01T13:43:59Z'
Number of updated asset objects reloaded before import = 0Number of asset objects unloaded after import = 0

========================================================================
Received Import Request.
  Time since last request: 0.008814 seconds.
  path: Assets/Scripts/SeguirWP.cs
  artifactKey: Guid(fa40b3335edfe834097929e9162e41d1) Importer(815301076,1909f56bfc062723c751e8b465ee728b)
Start importing Assets/Scripts/SeguirWP.cs using Guid(fa40b3335edfe834097929e9162e41d1) Importer(815301076,1909f56bfc062723c751e8b465ee728b) (PreviewImporter) -> (artifact id: '00000000000000000000000000000000') in 0.00099025 seconds
Import Error Code:(4)
Message: Build asset version error: assets/scripts/seguirwp.cs in SourceAssetDB has modification time of '2025-10-29T19:09:46Z' while content on disk has modification time of '2026-10-01T13:43:59Z'
  ERROR: Build asset version error: assets/scripts/seguirwp.cs in SourceAssetDB has modification time of '2025-10-29T19:09:46Z' while content on disk has modification time of '2026-10-01T13:43:59Z'
Number of updated asset objects reloaded before import = 0Number of asset objects unloaded after import = 0

========================================================================
Received Import Request.
  Time since last request: 0.003739 seconds.
  path: Assets/Scripts/SeguirWP.cs
  artifactKey: Guid(fa40b3335edfe834097929e9162e41d1) Importer(815301076,1909f56bfc062723c751e8b465ee728b)
Start importing Assets/Scripts/SeguirWP.cs using Guid(fa40b3335edfe834097929e9162e41d1) Importer(815301076,1909f56bfc062723c751e8b465ee728b) (PreviewImporter) -> (artifact id: '00000000000000000000000000000000') in 0.000708542 seconds
Import Error Code:(4)
Message: Build asset version error: assets/scripts/seguirwp.cs in SourceAssetDB has modification time of '2025-10-29T19:09:46Z' while content on disk has modification time of '2026-10-01T13:43:59Z'
  ERROR: Build asset version error: assets/scripts/seguirwp.cs in SourceAssetDB has modification time of '2025-10-29T19:09:46Z' while content on disk has modification time of '2026-10-01T13:43:59Z'
Number of updated asset objects reloaded before import = 0Number of asset objects unloaded after import = 0

========================================================================
Received Import Request.
  Time since last request: 0.000969 seconds.
  path: Assets/Scripts/SeguirWP.cs
  artifactKey: Guid(fa40b3335edfe834097929e9162e41d1) Importer(815301076,1909f56bfc062723c751e8b465ee728b)
Start importing Assets/Scripts/SeguirWP.cs using Guid(fa40b3335edfe834097929e9162e41d1) Importer(815301076,1909f56bfc062723c751e8b465ee728b) (PreviewImporter) -> (artifact id: '00000000000000000000000000000000') in 0.000948042 seconds
Import Error Code:(4)
Message: Build asset version error: assets/scripts/seguirwp.cs in SourceAssetDB has modification time of '2025-10-29T19:09:46Z' while content on disk has modification time of '2026-10-01T13:43:59Z'
  ERROR: Build asset version error: assets/scripts/seguirwp.cs in SourceAssetDB has modification time of '2025-10-29T19:09:46Z' while content on disk has modification time of '2026-10-01T13:43:59Z'
Number of updated asset objects reloaded before import = 0Number of asset objects unloaded after import = 0

========================================================================
Received Import Request.
  Time since last request: 0.004127 seconds.
  path: Assets/Scripts/SeguirWP.cs
  artifactKey: Guid(fa40b3335edfe834097929e9162e41d1) Importer(815301076,1909f56bfc062723c751e8b465ee728b)
Start importing Assets/Scripts/SeguirWP.cs using Guid(fa40b3335edfe834097929e9162e41d1) Importer(815301076,1909f56bfc062723c751e8b465ee728b) (PreviewImporter) -> (artifact id: '00000000000000000000000000000000') in 0.000546917 seconds
Import Error Code:(4)
Message: Build asset version error: assets/scripts/seguirwp.cs in SourceAssetDB has modification time of '2025-10-29T19:09:46Z' while content on disk has modification time of '2026-10-01T13:43:59Z'
  ERROR: Build asset version error: assets/scripts/seguirwp.cs in SourceAssetDB has modification time of '2025-10-29T19:09:46Z' while content on disk has modification time of '2026-10-01T13:43:59Z'
Number of updated asset objects reloaded before import = 0Number of asset objects unloaded after import = 0

========================================================================
Received Import Request.
  Time since last request: 0.003871 seconds.
  path: Assets/Scripts/SeguirWP.cs
  artifactKey: Guid(fa40b3335edfe834097929e9162e41d1) Importer(815301076,1909f56bfc062723c751e8b465ee728b)
Start importing Assets/Scripts/SeguirWP.cs using Guid(fa40b3335edfe834097929e9162e41d1) Importer(815301076,1909f56bfc062723c751e8b465ee728b) (PreviewImporter) -> (artifact id: '00000000000000000000000000000000') in 0.001022459 seconds
Import Error Code:(4)
Message: Build asset version error: assets/scripts/seguirwp.cs in SourceAssetDB has modification time of '2025-10-29T19:09:46Z' while content on disk has modification time of '2026-10-01T13:43:59Z'
  ERROR: Build asset version error: assets/scripts/seguirwp.cs in SourceAssetDB has modification time of '2025-10-29T19:09:46Z' while content on disk has modification time of '2026-10-01T13:43:59Z'
Number of updated asset objects reloaded before import = 0Number of asset objects unloaded after import = 0

========================================================================
Received Import Request.
  Time since last request: 0.001323 seconds.
  path: Assets/Scripts/SeguirWP.cs
  artifactKey: Guid(fa40b3335edfe834097929e9162e41d1) Importer(815301076,1909f56bfc062723c751e8b465ee728b)
Start importing Assets/Scripts/SeguirWP.cs using Guid(fa40b3335edfe834097929e9162e41d1) Importer(815301076,1909f56bfc062723c751e8b465ee728b) (PreviewImporter) -> (artifact id: '00000000000000000000000000000000') in 0.000624125 seconds
Import Error Code:(4)
Message: Build asset version error: assets/scripts/seguirwp.cs in SourceAssetDB has modification time of '2025-10-29T19:09:46Z' while content on disk has modification time of '2026-10-01T13:43:59Z'
  ERROR: Build asset version error: assets/scripts/seguirwp.cs in SourceAssetDB has modification time of '2025-10-29T19:09:46Z' while content on disk has modification time of '2026-10-01T13:43:59Z'
Number of updated asset objects reloaded before import = 0Number of asset objects unloaded after import = 0

========================================================================
Received Import Request.
  Time since last request: 0.002024 seconds.
  path: Assets/Scripts/SeguirWP.cs
  artifactKey: Guid(fa40b3335edfe834097929e9162e41d1) Importer(815301076,1909f56bfc062723c751e8b465ee728b)
Start importing Assets/Scripts/SeguirWP.cs using Guid(fa40b3335edfe834097929e9162e41d1) Importer(815301076,1909f56bfc062723c751e8b465ee728b) (PreviewImporter) -> (artifact id: '00000000000000000000000000000000') in 0.000343042 seconds
Import Error Code:(4)
Message: Build asset version error: assets/scripts/seguirwp.cs in SourceAssetDB has modification time of '2025-10-29T19:09:46Z' while content on disk has modification time of '2026-10-01T13:43:59Z'
  ERROR: Build asset version error: assets/scripts/seguirwp.cs in SourceAssetDB has modification time of '2025-10-29T19:09:46Z' while content on disk has modification time of '2026-10-01T13:43:59Z'
Number of updated asset objects reloaded before import = 0Number of asset objects unloaded after import = 0

========================================================================
Received Import Request.
  Time since last request: 0.008460 seconds.
  path: Assets/Scripts/SeguirWP.cs
  artifactKey: Guid(fa40b3335edfe834097929e9162e41d1) Importer(815301076,1909f56bfc062723c751e8b465ee728b)
Start importing Assets/Scripts/SeguirWP.cs using Guid(fa40b3335edfe834097929e9162e41d1) Importer(815301076,1909f56bfc062723c751e8b465ee728b) (PreviewImporter) -> (artifact id: '00000000000000000000000000000000') in 0.000761875 seconds
Import Error Code:(4)
Message: Build asset version error: assets/scripts/seguirwp.cs in SourceAssetDB has modification time of '2025-10-29T19:09:46Z' while content on disk has modification time of '2026-10-01T13:43:59Z'
  ERROR: Build asset version error: assets/scripts/seguirwp.cs in SourceAssetDB has modification time of '2025-10-29T19:09:46Z' while content on disk has modification time of '2026-10-01T13:43:59Z'
Number of updated asset objects reloaded before import = 0Number of asset objects unloaded after import = 0

========================================================================
Received Import Request.
  Time since last request: 0.003555 seconds.
  path: Assets/Scripts/SeguirWP.cs
  artifactKey: Guid(fa40b3335edfe834097929e9162e41d1) Importer(815301076,1909f56bfc062723c751e8b465ee728b)
Start importing Assets/Scripts/SeguirWP.cs using Guid(fa40b3335edfe834097929e9162e41d1) Importer(815301076,1909f56bfc062723c751e8b465ee728b) (PreviewImporter) -> (artifact id: '00000000000000000000000000000000') in 0.00071675 seconds
Import Error Code:(4)
Message: Build asset version error: assets/scripts/seguirwp.cs in SourceAssetDB has modification time of '2025-10-29T19:09:46Z' while content on disk has modification time of '2026-10-01T13:43:59Z'
  ERROR: Build asset version error: assets/scripts/seguirwp.cs in SourceAssetDB has modification time of '2025-10-29T19:09:46Z' while content on disk has modification time of '2026-10-01T13:43:59Z'
Number of updated asset objects reloaded before import = 0Number of asset objects unloaded after import = 0

========================================================================
Received Import Request.
  Time since last request: 0.004697 seconds.
  path: Assets/Scripts/SeguirWP.cs
  artifactKey: Guid(fa40b3335edfe834097929e9162e41d1) Importer(815301076,1909f56bfc062723c751e8b465ee728b)
Start importing Assets/Scripts/SeguirWP.cs using Guid(fa40b3335edfe834097929e9162e41d1) Importer(815301076,1909f56bfc062723c751e8b465ee728b) (PreviewImporter) -> (artifact id: '00000000000000000000000000000000') in 0.001204 seconds
Import Error Code:(4)
Message: Build asset version error: assets/scripts/seguirwp.cs in SourceAssetDB has modification time of '2025-10-29T19:09:46Z' while content on disk has modification time of '2026-10-01T13:43:59Z'
  ERROR: Build asset version error: assets/scripts/seguirwp.cs in SourceAssetDB has modification time of '2025-10-29T19:09:46Z' while content on disk has modification time of '2026-10-01T13:43:59Z'
Number of updated asset objects reloaded before import = 0Number of asset objects unloaded after import = 0

========================================================================
Received Import Request.
  Time since last request: 0.004214 seconds.
  path: Assets/Scripts/SeguirWP.cs
  artifactKey: Guid(fa40b3335edfe834097929e9162e41d1) Importer(815301076,1909f56bfc062723c751e8b465ee728b)
Start importing Assets/Scripts/SeguirWP.cs using Guid(fa40b3335edfe834097929e9162e41d1) Importer(815301076,1909f56bfc062723c751e8b465ee728b) (PreviewImporter) -> (artifact id: '00000000000000000000000000000000') in 0.000817917 seconds
Import Error Code:(4)
Message: Build asset version error: assets/scripts/seguirwp.cs in SourceAssetDB has modification time of '2025-10-29T19:09:46Z' while content on disk has modification time of '2026-10-01T13:43:59Z'
  ERROR: Build asset version error: assets/scripts/seguirwp.cs in SourceAssetDB has modification time of '2025-10-29T19:09:46Z' while content on disk has modification time of '2026-10-01T13:43:59Z'
Number of updated asset objects reloaded before import = 0Number of asset objects unloaded after import = 0

========================================================================
Received Import Request.
  Time since last request: 0.004551 seconds.
  path: Assets/Scripts/SeguirWP.cs
  artifactKey: Guid(fa40b3335edfe834097929e9162e41d1) Importer(815301076,1909f56bfc062723c751e8b465ee728b)
Start importing Assets/Scripts/SeguirWP.cs using Guid(fa40b3335edfe834097929e9162e41d1) Importer(815301076,1909f56bfc062723c751e8b465ee728b) (PreviewImporter) -> (artifact id: '00000000000000000000000000000000') in 0.002063708 seconds
Import Error Code:(4)
Message: Build asset version error: assets/scripts/seguirwp.cs in SourceAssetDB has modification time of '2025-10-29T19:09:46Z' while content on disk has modification time of '2026-10-01T13:43:59Z'
  ERROR: Build asset version error: assets/scripts/seguirwp.cs in SourceAssetDB has modification time of '2025-10-29T19:09:46Z' while content on disk has modification time of '2026-10-01T13:43:59Z'
Number of updated asset objects reloaded before import = 0Number of asset objects unloaded after import = 0

========================================================================
Received Import Request.
  Time since last request: 0.004688 seconds.
  path: Assets/Scripts/SeguirWP.cs
  artifactKey: Guid(fa40b3335edfe834097929e9162e41d1) Importer(815301076,1909f56bfc062723c751e8b465ee728b)
Start importing Assets/Scripts/SeguirWP.cs using Guid(fa40b3335edfe834097929e9162e41d1) Importer(815301076,1909f56bfc062723c751e8b465ee728b) (PreviewImporter) -> (artifact id: '00000000000000000000000000000000') in 0.00132325 seconds
Import Error Code:(4)
Message: Build asset version error: assets/scripts/seguirwp.cs in SourceAssetDB has modification time of '2025-10-29T19:09:46Z' while content on disk has modification time of '2026-10-01T13:43:59Z'
  ERROR: Build asset version error: assets/scripts/seguirwp.cs in SourceAssetDB has modification time of '2025-10-29T19:09:46Z' while content on disk has modification time of '2026-10-01T13:43:59Z'
Number of updated asset objects reloaded before import = 0Number of asset objects unloaded after import = 0

========================================================================
Received Import Request.
  Time since last request: 0.006391 seconds.
  path: Assets/Scripts/SeguirWP.cs
  artifactKey: Guid(fa40b3335edfe834097929e9162e41d1) Importer(815301076,1909f56bfc062723c751e8b465ee728b)
Start importing Assets/Scripts/SeguirWP.cs using Guid(fa40b3335edfe834097929e9162e41d1) Importer(815301076,1909f56bfc062723c751e8b465ee728b) (PreviewImporter) -> (artifact id: '00000000000000000000000000000000') in 0.000748 seconds
Import Error Code:(4)
Message: Build asset version error: assets/scripts/seguirwp.cs in SourceAssetDB has modification time of '2025-10-29T19:09:46Z' while content on disk has modification time of '2026-10-01T13:43:59Z'
  ERROR: Build asset version error: assets/scripts/seguirwp.cs in SourceAssetDB has modification time of '2025-10-29T19:09:46Z' while content on disk has modification time of '2026-10-01T13:43:59Z'
Number of updated asset objects reloaded before import = 0Number of asset objects unloaded after import = 0

========================================================================
Received Import Request.
  Time since last request: 0.007556 seconds.
  path: Assets/Scripts/SeguirWP.cs
  artifactKey: Guid(fa40b3335edfe834097929e9162e41d1) Importer(815301076,1909f56bfc062723c751e8b465ee728b)
Start importing Assets/Scripts/SeguirWP.cs using Guid(fa40b3335edfe834097929e9162e41d1) Importer(815301076,1909f56bfc062723c751e8b465ee728b) (PreviewImporter) -> (artifact id: '00000000000000000000000000000000') in 0.000787625 seconds
Import Error Code:(4)
Message: Build asset version error: assets/scripts/seguirwp.cs in SourceAssetDB has modification time of '2025-10-29T19:09:46Z' while content on disk has modification time of '2026-10-01T13:43:59Z'
  ERROR: Build asset version error: assets/scripts/seguirwp.cs in SourceAssetDB has modification time of '2025-10-29T19:09:46Z' while content on disk has modification time of '2026-10-01T13:43:59Z'
Number of updated asset objects reloaded before import = 0Number of asset objects unloaded after import = 0

========================================================================
Received Import Request.
  Time since last request: 0.001314 seconds.
  path: Assets/Scripts/SeguirWP.cs
  artifactKey: Guid(fa40b3335edfe834097929e9162e41d1) Importer(815301076,1909f56bfc062723c751e8b465ee728b)
Start importing Assets/Scripts/SeguirWP.cs using Guid(fa40b3335edfe834097929e9162e41d1) Importer(815301076,1909f56bfc062723c751e8b465ee728b) (PreviewImporter) -> (artifact id: '00000000000000000000000000000000') in 0.001111625 seconds
Import Error Code:(4)
Message: Build asset version error: assets/scripts/seguirwp.cs in SourceAssetDB has modification time of '2025-10-29T19:09:46Z' while content on disk has modification time of '2026-10-01T13:43:59Z'
  ERROR: Build asset version error: assets/scripts/seguirwp.cs in SourceAssetDB has modification time of '2025-10-29T19:09:46Z' while content on disk has modification time of '2026-10-01T13:43:59Z'
Number of updated asset objects reloaded before import = 0Number of asset objects unloaded after import = 0

========================================================================
Received Import Request.
  Time since last request: 0.009737 seconds.
  path: Assets/Scripts/SeguirWP.cs
  artifactKey: Guid(fa40b3335edfe834097929e9162e41d1) Importer(815301076,1909f56bfc062723c751e8b465ee728b)
Start importing Assets/Scripts/SeguirWP.cs using Guid(fa40b3335edfe834097929e9162e41d1) Importer(815301076,1909f56bfc062723c751e8b465ee728b) (PreviewImporter) -> (artifact id: '00000000000000000000000000000000') in 0.00184475 seconds
Import Error Code:(4)
Message: Build asset version error: assets/scripts/seguirwp.cs in SourceAssetDB has modification time of '2025-10-29T19:09:46Z' while content on disk has modification time of '2026-10-01T13:43:59Z'
  ERROR: Build asset version error: assets/scripts/seguirwp.cs in SourceAssetDB has modification time of '2025-10-29T19:09:46Z' while content on disk has modification time of '2026-10-01T13:43:59Z'
Number of updated asset objects reloaded before import = 0Number of asset objects unloaded after import = 0

========================================================================
Received Import Request.
  Time since last request: 0.003918 seconds.
  path: Assets/Scripts/SeguirWP.cs
  artifactKey: Guid(fa40b3335edfe834097929e9162e41d1) Importer(815301076,1909f56bfc062723c751e8b465ee728b)
Start importing Assets/Scripts/SeguirWP.cs using Guid(fa40b3335edfe834097929e9162e41d1) Importer(815301076,1909f56bfc062723c751e8b465ee728b) (PreviewImporter) -> (artifact id: '00000000000000000000000000000000') in 0.000814792 seconds
Import Error Code:(4)
Message: Build asset version error: assets/scripts/seguirwp.cs in SourceAssetDB has modification time of '2025-10-29T19:09:46Z' while content on disk has modification time of '2026-10-01T13:43:59Z'
  ERROR: Build asset version error: assets/scripts/seguirwp.cs in SourceAssetDB has modification time of '2025-10-29T19:09:46Z' while content on disk has modification time of '2026-10-01T13:43:59Z'
Number of updated asset objects reloaded before import = 0Number of asset objects unloaded after import = 0

========================================================================
Received Import Request.
  Time since last request: 0.010679 seconds.
  path: Assets/Scripts/SeguirWP.cs
  artifactKey: Guid(fa40b3335edfe834097929e9162e41d1) Importer(815301076,1909f56bfc062723c751e8b465ee728b)
Start importing Assets/Scripts/SeguirWP.cs using Guid(fa40b3335edfe834097929e9162e41d1) Importer(815301076,1909f56bfc062723c751e8b465ee728b) (PreviewImporter) -> (artifact id: '00000000000000000000000000000000') in 0.000803 seconds
Import Error Code:(4)
Message: Build asset version error: assets/scripts/seguirwp.cs in SourceAssetDB has modification time of '2025-10-29T19:09:46Z' while content on disk has modification time of '2026-10-01T13:43:59Z'
  ERROR: Build asset version error: assets/scripts/seguirwp.cs in SourceAssetDB has modification time of '2025-10-29T19:09:46Z' while content on disk has modification time of '2026-10-01T13:43:59Z'
Number of updated asset objects reloaded before import = 0Number of asset objects unloaded after import = 0

========================================================================
Received Import Request.
  Time since last request: 0.001324 seconds.
  path: Assets/Scripts/SeguirWP.cs
  artifactKey: Guid(fa40b3335edfe834097929e9162e41d1) Importer(815301076,1909f56bfc062723c751e8b465ee728b)
Start importing Assets/Scripts/SeguirWP.cs using Guid(fa40b3335edfe834097929e9162e41d1) Importer(815301076,1909f56bfc062723c751e8b465ee728b) (PreviewImporter) -> (artifact id: '00000000000000000000000000000000') in 0.000561917 seconds
Import Error Code:(4)
Message: Build asset version error: assets/scripts/seguirwp.cs in SourceAssetDB has modification time of '2025-10-29T19:09:46Z' while content on disk has modification time of '2026-10-01T13:43:59Z'
  ERROR: Build asset version error: assets/scripts/seguirwp.cs in SourceAssetDB has modification time of '2025-10-29T19:09:46Z' while content on disk has modification time of '2026-10-01T13:43:59Z'
Number of updated asset objects reloaded before import = 0Number of asset objects unloaded after import = 0

========================================================================
Received Import Request.
  Time since last request: 0.006382 seconds.
  path: Assets/Scripts/SeguirWP.cs
  artifactKey: Guid(fa40b3335edfe834097929e9162e41d1) Importer(815301076,1909f56bfc062723c751e8b465ee728b)
Start importing Assets/Scripts/SeguirWP.cs using Guid(fa40b3335edfe834097929e9162e41d1) Importer(815301076,1909f56bfc062723c751e8b465ee728b) (PreviewImporter) -> (artifact id: '00000000000000000000000000000000') in 0.000610208 seconds
Import Error Code:(4)
Message: Build asset version error: assets/scripts/seguirwp.cs in SourceAssetDB has modification time of '2025-10-29T19:09:46Z' while content on disk has modification time of '2026-10-01T13:43:59Z'
  ERROR: Build asset version error: assets/scripts/seguirwp.cs in SourceAssetDB has modification time of '2025-10-29T19:09:46Z' while content on disk has modification time of '2026-10-01T13:43:59Z'
Number of updated asset objects reloaded before import = 0Number of asset objects unloaded after import = 0

========================================================================
Received Import Request.
  Time since last request: 0.005039 seconds.
  path: Assets/Scripts/SeguirWP.cs
  artifactKey: Guid(fa40b3335edfe834097929e9162e41d1) Importer(815301076,1909f56bfc062723c751e8b465ee728b)
Start importing Assets/Scripts/SeguirWP.cs using Guid(fa40b3335edfe834097929e9162e41d1) Importer(815301076,1909f56bfc062723c751e8b465ee728b) (PreviewImporter) -> (artifact id: '00000000000000000000000000000000') in 0.000695583 seconds
Import Error Code:(4)
Message: Build asset version error: assets/scripts/seguirwp.cs in SourceAssetDB has modification time of '2025-10-29T19:09:46Z' while content on disk has modification time of '2026-10-01T13:43:59Z'
  ERROR: Build asset version error: assets/scripts/seguirwp.cs in SourceAssetDB has modification time of '2025-10-29T19:09:46Z' while content on disk has modification time of '2026-10-01T13:43:59Z'
Number of updated asset objects reloaded before import = 0Number of asset objects unloaded after import = 0

========================================================================
Received Import Request.
  Time since last request: 0.010684 seconds.
  path: Assets/Scripts/SeguirWP.cs
  artifactKey: Guid(fa40b3335edfe834097929e9162e41d1) Importer(815301076,1909f56bfc062723c751e8b465ee728b)
Start importing Assets/Scripts/SeguirWP.cs using Guid(fa40b3335edfe834097929e9162e41d1) Importer(815301076,1909f56bfc062723c751e8b465ee728b) (PreviewImporter) -> (artifact id: '00000000000000000000000000000000') in 0.000813417 seconds
Import Error Code:(4)
Message: Build asset version error: assets/scripts/seguirwp.cs in SourceAssetDB has modification time of '2025-10-29T19:09:46Z' while content on disk has modification time of '2026-10-01T13:43:59Z'
  ERROR: Build asset version error: assets/scripts/seguirwp.cs in SourceAssetDB has modification time of '2025-10-29T19:09:46Z' while content on disk has modification time of '2026-10-01T13:43:59Z'
Number of updated asset objects reloaded before import = 0Number of asset objects unloaded after import = 0

========================================================================
Received Import Request.
  Time since last request: 0.001912 seconds.
  path: Assets/Scripts/SeguirWP.cs
  artifactKey: Guid(fa40b3335edfe834097929e9162e41d1) Importer(815301076,1909f56bfc062723c751e8b465ee728b)
Start importing Assets/Scripts/SeguirWP.cs using Guid(fa40b3335edfe834097929e9162e41d1) Importer(815301076,1909f56bfc062723c751e8b465ee728b) (PreviewImporter) -> (artifact id: '00000000000000000000000000000000') in 0.00095225 seconds
Import Error Code:(4)
Message: Build asset version error: assets/scripts/seguirwp.cs in SourceAssetDB has modification time of '2025-10-29T19:09:46Z' while content on disk has modification time of '2026-10-01T13:43:59Z'
  ERROR: Build asset version error: assets/scripts/seguirwp.cs in SourceAssetDB has modification time of '2025-10-29T19:09:46Z' while content on disk has modification time of '2026-10-01T13:43:59Z'
Number of updated asset objects reloaded before import = 0Number of asset objects unloaded after import = 0

========================================================================
Received Import Request.
  Time since last request: 0.014994 seconds.
  path: Assets/Scripts/SeguirWP.cs
  artifactKey: Guid(fa40b3335edfe834097929e9162e41d1) Importer(815301076,1909f56bfc062723c751e8b465ee728b)
Start importing Assets/Scripts/SeguirWP.cs using Guid(fa40b3335edfe834097929e9162e41d1) Importer(815301076,1909f56bfc062723c751e8b465ee728b) (PreviewImporter) -> (artifact id: '00000000000000000000000000000000') in 0.000685334 seconds
Import Error Code:(4)
Message: Build asset version error: assets/scripts/seguirwp.cs in SourceAssetDB has modification time of '2025-10-29T19:09:46Z' while content on disk has modification time of '2026-10-01T13:43:59Z'
  ERROR: Build asset version error: assets/scripts/seguirwp.cs in SourceAssetDB has modification time of '2025-10-29T19:09:46Z' while content on disk has modification time of '2026-10-01T13:43:59Z'
Number of updated asset objects reloaded before import = 0Number of asset objects unloaded after import = 0

========================================================================
Received Import Request.
  Time since last request: 0.007756 seconds.
  path: Assets/Scripts/SeguirWP.cs
  artifactKey: Guid(fa40b3335edfe834097929e9162e41d1) Importer(815301076,1909f56bfc062723c751e8b465ee728b)
Start importing Assets/Scripts/SeguirWP.cs using Guid(fa40b3335edfe834097929e9162e41d1) Importer(815301076,1909f56bfc062723c751e8b465ee728b) (PreviewImporter) -> (artifact id: '00000000000000000000000000000000') in 0.000958083 seconds
Import Error Code:(4)
Message: Build asset version error: assets/scripts/seguirwp.cs in SourceAssetDB has modification time of '2025-10-29T19:09:46Z' while content on disk has modification time of '2026-10-01T13:43:59Z'
  ERROR: Build asset version error: assets/scripts/seguirwp.cs in SourceAssetDB has modification time of '2025-10-29T19:09:46Z' while content on disk has modification time of '2026-10-01T13:43:59Z'
Number of updated asset objects reloaded before import = 0Number of asset objects unloaded after import = 0

========================================================================
Received Import Request.
  Time since last request: 0.003787 seconds.
  path: Assets/Scripts/SeguirWP.cs
  artifactKey: Guid(fa40b3335edfe834097929e9162e41d1) Importer(815301076,1909f56bfc062723c751e8b465ee728b)
Start importing Assets/Scripts/SeguirWP.cs using Guid(fa40b3335edfe834097929e9162e41d1) Importer(815301076,1909f56bfc062723c751e8b465ee728b) (PreviewImporter) -> (artifact id: '00000000000000000000000000000000') in 0.000859791 seconds
Import Error Code:(4)
Message: Build asset version error: assets/scripts/seguirwp.cs in SourceAssetDB has modification time of '2025-10-29T19:09:46Z' while content on disk has modification time of '2026-10-01T13:43:59Z'
  ERROR: Build asset version error: assets/scripts/seguirwp.cs in SourceAssetDB has modification time of '2025-10-29T19:09:46Z' while content on disk has modification time of '2026-10-01T13:43:59Z'
Number of updated asset objects reloaded before import = 0Number of asset objects unloaded after import = 0

========================================================================
Received Import Request.
  Time since last request: 0.014652 seconds.
  path: Assets/Scripts/SeguirWP.cs
  artifactKey: Guid(fa40b3335edfe834097929e9162e41d1) Importer(815301076,1909f56bfc062723c751e8b465ee728b)
Start importing Assets/Scripts/SeguirWP.cs using Guid(fa40b3335edfe834097929e9162e41d1) Importer(815301076,1909f56bfc062723c751e8b465ee728b) (PreviewImporter) -> (artifact id: '00000000000000000000000000000000') in 0.001360458 seconds
Import Error Code:(4)
Message: Build asset version error: assets/scripts/seguirwp.cs in SourceAssetDB has modification time of '2025-10-29T19:09:46Z' while content on disk has modification time of '2026-10-01T13:43:59Z'
  ERROR: Build asset version error: assets/scripts/seguirwp.cs in SourceAssetDB has modification time of '2025-10-29T19:09:46Z' while content on disk has modification time of '2026-10-01T13:43:59Z'
Number of updated asset objects reloaded before import = 0Number of asset objects unloaded after import = 0

========================================================================
Received Import Request.
  Time since last request: 0.001121 seconds.
  path: Assets/Scripts/SeguirWP.cs
  artifactKey: Guid(fa40b3335edfe834097929e9162e41d1) Importer(815301076,1909f56bfc062723c751e8b465ee728b)
Start importing Assets/Scripts/SeguirWP.cs using Guid(fa40b3335edfe834097929e9162e41d1) Importer(815301076,1909f56bfc062723c751e8b465ee728b) (PreviewImporter) -> (artifact id: '00000000000000000000000000000000') in 0.000947958 seconds
Import Error Code:(4)
Message: Build asset version error: assets/scripts/seguirwp.cs in SourceAssetDB has modification time of '2025-10-29T19:09:46Z' while content on disk has modification time of '2026-10-01T13:43:59Z'
  ERROR: Build asset version error: assets/scripts/seguirwp.cs in SourceAssetDB has modification time of '2025-10-29T19:09:46Z' while content on disk has modification time of '2026-10-01T13:43:59Z'
Number of updated asset objects reloaded before import = 0Number of asset objects unloaded after import = 0

========================================================================
Received Import Request.
  Time since last request: 0.010338 seconds.
  path: Assets/Scripts/SeguirWP.cs
  artifactKey: Guid(fa40b3335edfe834097929e9162e41d1) Importer(815301076,1909f56bfc062723c751e8b465ee728b)
Start importing Assets/Scripts/SeguirWP.cs using Guid(fa40b3335edfe834097929e9162e41d1) Importer(815301076,1909f56bfc062723c751e8b465ee728b) (PreviewImporter) -> (artifact id: '00000000000000000000000000000000') in 0.000677666 seconds
Import Error Code:(4)
Message: Build asset version error: assets/scripts/seguirwp.cs in SourceAssetDB has modification time of '2025-10-29T19:09:46Z' while content on disk has modification time of '2026-10-01T13:43:59Z'
  ERROR: Build asset version error: assets/scripts/seguirwp.cs in SourceAssetDB has modification time of '2025-10-29T19:09:46Z' while content on disk has modification time of '2026-10-01T13:43:59Z'
Number of updated asset objects reloaded before import = 0Number of asset objects unloaded after import = 0

========================================================================
Received Import Request.
  Time since last request: 0.006659 seconds.
  path: Assets/Scripts/SeguirWP.cs
  artifactKey: Guid(fa40b3335edfe834097929e9162e41d1) Importer(815301076,1909f56bfc062723c751e8b465ee728b)
Start importing Assets/Scripts/SeguirWP.cs using Guid(fa40b3335edfe834097929e9162e41d1) Importer(815301076,1909f56bfc062723c751e8b465ee728b) (PreviewImporter) -> (artifact id: '00000000000000000000000000000000') in 0.000990791 seconds
Import Error Code:(4)
Message: Build asset version error: assets/scripts/seguirwp.cs in SourceAssetDB has modification time of '2025-10-29T19:09:46Z' while content on disk has modification time of '2026-10-01T13:43:59Z'
  ERROR: Build asset version error: assets/scripts/seguirwp.cs in SourceAssetDB has modification time of '2025-10-29T19:09:46Z' while content on disk has modification time of '2026-10-01T13:43:59Z'
Number of updated asset objects reloaded before import = 0Number of asset objects unloaded after import = 0

========================================================================
Received Import Request.
  Time since last request: 0.005534 seconds.
  path: Assets/Scripts/SeguirWP.cs
  artifactKey: Guid(fa40b3335edfe834097929e9162e41d1) Importer(815301076,1909f56bfc062723c751e8b465ee728b)
Start importing Assets/Scripts/SeguirWP.cs using Guid(fa40b3335edfe834097929e9162e41d1) Importer(815301076,1909f56bfc062723c751e8b465ee728b) (PreviewImporter) -> (artifact id: '00000000000000000000000000000000') in 0.00069725 seconds
Import Error Code:(4)
Message: Build asset version error: assets/scripts/seguirwp.cs in SourceAssetDB has modification time of '2025-10-29T19:09:46Z' while content on disk has modification time of '2026-10-01T13:43:59Z'
  ERROR: Build asset version error: assets/scripts/seguirwp.cs in SourceAssetDB has modification time of '2025-10-29T19:09:46Z' while content on disk has modification time of '2026-10-01T13:43:59Z'
Number of updated asset objects reloaded before import = 0Number of asset objects unloaded after import = 0

========================================================================
Received Import Request.
  Time since last request: 0.001273 seconds.
  path: Assets/Scripts/SeguirWP.cs
  artifactKey: Guid(fa40b3335edfe834097929e9162e41d1) Importer(815301076,1909f56bfc062723c751e8b465ee728b)
Start importing Assets/Scripts/SeguirWP.cs using Guid(fa40b3335edfe834097929e9162e41d1) Importer(815301076,1909f56bfc062723c751e8b465ee728b) (PreviewImporter) -> (artifact id: '00000000000000000000000000000000') in 0.000887625 seconds
Import Error Code:(4)
Message: Build asset version error: assets/scripts/seguirwp.cs in SourceAssetDB has modification time of '2025-10-29T19:09:46Z' while content on disk has modification time of '2026-10-01T13:43:59Z'
  ERROR: Build asset version error: assets/scripts/seguirwp.cs in SourceAssetDB has modification time of '2025-10-29T19:09:46Z' while content on disk has modification time of '2026-10-01T13:43:59Z'
Number of updated asset objects reloaded before import = 0Number of asset objects unloaded after import = 0

========================================================================
Received Import Request.
  Time since last request: 0.007874 seconds.
  path: Assets/Scripts/SeguirWP.cs
  artifactKey: Guid(fa40b3335edfe834097929e9162e41d1) Importer(815301076,1909f56bfc062723c751e8b465ee728b)
Start importing Assets/Scripts/SeguirWP.cs using Guid(fa40b3335edfe834097929e9162e41d1) Importer(815301076,1909f56bfc062723c751e8b465ee728b) (PreviewImporter) -> (artifact id: '00000000000000000000000000000000') in 0.000713417 seconds
Import Error Code:(4)
Message: Build asset version error: assets/scripts/seguirwp.cs in SourceAssetDB has modification time of '2025-10-29T19:09:46Z' while content on disk has modification time of '2026-10-01T13:43:59Z'
  ERROR: Build asset version error: assets/scripts/seguirwp.cs in SourceAssetDB has modification time of '2025-10-29T19:09:46Z' while content on disk has modification time of '2026-10-01T13:43:59Z'
Number of updated asset objects reloaded before import = 0Number of asset objects unloaded after import = 0

========================================================================
Received Import Request.
  Time since last request: 0.001020 seconds.
  path: Assets/Scripts/SeguirWP.cs
  artifactKey: Guid(fa40b3335edfe834097929e9162e41d1) Importer(815301076,1909f56bfc062723c751e8b465ee728b)
Start importing Assets/Scripts/SeguirWP.cs using Guid(fa40b3335edfe834097929e9162e41d1) Importer(815301076,1909f56bfc062723c751e8b465ee728b) (PreviewImporter) -> (artifact id: '00000000000000000000000000000000') in 0.000735208 seconds
Import Error Code:(4)
Message: Build asset version error: assets/scripts/seguirwp.cs in SourceAssetDB has modification time of '2025-10-29T19:09:46Z' while content on disk has modification time of '2026-10-01T13:43:59Z'
  ERROR: Build asset version error: assets/scripts/seguirwp.cs in SourceAssetDB has modification time of '2025-10-29T19:09:46Z' while content on disk has modification time of '2026-10-01T13:43:59Z'
Number of updated asset objects reloaded before import = 0Number of asset objects unloaded after import = 0

========================================================================
Received Import Request.
  Time since last request: 0.004055 seconds.
  path: Assets/Scripts/SeguirWP.cs
  artifactKey: Guid(fa40b3335edfe834097929e9162e41d1) Importer(815301076,1909f56bfc062723c751e8b465ee728b)
Start importing Assets/Scripts/SeguirWP.cs using Guid(fa40b3335edfe834097929e9162e41d1) Importer(815301076,1909f56bfc062723c751e8b465ee728b) (PreviewImporter) -> (artifact id: '00000000000000000000000000000000') in 0.000755958 seconds
Import Error Code:(4)
Message: Build asset version error: assets/scripts/seguirwp.cs in SourceAssetDB has modification time of '2025-10-29T19:09:46Z' while content on disk has modification time of '2026-10-01T13:43:59Z'
  ERROR: Build asset version error: assets/scripts/seguirwp.cs in SourceAssetDB has modification time of '2025-10-29T19:09:46Z' while content on disk has modification time of '2026-10-01T13:43:59Z'
Number of updated asset objects reloaded before import = 0Number of asset objects unloaded after import = 0

========================================================================
Received Import Request.
  Time since last request: 0.003120 seconds.
  path: Assets/Scripts/SeguirWP.cs
  artifactKey: Guid(fa40b3335edfe834097929e9162e41d1) Importer(815301076,1909f56bfc062723c751e8b465ee728b)
Start importing Assets/Scripts/SeguirWP.cs using Guid(fa40b3335edfe834097929e9162e41d1) Importer(815301076,1909f56bfc062723c751e8b465ee728b) (PreviewImporter) -> (artifact id: '00000000000000000000000000000000') in 0.000617458 seconds
Import Error Code:(4)
Message: Build asset version error: assets/scripts/seguirwp.cs in SourceAssetDB has modification time of '2025-10-29T19:09:46Z' while content on disk has modification time of '2026-10-01T13:43:59Z'
  ERROR: Build asset version error: assets/scripts/seguirwp.cs in SourceAssetDB has modification time of '2025-10-29T19:09:46Z' while content on disk has modification time of '2026-10-01T13:43:59Z'
Number of updated asset objects reloaded before import = 0Number of asset objects unloaded after import = 0

========================================================================
Received Import Request.
  Time since last request: 0.002736 seconds.
  path: Assets/Scripts/SeguirWP.cs
  artifactKey: Guid(fa40b3335edfe834097929e9162e41d1) Importer(815301076,1909f56bfc062723c751e8b465ee728b)
Start importing Assets/Scripts/SeguirWP.cs using Guid(fa40b3335edfe834097929e9162e41d1) Importer(815301076,1909f56bfc062723c751e8b465ee728b) (PreviewImporter) -> (artifact id: '00000000000000000000000000000000') in 0.000412167 seconds
Import Error Code:(4)
Message: Build asset version error: assets/scripts/seguirwp.cs in SourceAssetDB has modification time of '2025-10-29T19:09:46Z' while content on disk has modification time of '2026-10-01T13:43:59Z'
  ERROR: Build asset version error: assets/scripts/seguirwp.cs in SourceAssetDB has modification time of '2025-10-29T19:09:46Z' while content on disk has modification time of '2026-10-01T13:43:59Z'
Number of updated asset objects reloaded before import = 0Number of asset objects unloaded after import = 0

========================================================================
Received Import Request.
  Time since last request: 0.001860 seconds.
  path: Assets/Scripts/SeguirWP.cs
  artifactKey: Guid(fa40b3335edfe834097929e9162e41d1) Importer(815301076,1909f56bfc062723c751e8b465ee728b)
Start importing Assets/Scripts/SeguirWP.cs using Guid(fa40b3335edfe834097929e9162e41d1) Importer(815301076,1909f56bfc062723c751e8b465ee728b) (PreviewImporter) -> (artifact id: '00000000000000000000000000000000') in 0.000446166 seconds
Import Error Code:(4)
Message: Build asset version error: assets/scripts/seguirwp.cs in SourceAssetDB has modification time of '2025-10-29T19:09:46Z' while content on disk has modification time of '2026-10-01T13:43:59Z'
  ERROR: Build asset version error: assets/scripts/seguirwp.cs in SourceAssetDB has modification time of '2025-10-29T19:09:46Z' while content on disk has modification time of '2026-10-01T13:43:59Z'
Number of updated asset objects reloaded before import = 0Number of asset objects unloaded after import = 0

========================================================================
Received Import Request.
  Time since last request: 0.001567 seconds.
  path: Assets/Scripts/SeguirWP.cs
  artifactKey: Guid(fa40b3335edfe834097929e9162e41d1) Importer(815301076,1909f56bfc062723c751e8b465ee728b)
Start importing Assets/Scripts/SeguirWP.cs using Guid(fa40b3335edfe834097929e9162e41d1) Importer(815301076,1909f56bfc062723c751e8b465ee728b) (PreviewImporter) -> (artifact id: '00000000000000000000000000000000') in 0.00075925 seconds
Import Error Code:(4)
Message: Build asset version error: assets/scripts/seguirwp.cs in SourceAssetDB has modification time of '2025-10-29T19:09:46Z' while content on disk has modification time of '2026-10-01T13:43:59Z'
  ERROR: Build asset version error: assets/scripts/seguirwp.cs in SourceAssetDB has modification time of '2025-10-29T19:09:46Z' while content on disk has modification time of '2026-10-01T13:43:59Z'
Number of updated asset objects reloaded before import = 0Number of asset objects unloaded after import = 0

========================================================================
Received Import Request.
  Time since last request: 0.003206 seconds.
  path: Assets/Scripts/SeguirWP.cs
  artifactKey: Guid(fa40b3335edfe834097929e9162e41d1) Importer(815301076,1909f56bfc062723c751e8b465ee728b)
Start importing Assets/Scripts/SeguirWP.cs using Guid(fa40b3335edfe834097929e9162e41d1) Importer(815301076,1909f56bfc062723c751e8b465ee728b) (PreviewImporter) -> (artifact id: '00000000000000000000000000000000') in 0.000723667 seconds
Import Error Code:(4)
Message: Build asset version error: assets/scripts/seguirwp.cs in SourceAssetDB has modification time of '2025-10-29T19:09:46Z' while content on disk has modification time of '2026-10-01T13:43:59Z'
  ERROR: Build asset version error: assets/scripts/seguirwp.cs in SourceAssetDB has modification time of '2025-10-29T19:09:46Z' while content on disk has modification time of '2026-10-01T13:43:59Z'
Number of updated asset objects reloaded before import = 0Number of asset objects unloaded after import = 0

========================================================================
Received Import Request.
  Time since last request: 0.001778 seconds.
  path: Assets/Scripts/SeguirWP.cs
  artifactKey: Guid(fa40b3335edfe834097929e9162e41d1) Importer(815301076,1909f56bfc062723c751e8b465ee728b)
Start importing Assets/Scripts/SeguirWP.cs using Guid(fa40b3335edfe834097929e9162e41d1) Importer(815301076,1909f56bfc062723c751e8b465ee728b) (PreviewImporter) -> (artifact id: '00000000000000000000000000000000') in 0.000809584 seconds
Import Error Code:(4)
Message: Build asset version error: assets/scripts/seguirwp.cs in SourceAssetDB has modification time of '2025-10-29T19:09:46Z' while content on disk has modification time of '2026-10-01T13:43:59Z'
  ERROR: Build asset version error: assets/scripts/seguirwp.cs in SourceAssetDB has modification time of '2025-10-29T19:09:46Z' while content on disk has modification time of '2026-10-01T13:43:59Z'
Number of updated asset objects reloaded before import = 0Number of asset objects unloaded after import = 0

========================================================================
Received Import Request.
  Time since last request: 0.003061 seconds.
  path: Assets/Scripts/SeguirWP.cs
  artifactKey: Guid(fa40b3335edfe834097929e9162e41d1) Importer(815301076,1909f56bfc062723c751e8b465ee728b)
Start importing Assets/Scripts/SeguirWP.cs using Guid(fa40b3335edfe834097929e9162e41d1) Importer(815301076,1909f56bfc062723c751e8b465ee728b) (PreviewImporter) -> (artifact id: '00000000000000000000000000000000') in 0.000590583 seconds
Import Error Code:(4)
Message: Build asset version error: assets/scripts/seguirwp.cs in SourceAssetDB has modification time of '2025-10-29T19:09:46Z' while content on disk has modification time of '2026-10-01T13:43:59Z'
  ERROR: Build asset version error: assets/scripts/seguirwp.cs in SourceAssetDB has modification time of '2025-10-29T19:09:46Z' while content on disk has modification time of '2026-10-01T13:43:59Z'
Number of updated asset objects reloaded before import = 0Number of asset objects unloaded after import = 0

========================================================================
Received Import Request.
  Time since last request: 0.004722 seconds.
  path: Assets/Scripts/SeguirWP.cs
  artifactKey: Guid(fa40b3335edfe834097929e9162e41d1) Importer(815301076,1909f56bfc062723c751e8b465ee728b)
Start importing Assets/Scripts/SeguirWP.cs using Guid(fa40b3335edfe834097929e9162e41d1) Importer(815301076,1909f56bfc062723c751e8b465ee728b) (PreviewImporter) -> (artifact id: '00000000000000000000000000000000') in 0.000771666 seconds
Import Error Code:(4)
Message: Build asset version error: assets/scripts/seguirwp.cs in SourceAssetDB has modification time of '2025-10-29T19:09:46Z' while content on disk has modification time of '2026-10-01T13:43:59Z'
  ERROR: Build asset version error: assets/scripts/seguirwp.cs in SourceAssetDB has modification time of '2025-10-29T19:09:46Z' while content on disk has modification time of '2026-10-01T13:43:59Z'
Number of updated asset objects reloaded before import = 0Number of asset objects unloaded after import = 0

========================================================================
Received Import Request.
  Time since last request: 0.005778 seconds.
  path: Assets/Scripts/SeguirWP.cs
  artifactKey: Guid(fa40b3335edfe834097929e9162e41d1) Importer(815301076,1909f56bfc062723c751e8b465ee728b)
Start importing Assets/Scripts/SeguirWP.cs using Guid(fa40b3335edfe834097929e9162e41d1) Importer(815301076,1909f56bfc062723c751e8b465ee728b) (PreviewImporter) -> (artifact id: '00000000000000000000000000000000') in 0.000934875 seconds
Import Error Code:(4)
Message: Build asset version error: assets/scripts/seguirwp.cs in SourceAssetDB has modification time of '2025-10-29T19:09:46Z' while content on disk has modification time of '2026-10-01T13:43:59Z'
  ERROR: Build asset version error: assets/scripts/seguirwp.cs in SourceAssetDB has modification time of '2025-10-29T19:09:46Z' while content on disk has modification time of '2026-10-01T13:43:59Z'
Number of updated asset objects reloaded before import = 0Number of asset objects unloaded after import = 0

========================================================================
Received Import Request.
  Time since last request: 0.015050 seconds.
  path: Assets/Scripts/SeguirWP.cs
  artifactKey: Guid(fa40b3335edfe834097929e9162e41d1) Importer(815301076,1909f56bfc062723c751e8b465ee728b)
Start importing Assets/Scripts/SeguirWP.cs using Guid(fa40b3335edfe834097929e9162e41d1) Importer(815301076,1909f56bfc062723c751e8b465ee728b) (PreviewImporter) -> (artifact id: '00000000000000000000000000000000') in 0.00099075 seconds
Import Error Code:(4)
Message: Build asset version error: assets/scripts/seguirwp.cs in SourceAssetDB has modification time of '2025-10-29T19:09:46Z' while content on disk has modification time of '2026-10-01T13:43:59Z'
  ERROR: Build asset version error: assets/scripts/seguirwp.cs in SourceAssetDB has modification time of '2025-10-29T19:09:46Z' while content on disk has modification time of '2026-10-01T13:43:59Z'
Number of updated asset objects reloaded before import = 0Number of asset objects unloaded after import = 0

========================================================================
Received Import Request.
  Time since last request: 0.001255 seconds.
  path: Assets/Scripts/SeguirWP.cs
  artifactKey: Guid(fa40b3335edfe834097929e9162e41d1) Importer(815301076,1909f56bfc062723c751e8b465ee728b)
Start importing Assets/Scripts/SeguirWP.cs using Guid(fa40b3335edfe834097929e9162e41d1) Importer(815301076,1909f56bfc062723c751e8b465ee728b) (PreviewImporter) -> (artifact id: '00000000000000000000000000000000') in 0.000968375 seconds
Import Error Code:(4)
Message: Build asset version error: assets/scripts/seguirwp.cs in SourceAssetDB has modification time of '2025-10-29T19:09:46Z' while content on disk has modification time of '2026-10-01T13:43:59Z'
  ERROR: Build asset version error: assets/scripts/seguirwp.cs in SourceAssetDB has modification time of '2025-10-29T19:09:46Z' while content on disk has modification time of '2026-10-01T13:43:59Z'
Number of updated asset objects reloaded before import = 0Number of asset objects unloaded after import = 0

========================================================================
Received Import Request.
  Time since last request: 0.007589 seconds.
  path: Assets/Scripts/SeguirWP.cs
  artifactKey: Guid(fa40b3335edfe834097929e9162e41d1) Importer(815301076,1909f56bfc062723c751e8b465ee728b)
Start importing Assets/Scripts/SeguirWP.cs using Guid(fa40b3335edfe834097929e9162e41d1) Importer(815301076,1909f56bfc062723c751e8b465ee728b) (PreviewImporter) -> (artifact id: '00000000000000000000000000000000') in 0.00070725 seconds
Import Error Code:(4)
Message: Build asset version error: assets/scripts/seguirwp.cs in SourceAssetDB has modification time of '2025-10-29T19:09:46Z' while content on disk has modification time of '2026-10-01T13:43:59Z'
  ERROR: Build asset version error: assets/scripts/seguirwp.cs in SourceAssetDB has modification time of '2025-10-29T19:09:46Z' while content on disk has modification time of '2026-10-01T13:43:59Z'
Number of updated asset objects reloaded before import = 0Number of asset objects unloaded after import = 0

========================================================================
Received Import Request.
  Time since last request: 0.000937 seconds.
  path: Assets/Scripts/SeguirWP.cs
  artifactKey: Guid(fa40b3335edfe834097929e9162e41d1) Importer(815301076,1909f56bfc062723c751e8b465ee728b)
Start importing Assets/Scripts/SeguirWP.cs using Guid(fa40b3335edfe834097929e9162e41d1) Importer(815301076,1909f56bfc062723c751e8b465ee728b) (PreviewImporter) -> (artifact id: '00000000000000000000000000000000') in 0.000981084 seconds
Import Error Code:(4)
Message: Build asset version error: assets/scripts/seguirwp.cs in SourceAssetDB has modification time of '2025-10-29T19:09:46Z' while content on disk has modification time of '2026-10-01T13:43:59Z'
  ERROR: Build asset version error: assets/scripts/seguirwp.cs in SourceAssetDB has modification time of '2025-10-29T19:09:46Z' while content on disk has modification time of '2026-10-01T13:43:59Z'
Number of updated asset objects reloaded before import = 0Number of asset objects unloaded after import = 0

========================================================================
Received Import Request.
  Time since last request: 0.006593 seconds.
  path: Assets/Scripts/SeguirWP.cs
  artifactKey: Guid(fa40b3335edfe834097929e9162e41d1) Importer(815301076,1909f56bfc062723c751e8b465ee728b)
Start importing Assets/Scripts/SeguirWP.cs using Guid(fa40b3335edfe834097929e9162e41d1) Importer(815301076,1909f56bfc062723c751e8b465ee728b) (PreviewImporter) -> (artifact id: '00000000000000000000000000000000') in 0.000873541 seconds
Import Error Code:(4)
Message: Build asset version error: assets/scripts/seguirwp.cs in SourceAssetDB has modification time of '2025-10-29T19:09:46Z' while content on disk has modification time of '2026-10-01T13:43:59Z'
  ERROR: Build asset version error: assets/scripts/seguirwp.cs in SourceAssetDB has modification time of '2025-10-29T19:09:46Z' while content on disk has modification time of '2026-10-01T13:43:59Z'
Number of updated asset objects reloaded before import = 0Number of asset objects unloaded after import = 0

========================================================================
Received Import Request.
  Time since last request: 0.001831 seconds.
  path: Assets/Scripts/SeguirWP.cs
  artifactKey: Guid(fa40b3335edfe834097929e9162e41d1) Importer(815301076,1909f56bfc062723c751e8b465ee728b)
Start importing Assets/Scripts/SeguirWP.cs using Guid(fa40b3335edfe834097929e9162e41d1) Importer(815301076,1909f56bfc062723c751e8b465ee728b) (PreviewImporter) -> (artifact id: '00000000000000000000000000000000') in 0.000709208 seconds
Import Error Code:(4)
Message: Build asset version error: assets/scripts/seguirwp.cs in SourceAssetDB has modification time of '2025-10-29T19:09:46Z' while content on disk has modification time of '2026-10-01T13:43:59Z'
  ERROR: Build asset version error: assets/scripts/seguirwp.cs in SourceAssetDB has modification time of '2025-10-29T19:09:46Z' while content on disk has modification time of '2026-10-01T13:43:59Z'
Number of updated asset objects reloaded before import = 0Number of asset objects unloaded after import = 0

========================================================================
Received Import Request.
  Time since last request: 0.019243 seconds.
  path: Assets/Scripts/SeguirWP.cs
  artifactKey: Guid(fa40b3335edfe834097929e9162e41d1) Importer(815301076,1909f56bfc062723c751e8b465ee728b)
Start importing Assets/Scripts/SeguirWP.cs using Guid(fa40b3335edfe834097929e9162e41d1) Importer(815301076,1909f56bfc062723c751e8b465ee728b) (PreviewImporter) -> (artifact id: '00000000000000000000000000000000') in 0.000724458 seconds
Import Error Code:(4)
Message: Build asset version error: assets/scripts/seguirwp.cs in SourceAssetDB has modification time of '2025-10-29T19:09:46Z' while content on disk has modification time of '2026-10-01T13:43:59Z'
  ERROR: Build asset version error: assets/scripts/seguirwp.cs in SourceAssetDB has modification time of '2025-10-29T19:09:46Z' while content on disk has modification time of '2026-10-01T13:43:59Z'
Number of updated asset objects reloaded before import = 0Number of asset objects unloaded after import = 0

========================================================================
Received Import Request.
  Time since last request: 0.002143 seconds.
  path: Assets/Scripts/SeguirWP.cs
  artifactKey: Guid(fa40b3335edfe834097929e9162e41d1) Importer(815301076,1909f56bfc062723c751e8b465ee728b)
Start importing Assets/Scripts/SeguirWP.cs using Guid(fa40b3335edfe834097929e9162e41d1) Importer(815301076,1909f56bfc062723c751e8b465ee728b) (PreviewImporter) -> (artifact id: '00000000000000000000000000000000') in 0.002321667 seconds
Import Error Code:(4)
Message: Build asset version error: assets/scripts/seguirwp.cs in SourceAssetDB has modification time of '2025-10-29T19:09:46Z' while content on disk has modification time of '2026-10-01T13:43:59Z'
  ERROR: Build asset version error: assets/scripts/seguirwp.cs in SourceAssetDB has modification time of '2025-10-29T19:09:46Z' while content on disk has modification time of '2026-10-01T13:43:59Z'
Number of updated asset objects reloaded before import = 0Number of asset objects unloaded after import = 0

========================================================================
Received Import Request.
  Time since last request: 0.004340 seconds.
  path: Assets/Scripts/SeguirWP.cs
  artifactKey: Guid(fa40b3335edfe834097929e9162e41d1) Importer(815301076,1909f56bfc062723c751e8b465ee728b)
Start importing Assets/Scripts/SeguirWP.cs using Guid(fa40b3335edfe834097929e9162e41d1) Importer(815301076,1909f56bfc062723c751e8b465ee728b) (PreviewImporter) -> (artifact id: '00000000000000000000000000000000') in 0.001150792 seconds
Import Error Code:(4)
Message: Build asset version error: assets/scripts/seguirwp.cs in SourceAssetDB has modification time of '2025-10-29T19:09:46Z' while content on disk has modification time of '2026-10-01T13:43:59Z'
  ERROR: Build asset version error: assets/scripts/seguirwp.cs in SourceAssetDB has modification time of '2025-10-29T19:09:46Z' while content on disk has modification time of '2026-10-01T13:43:59Z'
Number of updated asset objects reloaded before import = 0Number of asset objects unloaded after import = 0

========================================================================
Received Import Request.
  Time since last request: 0.001744 seconds.
  path: Assets/Scripts/SeguirWP.cs
  artifactKey: Guid(fa40b3335edfe834097929e9162e41d1) Importer(815301076,1909f56bfc062723c751e8b465ee728b)
Start importing Assets/Scripts/SeguirWP.cs using Guid(fa40b3335edfe834097929e9162e41d1) Importer(815301076,1909f56bfc062723c751e8b465ee728b) (PreviewImporter) -> (artifact id: '00000000000000000000000000000000') in 0.001623 seconds
Import Error Code:(4)
Message: Build asset version error: assets/scripts/seguirwp.cs in SourceAssetDB has modification time of '2025-10-29T19:09:46Z' while content on disk has modification time of '2026-10-01T13:43:59Z'
  ERROR: Build asset version error: assets/scripts/seguirwp.cs in SourceAssetDB has modification time of '2025-10-29T19:09:46Z' while content on disk has modification time of '2026-10-01T13:43:59Z'
Number of updated asset objects reloaded before import = 0Number of asset objects unloaded after import = 0

========================================================================
Received Import Request.
  Time since last request: 0.004875 seconds.
  path: Assets/Scripts/SeguirWP.cs
  artifactKey: Guid(fa40b3335edfe834097929e9162e41d1) Importer(815301076,1909f56bfc062723c751e8b465ee728b)
Start importing Assets/Scripts/SeguirWP.cs using Guid(fa40b3335edfe834097929e9162e41d1) Importer(815301076,1909f56bfc062723c751e8b465ee728b) (PreviewImporter) -> (artifact id: '00000000000000000000000000000000') in 0.001594917 seconds
Import Error Code:(4)
Message: Build asset version error: assets/scripts/seguirwp.cs in SourceAssetDB has modification time of '2025-10-29T19:09:46Z' while content on disk has modification time of '2026-10-01T13:43:59Z'
  ERROR: Build asset version error: assets/scripts/seguirwp.cs in SourceAssetDB has modification time of '2025-10-29T19:09:46Z' while content on disk has modification time of '2026-10-01T13:43:59Z'
Number of updated asset objects reloaded before import = 0Number of asset objects unloaded after import = 0

========================================================================
Received Import Request.
  Time since last request: 0.004513 seconds.
  path: Assets/Scripts/SeguirWP.cs
  artifactKey: Guid(fa40b3335edfe834097929e9162e41d1) Importer(815301076,1909f56bfc062723c751e8b465ee728b)
Start importing Assets/Scripts/SeguirWP.cs using Guid(fa40b3335edfe834097929e9162e41d1) Importer(815301076,1909f56bfc062723c751e8b465ee728b) (PreviewImporter) -> (artifact id: '00000000000000000000000000000000') in 0.0007215 seconds
Import Error Code:(4)
Message: Build asset version error: assets/scripts/seguirwp.cs in SourceAssetDB has modification time of '2025-10-29T19:09:46Z' while content on disk has modification time of '2026-10-01T13:43:59Z'
  ERROR: Build asset version error: assets/scripts/seguirwp.cs in SourceAssetDB has modification time of '2025-10-29T19:09:46Z' while content on disk has modification time of '2026-10-01T13:43:59Z'
Number of updated asset objects reloaded before import = 0Number of asset objects unloaded after import = 0

========================================================================
Received Import Request.
  Time since last request: 0.012812 seconds.
  path: Assets/Scripts/SeguirWP.cs
  artifactKey: Guid(fa40b3335edfe834097929e9162e41d1) Importer(815301076,1909f56bfc062723c751e8b465ee728b)
Start importing Assets/Scripts/SeguirWP.cs using Guid(fa40b3335edfe834097929e9162e41d1) Importer(815301076,1909f56bfc062723c751e8b465ee728b) (PreviewImporter) -> (artifact id: '00000000000000000000000000000000') in 0.000901375 seconds
Import Error Code:(4)
Message: Build asset version error: assets/scripts/seguirwp.cs in SourceAssetDB has modification time of '2025-10-29T19:09:46Z' while content on disk has modification time of '2026-10-01T13:43:59Z'
  ERROR: Build asset version error: assets/scripts/seguirwp.cs in SourceAssetDB has modification time of '2025-10-29T19:09:46Z' while content on disk has modification time of '2026-10-01T13:43:59Z'
Number of updated asset objects reloaded before import = 0Number of asset objects unloaded after import = 0

========================================================================
Received Import Request.
  Time since last request: 0.004643 seconds.
  path: Assets/Scripts/SeguirWP.cs
  artifactKey: Guid(fa40b3335edfe834097929e9162e41d1) Importer(815301076,1909f56bfc062723c751e8b465ee728b)
Start importing Assets/Scripts/SeguirWP.cs using Guid(fa40b3335edfe834097929e9162e41d1) Importer(815301076,1909f56bfc062723c751e8b465ee728b) (PreviewImporter) -> (artifact id: '00000000000000000000000000000000') in 0.000753334 seconds
Import Error Code:(4)
Message: Build asset version error: assets/scripts/seguirwp.cs in SourceAssetDB has modification time of '2025-10-29T19:09:46Z' while content on disk has modification time of '2026-10-01T13:43:59Z'
  ERROR: Build asset version error: assets/scripts/seguirwp.cs in SourceAssetDB has modification time of '2025-10-29T19:09:46Z' while content on disk has modification time of '2026-10-01T13:43:59Z'
Number of updated asset objects reloaded before import = 0Number of asset objects unloaded after import = 0

========================================================================
Received Import Request.
  Time since last request: 0.002980 seconds.
  path: Assets/Scripts/SeguirWP.cs
  artifactKey: Guid(fa40b3335edfe834097929e9162e41d1) Importer(815301076,1909f56bfc062723c751e8b465ee728b)
Start importing Assets/Scripts/SeguirWP.cs using Guid(fa40b3335edfe834097929e9162e41d1) Importer(815301076,1909f56bfc062723c751e8b465ee728b) (PreviewImporter) -> (artifact id: '00000000000000000000000000000000') in 0.001108416 seconds
Import Error Code:(4)
Message: Build asset version error: assets/scripts/seguirwp.cs in SourceAssetDB has modification time of '2025-10-29T19:09:46Z' while content on disk has modification time of '2026-10-01T13:43:59Z'
  ERROR: Build asset version error: assets/scripts/seguirwp.cs in SourceAssetDB has modification time of '2025-10-29T19:09:46Z' while content on disk has modification time of '2026-10-01T13:43:59Z'
Number of updated asset objects reloaded before import = 0Number of asset objects unloaded after import = 0

========================================================================
Received Import Request.
  Time since last request: 0.000737 seconds.
  path: Assets/Scripts/SeguirWP.cs
  artifactKey: Guid(fa40b3335edfe834097929e9162e41d1) Importer(815301076,1909f56bfc062723c751e8b465ee728b)
Start importing Assets/Scripts/SeguirWP.cs using Guid(fa40b3335edfe834097929e9162e41d1) Importer(815301076,1909f56bfc062723c751e8b465ee728b) (PreviewImporter) -> (artifact id: '00000000000000000000000000000000') in 0.0007965 seconds
Import Error Code:(4)
Message: Build asset version error: assets/scripts/seguirwp.cs in SourceAssetDB has modification time of '2025-10-29T19:09:46Z' while content on disk has modification time of '2026-10-01T13:43:59Z'
  ERROR: Build asset version error: assets/scripts/seguirwp.cs in SourceAssetDB has modification time of '2025-10-29T19:09:46Z' while content on disk has modification time of '2026-10-01T13:43:59Z'
Number of updated asset objects reloaded before import = 0Number of asset objects unloaded after import = 0

========================================================================
Received Import Request.
  Time since last request: 0.002320 seconds.
  path: Assets/Scripts/SeguirWP.cs
  artifactKey: Guid(fa40b3335edfe834097929e9162e41d1) Importer(815301076,1909f56bfc062723c751e8b465ee728b)
Start importing Assets/Scripts/SeguirWP.cs using Guid(fa40b3335edfe834097929e9162e41d1) Importer(815301076,1909f56bfc062723c751e8b465ee728b) (PreviewImporter) -> (artifact id: '00000000000000000000000000000000') in 0.001335041 seconds
Import Error Code:(4)
Message: Build asset version error: assets/scripts/seguirwp.cs in SourceAssetDB has modification time of '2025-10-29T19:09:46Z' while content on disk has modification time of '2026-10-01T13:43:59Z'
  ERROR: Build asset version error: assets/scripts/seguirwp.cs in SourceAssetDB has modification time of '2025-10-29T19:09:46Z' while content on disk has modification time of '2026-10-01T13:43:59Z'
Number of updated asset objects reloaded before import = 0Number of asset objects unloaded after import = 0

========================================================================
Received Import Request.
  Time since last request: 0.005120 seconds.
  path: Assets/Scripts/SeguirWP.cs
  artifactKey: Guid(fa40b3335edfe834097929e9162e41d1) Importer(815301076,1909f56bfc062723c751e8b465ee728b)
Start importing Assets/Scripts/SeguirWP.cs using Guid(fa40b3335edfe834097929e9162e41d1) Importer(815301076,1909f56bfc062723c751e8b465ee728b) (PreviewImporter) -> (artifact id: '00000000000000000000000000000000') in 0.000889125 seconds
Import Error Code:(4)
Message: Build asset version error: assets/scripts/seguirwp.cs in SourceAssetDB has modification time of '2025-10-29T19:09:46Z' while content on disk has modification time of '2026-10-01T13:43:59Z'
  ERROR: Build asset version error: assets/scripts/seguirwp.cs in SourceAssetDB has modification time of '2025-10-29T19:09:46Z' while content on disk has modification time of '2026-10-01T13:43:59Z'
Number of updated asset objects reloaded before import = 0Number of asset objects unloaded after import = 0

========================================================================
Received Import Request.
  Time since last request: 0.002375 seconds.
  path: Assets/Scripts/SeguirWP.cs
  artifactKey: Guid(fa40b3335edfe834097929e9162e41d1) Importer(815301076,1909f56bfc062723c751e8b465ee728b)
Start importing Assets/Scripts/SeguirWP.cs using Guid(fa40b3335edfe834097929e9162e41d1) Importer(815301076,1909f56bfc062723c751e8b465ee728b) (PreviewImporter) -> (artifact id: '00000000000000000000000000000000') in 0.000824417 seconds
Import Error Code:(4)
Message: Build asset version error: assets/scripts/seguirwp.cs in SourceAssetDB has modification time of '2025-10-29T19:09:46Z' while content on disk has modification time of '2026-10-01T13:43:59Z'
  ERROR: Build asset version error: assets/scripts/seguirwp.cs in SourceAssetDB has modification time of '2025-10-29T19:09:46Z' while content on disk has modification time of '2026-10-01T13:43:59Z'
Number of updated asset objects reloaded before import = 0Number of asset objects unloaded after import = 0

========================================================================
Received Import Request.
  Time since last request: 0.001337 seconds.
  path: Assets/Scripts/SeguirWP.cs
  artifactKey: Guid(fa40b3335edfe834097929e9162e41d1) Importer(815301076,1909f56bfc062723c751e8b465ee728b)
Start importing Assets/Scripts/SeguirWP.cs using Guid(fa40b3335edfe834097929e9162e41d1) Importer(815301076,1909f56bfc062723c751e8b465ee728b) (PreviewImporter) -> (artifact id: '00000000000000000000000000000000') in 0.000635209 seconds
Import Error Code:(4)
Message: Build asset version error: assets/scripts/seguirwp.cs in SourceAssetDB has modification time of '2025-10-29T19:09:46Z' while content on disk has modification time of '2026-10-01T13:43:59Z'
  ERROR: Build asset version error: assets/scripts/seguirwp.cs in SourceAssetDB has modification time of '2025-10-29T19:09:46Z' while content on disk has modification time of '2026-10-01T13:43:59Z'
Number of updated asset objects reloaded before import = 0Number of asset objects unloaded after import = 0

========================================================================
Received Import Request.
  Time since last request: 0.014985 seconds.
  path: Assets/Scripts/SeguirWP.cs
  artifactKey: Guid(fa40b3335edfe834097929e9162e41d1) Importer(815301076,1909f56bfc062723c751e8b465ee728b)
Start importing Assets/Scripts/SeguirWP.cs using Guid(fa40b3335edfe834097929e9162e41d1) Importer(815301076,1909f56bfc062723c751e8b465ee728b) (PreviewImporter) -> (artifact id: '00000000000000000000000000000000') in 0.001218958 seconds
Import Error Code:(4)
Message: Build asset version error: assets/scripts/seguirwp.cs in SourceAssetDB has modification time of '2025-10-29T19:09:46Z' while content on disk has modification time of '2026-10-01T13:43:59Z'
  ERROR: Build asset version error: assets/scripts/seguirwp.cs in SourceAssetDB has modification time of '2025-10-29T19:09:46Z' while content on disk has modification time of '2026-10-01T13:43:59Z'
Number of updated asset objects reloaded before import = 0Number of asset objects unloaded after import = 0

========================================================================
Received Import Request.
  Time since last request: 0.003635 seconds.
  path: Assets/Scripts/SeguirWP.cs
  artifactKey: Guid(fa40b3335edfe834097929e9162e41d1) Importer(815301076,1909f56bfc062723c751e8b465ee728b)
Start importing Assets/Scripts/SeguirWP.cs using Guid(fa40b3335edfe834097929e9162e41d1) Importer(815301076,1909f56bfc062723c751e8b465ee728b) (PreviewImporter) -> (artifact id: '00000000000000000000000000000000') in 0.000947916 seconds
Import Error Code:(4)
Message: Build asset version error: assets/scripts/seguirwp.cs in SourceAssetDB has modification time of '2025-10-29T19:09:46Z' while content on disk has modification time of '2026-10-01T13:43:59Z'
  ERROR: Build asset version error: assets/scripts/seguirwp.cs in SourceAssetDB has modification time of '2025-10-29T19:09:46Z' while content on disk has modification time of '2026-10-01T13:43:59Z'
Number of updated asset objects reloaded before import = 0Number of asset objects unloaded after import = 0

========================================================================
Received Import Request.
  Time since last request: 0.001834 seconds.
  path: Assets/Scripts/SeguirWP.cs
  artifactKey: Guid(fa40b3335edfe834097929e9162e41d1) Importer(815301076,1909f56bfc062723c751e8b465ee728b)
Start importing Assets/Scripts/SeguirWP.cs using Guid(fa40b3335edfe834097929e9162e41d1) Importer(815301076,1909f56bfc062723c751e8b465ee728b) (PreviewImporter) -> (artifact id: '00000000000000000000000000000000') in 0.000616083 seconds
Import Error Code:(4)
Message: Build asset version error: assets/scripts/seguirwp.cs in SourceAssetDB has modification time of '2025-10-29T19:09:46Z' while content on disk has modification time of '2026-10-01T13:43:59Z'
  ERROR: Build asset version error: assets/scripts/seguirwp.cs in SourceAssetDB has modification time of '2025-10-29T19:09:46Z' while content on disk has modification time of '2026-10-01T13:43:59Z'
Number of updated asset objects reloaded before import = 0Number of asset objects unloaded after import = 0

========================================================================
Received Import Request.
  Time since last request: 0.000664 seconds.
  path: Assets/Scripts/SeguirWP.cs
  artifactKey: Guid(fa40b3335edfe834097929e9162e41d1) Importer(815301076,1909f56bfc062723c751e8b465ee728b)
Start importing Assets/Scripts/SeguirWP.cs using Guid(fa40b3335edfe834097929e9162e41d1) Importer(815301076,1909f56bfc062723c751e8b465ee728b) (PreviewImporter) -> (artifact id: '00000000000000000000000000000000') in 0.000668708 seconds
Import Error Code:(4)
Message: Build asset version error: assets/scripts/seguirwp.cs in SourceAssetDB has modification time of '2025-10-29T19:09:46Z' while content on disk has modification time of '2026-10-01T13:43:59Z'
  ERROR: Build asset version error: assets/scripts/seguirwp.cs in SourceAssetDB has modification time of '2025-10-29T19:09:46Z' while content on disk has modification time of '2026-10-01T13:43:59Z'
Number of updated asset objects reloaded before import = 0Number of asset objects unloaded after import = 0

========================================================================
Received Import Request.
  Time since last request: 0.000605 seconds.
  path: Assets/Scripts/SeguirWP.cs
  artifactKey: Guid(fa40b3335edfe834097929e9162e41d1) Importer(815301076,1909f56bfc062723c751e8b465ee728b)
Start importing Assets/Scripts/SeguirWP.cs using Guid(fa40b3335edfe834097929e9162e41d1) Importer(815301076,1909f56bfc062723c751e8b465ee728b) (PreviewImporter) -> (artifact id: '00000000000000000000000000000000') in 0.000734 seconds
Import Error Code:(4)
Message: Build asset version error: assets/scripts/seguirwp.cs in SourceAssetDB has modification time of '2025-10-29T19:09:46Z' while content on disk has modification time of '2026-10-01T13:43:59Z'
  ERROR: Build asset version error: assets/scripts/seguirwp.cs in SourceAssetDB has modification time of '2025-10-29T19:09:46Z' while content on disk has modification time of '2026-10-01T13:43:59Z'
Number of updated asset objects reloaded before import = 0Number of asset objects unloaded after import = 0

========================================================================
Received Import Request.
  Time since last request: 0.007009 seconds.
  path: Assets/Scripts/SeguirWP.cs
  artifactKey: Guid(fa40b3335edfe834097929e9162e41d1) Importer(815301076,1909f56bfc062723c751e8b465ee728b)
Start importing Assets/Scripts/SeguirWP.cs using Guid(fa40b3335edfe834097929e9162e41d1) Importer(815301076,1909f56bfc062723c751e8b465ee728b) (PreviewImporter) -> (artifact id: '00000000000000000000000000000000') in 0.000561083 seconds
Import Error Code:(4)
Message: Build asset version error: assets/scripts/seguirwp.cs in SourceAssetDB has modification time of '2025-10-29T19:09:46Z' while content on disk has modification time of '2026-10-01T13:43:59Z'
  ERROR: Build asset version error: assets/scripts/seguirwp.cs in SourceAssetDB has modification time of '2025-10-29T19:09:46Z' while content on disk has modification time of '2026-10-01T13:43:59Z'
Number of updated asset objects reloaded before import = 0Number of asset objects unloaded after import = 0

========================================================================
Received Import Request.
  Time since last request: 0.002354 seconds.
  path: Assets/Scripts/SeguirWP.cs
  artifactKey: Guid(fa40b3335edfe834097929e9162e41d1) Importer(815301076,1909f56bfc062723c751e8b465ee728b)
Start importing Assets/Scripts/SeguirWP.cs using Guid(fa40b3335edfe834097929e9162e41d1) Importer(815301076,1909f56bfc062723c751e8b465ee728b) (PreviewImporter) -> (artifact id: '00000000000000000000000000000000') in 0.00135725 seconds
Import Error Code:(4)
Message: Build asset version error: assets/scripts/seguirwp.cs in SourceAssetDB has modification time of '2025-10-29T19:09:46Z' while content on disk has modification time of '2026-10-01T13:43:59Z'
  ERROR: Build asset version error: assets/scripts/seguirwp.cs in SourceAssetDB has modification time of '2025-10-29T19:09:46Z' while content on disk has modification time of '2026-10-01T13:43:59Z'
Number of updated asset objects reloaded before import = 0Number of asset objects unloaded after import = 0

========================================================================
Received Import Request.
  Time since last request: 0.004764 seconds.
  path: Assets/Scripts/SeguirWP.cs
  artifactKey: Guid(fa40b3335edfe834097929e9162e41d1) Importer(815301076,1909f56bfc062723c751e8b465ee728b)
Start importing Assets/Scripts/SeguirWP.cs using Guid(fa40b3335edfe834097929e9162e41d1) Importer(815301076,1909f56bfc062723c751e8b465ee728b) (PreviewImporter) -> (artifact id: '00000000000000000000000000000000') in 0.00100275 seconds
Import Error Code:(4)
Message: Build asset version error: assets/scripts/seguirwp.cs in SourceAssetDB has modification time of '2025-10-29T19:09:46Z' while content on disk has modification time of '2026-10-01T13:43:59Z'
  ERROR: Build asset version error: assets/scripts/seguirwp.cs in SourceAssetDB has modification time of '2025-10-29T19:09:46Z' while content on disk has modification time of '2026-10-01T13:43:59Z'
Number of updated asset objects reloaded before import = 0Number of asset objects unloaded after import = 0

========================================================================
Received Import Request.
  Time since last request: 0.004110 seconds.
  path: Assets/Scripts/SeguirWP.cs
  artifactKey: Guid(fa40b3335edfe834097929e9162e41d1) Importer(815301076,1909f56bfc062723c751e8b465ee728b)
Start importing Assets/Scripts/SeguirWP.cs using Guid(fa40b3335edfe834097929e9162e41d1) Importer(815301076,1909f56bfc062723c751e8b465ee728b) (PreviewImporter) -> (artifact id: '00000000000000000000000000000000') in 0.001076541 seconds
Import Error Code:(4)
Message: Build asset version error: assets/scripts/seguirwp.cs in SourceAssetDB has modification time of '2025-10-29T19:09:46Z' while content on disk has modification time of '2026-10-01T13:43:59Z'
  ERROR: Build asset version error: assets/scripts/seguirwp.cs in SourceAssetDB has modification time of '2025-10-29T19:09:46Z' while content on disk has modification time of '2026-10-01T13:43:59Z'
Number of updated asset objects reloaded before import = 0Number of asset objects unloaded after import = 0

========================================================================
Received Import Request.
  Time since last request: 0.004068 seconds.
  path: Assets/Scripts/SeguirWP.cs
  artifactKey: Guid(fa40b3335edfe834097929e9162e41d1) Importer(815301076,1909f56bfc062723c751e8b465ee728b)
Start importing Assets/Scripts/SeguirWP.cs using Guid(fa40b3335edfe834097929e9162e41d1) Importer(815301076,1909f56bfc062723c751e8b465ee728b) (PreviewImporter) -> (artifact id: '00000000000000000000000000000000') in 0.000571375 seconds
Import Error Code:(4)
Message: Build asset version error: assets/scripts/seguirwp.cs in SourceAssetDB has modification time of '2025-10-29T19:09:46Z' while content on disk has modification time of '2026-10-01T13:43:59Z'
  ERROR: Build asset version error: assets/scripts/seguirwp.cs in SourceAssetDB has modification time of '2025-10-29T19:09:46Z' while content on disk has modification time of '2026-10-01T13:43:59Z'
Number of updated asset objects reloaded before import = 0Number of asset objects unloaded after import = 0

========================================================================
Received Import Request.
  Time since last request: 0.004754 seconds.
  path: Assets/Scripts/SeguirWP.cs
  artifactKey: Guid(fa40b3335edfe834097929e9162e41d1) Importer(815301076,1909f56bfc062723c751e8b465ee728b)
Start importing Assets/Scripts/SeguirWP.cs using Guid(fa40b3335edfe834097929e9162e41d1) Importer(815301076,1909f56bfc062723c751e8b465ee728b) (PreviewImporter) -> (artifact id: '00000000000000000000000000000000') in 0.000442625 seconds
Import Error Code:(4)
Message: Build asset version error: assets/scripts/seguirwp.cs in SourceAssetDB has modification time of '2025-10-29T19:09:46Z' while content on disk has modification time of '2026-10-01T13:43:59Z'
  ERROR: Build asset version error: assets/scripts/seguirwp.cs in SourceAssetDB has modification time of '2025-10-29T19:09:46Z' while content on disk has modification time of '2026-10-01T13:43:59Z'
Number of updated asset objects reloaded before import = 0Number of asset objects unloaded after import = 0

========================================================================
Received Import Request.
  Time since last request: 0.004169 seconds.
  path: Assets/Scripts/SeguirWP.cs
  artifactKey: Guid(fa40b3335edfe834097929e9162e41d1) Importer(815301076,1909f56bfc062723c751e8b465ee728b)
Start importing Assets/Scripts/SeguirWP.cs using Guid(fa40b3335edfe834097929e9162e41d1) Importer(815301076,1909f56bfc062723c751e8b465ee728b) (PreviewImporter) -> (artifact id: '00000000000000000000000000000000') in 0.000744625 seconds
Import Error Code:(4)
Message: Build asset version error: assets/scripts/seguirwp.cs in SourceAssetDB has modification time of '2025-10-29T19:09:46Z' while content on disk has modification time of '2026-10-01T13:43:59Z'
  ERROR: Build asset version error: assets/scripts/seguirwp.cs in SourceAssetDB has modification time of '2025-10-29T19:09:46Z' while content on disk has modification time of '2026-10-01T13:43:59Z'
Number of updated asset objects reloaded before import = 0Number of asset objects unloaded after import = 0

========================================================================
Received Import Request.
  Time since last request: 0.006982 seconds.
  path: Assets/Scripts/SeguirWP.cs
  artifactKey: Guid(fa40b3335edfe834097929e9162e41d1) Importer(815301076,1909f56bfc062723c751e8b465ee728b)
Start importing Assets/Scripts/SeguirWP.cs using Guid(fa40b3335edfe834097929e9162e41d1) Importer(815301076,1909f56bfc062723c751e8b465ee728b) (PreviewImporter) -> (artifact id: '00000000000000000000000000000000') in 0.000483709 seconds
Import Error Code:(4)
Message: Build asset version error: assets/scripts/seguirwp.cs in SourceAssetDB has modification time of '2025-10-29T19:09:46Z' while content on disk has modification time of '2026-10-01T13:43:59Z'
  ERROR: Build asset version error: assets/scripts/seguirwp.cs in SourceAssetDB has modification time of '2025-10-29T19:09:46Z' while content on disk has modification time of '2026-10-01T13:43:59Z'
Number of updated asset objects reloaded before import = 0Number of asset objects unloaded after import = 0

========================================================================
Received Import Request.
  Time since last request: 0.002101 seconds.
  path: Assets/Scripts/SeguirWP.cs
  artifactKey: Guid(fa40b3335edfe834097929e9162e41d1) Importer(815301076,1909f56bfc062723c751e8b465ee728b)
Start importing Assets/Scripts/SeguirWP.cs using Guid(fa40b3335edfe834097929e9162e41d1) Importer(815301076,1909f56bfc062723c751e8b465ee728b) (PreviewImporter) -> (artifact id: '00000000000000000000000000000000') in 0.000442583 seconds
Import Error Code:(4)
Message: Build asset version error: assets/scripts/seguirwp.cs in SourceAssetDB has modification time of '2025-10-29T19:09:46Z' while content on disk has modification time of '2026-10-01T13:43:59Z'
  ERROR: Build asset version error: assets/scripts/seguirwp.cs in SourceAssetDB has modification time of '2025-10-29T19:09:46Z' while content on disk has modification time of '2026-10-01T13:43:59Z'
Number of updated asset objects reloaded before import = 0Number of asset objects unloaded after import = 0

========================================================================
Received Import Request.
  Time since last request: 0.008192 seconds.
  path: Assets/Scripts/SeguirWP.cs
  artifactKey: Guid(fa40b3335edfe834097929e9162e41d1) Importer(815301076,1909f56bfc062723c751e8b465ee728b)
Start importing Assets/Scripts/SeguirWP.cs using Guid(fa40b3335edfe834097929e9162e41d1) Importer(815301076,1909f56bfc062723c751e8b465ee728b) (PreviewImporter) -> (artifact id: '00000000000000000000000000000000') in 0.000689875 seconds
Import Error Code:(4)
Message: Build asset version error: assets/scripts/seguirwp.cs in SourceAssetDB has modification time of '2025-10-29T19:09:46Z' while content on disk has modification time of '2026-10-01T13:43:59Z'
  ERROR: Build asset version error: assets/scripts/seguirwp.cs in SourceAssetDB has modification time of '2025-10-29T19:09:46Z' while content on disk has modification time of '2026-10-01T13:43:59Z'
Number of updated asset objects reloaded before import = 0Number of asset objects unloaded after import = 0

========================================================================
Received Import Request.
  Time since last request: 0.004925 seconds.
  path: Assets/Scripts/SeguirWP.cs
  artifactKey: Guid(fa40b3335edfe834097929e9162e41d1) Importer(815301076,1909f56bfc062723c751e8b465ee728b)
Start importing Assets/Scripts/SeguirWP.cs using Guid(fa40b3335edfe834097929e9162e41d1) Importer(815301076,1909f56bfc062723c751e8b465ee728b) (PreviewImporter) -> (artifact id: '00000000000000000000000000000000') in 0.000765042 seconds
Import Error Code:(4)
Message: Build asset version error: assets/scripts/seguirwp.cs in SourceAssetDB has modification time of '2025-10-29T19:09:46Z' while content on disk has modification time of '2026-10-01T13:43:59Z'
  ERROR: Build asset version error: assets/scripts/seguirwp.cs in SourceAssetDB has modification time of '2025-10-29T19:09:46Z' while content on disk has modification time of '2026-10-01T13:43:59Z'
Number of updated asset objects reloaded before import = 0Number of asset objects unloaded after import = 0

========================================================================
Received Import Request.
  Time since last request: 0.006474 seconds.
  path: Assets/Scripts/SeguirWP.cs
  artifactKey: Guid(fa40b3335edfe834097929e9162e41d1) Importer(815301076,1909f56bfc062723c751e8b465ee728b)
Start importing Assets/Scripts/SeguirWP.cs using Guid(fa40b3335edfe834097929e9162e41d1) Importer(815301076,1909f56bfc062723c751e8b465ee728b) (PreviewImporter) -> (artifact id: '00000000000000000000000000000000') in 0.000393708 seconds
Import Error Code:(4)
Message: Build asset version error: assets/scripts/seguirwp.cs in SourceAssetDB has modification time of '2025-10-29T19:09:46Z' while content on disk has modification time of '2026-10-01T13:43:59Z'
  ERROR: Build asset version error: assets/scripts/seguirwp.cs in SourceAssetDB has modification time of '2025-10-29T19:09:46Z' while content on disk has modification time of '2026-10-01T13:43:59Z'
Number of updated asset objects reloaded before import = 0Number of asset objects unloaded after import = 0

========================================================================
Received Import Request.
  Time since last request: 0.007008 seconds.
  path: Assets/Scripts/SeguirWP.cs
  artifactKey: Guid(fa40b3335edfe834097929e9162e41d1) Importer(815301076,1909f56bfc062723c751e8b465ee728b)
Start importing Assets/Scripts/SeguirWP.cs using Guid(fa40b3335edfe834097929e9162e41d1) Importer(815301076,1909f56bfc062723c751e8b465ee728b) (PreviewImporter) -> (artifact id: '00000000000000000000000000000000') in 0.000456375 seconds
Import Error Code:(4)
Message: Build asset version error: assets/scripts/seguirwp.cs in SourceAssetDB has modification time of '2025-10-29T19:09:46Z' while content on disk has modification time of '2026-10-01T13:43:59Z'
  ERROR: Build asset version error: assets/scripts/seguirwp.cs in SourceAssetDB has modification time of '2025-10-29T19:09:46Z' while content on disk has modification time of '2026-10-01T13:43:59Z'
Number of updated asset objects reloaded before import = 0Number of asset objects unloaded after import = 0

========================================================================
Received Import Request.
  Time since last request: 0.003507 seconds.
  path: Assets/Scripts/SeguirWP.cs
  artifactKey: Guid(fa40b3335edfe834097929e9162e41d1) Importer(815301076,1909f56bfc062723c751e8b465ee728b)
Start importing Assets/Scripts/SeguirWP.cs using Guid(fa40b3335edfe834097929e9162e41d1) Importer(815301076,1909f56bfc062723c751e8b465ee728b) (PreviewImporter) -> (artifact id: '00000000000000000000000000000000') in 0.000410417 seconds
Import Error Code:(4)
Message: Build asset version error: assets/scripts/seguirwp.cs in SourceAssetDB has modification time of '2025-10-29T19:09:46Z' while content on disk has modification time of '2026-10-01T13:43:59Z'
  ERROR: Build asset version error: assets/scripts/seguirwp.cs in SourceAssetDB has modification time of '2025-10-29T19:09:46Z' while content on disk has modification time of '2026-10-01T13:43:59Z'
Number of updated asset objects reloaded before import = 0Number of asset objects unloaded after import = 0

========================================================================
Received Import Request.
  Time since last request: 0.007776 seconds.
  path: Assets/Scripts/SeguirWP.cs
  artifactKey: Guid(fa40b3335edfe834097929e9162e41d1) Importer(815301076,1909f56bfc062723c751e8b465ee728b)
Start importing Assets/Scripts/SeguirWP.cs using Guid(fa40b3335edfe834097929e9162e41d1) Importer(815301076,1909f56bfc062723c751e8b465ee728b) (PreviewImporter) -> (artifact id: '00000000000000000000000000000000') in 0.00103625 seconds
Import Error Code:(4)
Message: Build asset version error: assets/scripts/seguirwp.cs in SourceAssetDB has modification time of '2025-10-29T19:09:46Z' while content on disk has modification time of '2026-10-01T13:43:59Z'
  ERROR: Build asset version error: assets/scripts/seguirwp.cs in SourceAssetDB has modification time of '2025-10-29T19:09:46Z' while content on disk has modification time of '2026-10-01T13:43:59Z'
Number of updated asset objects reloaded before import = 0Number of asset objects unloaded after import = 0

========================================================================
Received Import Request.
  Time since last request: 0.005405 seconds.
  path: Assets/Scripts/SeguirWP.cs
  artifactKey: Guid(fa40b3335edfe834097929e9162e41d1) Importer(815301076,1909f56bfc062723c751e8b465ee728b)
Start importing Assets/Scripts/SeguirWP.cs using Guid(fa40b3335edfe834097929e9162e41d1) Importer(815301076,1909f56bfc062723c751e8b465ee728b) (PreviewImporter) -> (artifact id: '00000000000000000000000000000000') in 0.000476625 seconds
Import Error Code:(4)
Message: Build asset version error: assets/scripts/seguirwp.cs in SourceAssetDB has modification time of '2025-10-29T19:09:46Z' while content on disk has modification time of '2026-10-01T13:43:59Z'
  ERROR: Build asset version error: assets/scripts/seguirwp.cs in SourceAssetDB has modification time of '2025-10-29T19:09:46Z' while content on disk has modification time of '2026-10-01T13:43:59Z'
Number of updated asset objects reloaded before import = 0Number of asset objects unloaded after import = 0

========================================================================
Received Import Request.
  Time since last request: 0.001512 seconds.
  path: Assets/Scripts/SeguirWP.cs
  artifactKey: Guid(fa40b3335edfe834097929e9162e41d1) Importer(815301076,1909f56bfc062723c751e8b465ee728b)
Start importing Assets/Scripts/SeguirWP.cs using Guid(fa40b3335edfe834097929e9162e41d1) Importer(815301076,1909f56bfc062723c751e8b465ee728b) (PreviewImporter) -> (artifact id: '00000000000000000000000000000000') in 0.0007725 seconds
Import Error Code:(4)
Message: Build asset version error: assets/scripts/seguirwp.cs in SourceAssetDB has modification time of '2025-10-29T19:09:46Z' while content on disk has modification time of '2026-10-01T13:43:59Z'
  ERROR: Build asset version error: assets/scripts/seguirwp.cs in SourceAssetDB has modification time of '2025-10-29T19:09:46Z' while content on disk has modification time of '2026-10-01T13:43:59Z'
Number of updated asset objects reloaded before import = 0Number of asset objects unloaded after import = 0

========================================================================
Received Import Request.
  Time since last request: 0.004247 seconds.
  path: Assets/Scripts/SeguirWP.cs
  artifactKey: Guid(fa40b3335edfe834097929e9162e41d1) Importer(815301076,1909f56bfc062723c751e8b465ee728b)
Start importing Assets/Scripts/SeguirWP.cs using Guid(fa40b3335edfe834097929e9162e41d1) Importer(815301076,1909f56bfc062723c751e8b465ee728b) (PreviewImporter) -> (artifact id: '00000000000000000000000000000000') in 0.000502375 seconds
Import Error Code:(4)
Message: Build asset version error: assets/scripts/seguirwp.cs in SourceAssetDB has modification time of '2025-10-29T19:09:46Z' while content on disk has modification time of '2026-10-01T13:43:59Z'
  ERROR: Build asset version error: assets/scripts/seguirwp.cs in SourceAssetDB has modification time of '2025-10-29T19:09:46Z' while content on disk has modification time of '2026-10-01T13:43:59Z'
Number of updated asset objects reloaded before import = 0Number of asset objects unloaded after import = 0

========================================================================
Received Import Request.
  Time since last request: 0.002530 seconds.
  path: Assets/Scripts/SeguirWP.cs
  artifactKey: Guid(fa40b3335edfe834097929e9162e41d1) Importer(815301076,1909f56bfc062723c751e8b465ee728b)
Start importing Assets/Scripts/SeguirWP.cs using Guid(fa40b3335edfe834097929e9162e41d1) Importer(815301076,1909f56bfc062723c751e8b465ee728b) (PreviewImporter) -> (artifact id: '00000000000000000000000000000000') in 0.000733916 seconds
Import Error Code:(4)
Message: Build asset version error: assets/scripts/seguirwp.cs in SourceAssetDB has modification time of '2025-10-29T19:09:46Z' while content on disk has modification time of '2026-10-01T13:43:59Z'
  ERROR: Build asset version error: assets/scripts/seguirwp.cs in SourceAssetDB has modification time of '2025-10-29T19:09:46Z' while content on disk has modification time of '2026-10-01T13:43:59Z'
Number of updated asset objects reloaded before import = 0Number of asset objects unloaded after import = 0

========================================================================
Received Import Request.
  Time since last request: 0.006582 seconds.
  path: Assets/Scripts/SeguirWP.cs
  artifactKey: Guid(fa40b3335edfe834097929e9162e41d1) Importer(815301076,1909f56bfc062723c751e8b465ee728b)
Start importing Assets/Scripts/SeguirWP.cs using Guid(fa40b3335edfe834097929e9162e41d1) Importer(815301076,1909f56bfc062723c751e8b465ee728b) (PreviewImporter) -> (artifact id: '00000000000000000000000000000000') in 0.000654958 seconds
Import Error Code:(4)
Message: Build asset version error: assets/scripts/seguirwp.cs in SourceAssetDB has modification time of '2025-10-29T19:09:46Z' while content on disk has modification time of '2026-10-01T13:43:59Z'
  ERROR: Build asset version error: assets/scripts/seguirwp.cs in SourceAssetDB has modification time of '2025-10-29T19:09:46Z' while content on disk has modification time of '2026-10-01T13:43:59Z'
Number of updated asset objects reloaded before import = 0Number of asset objects unloaded after import = 0

========================================================================
Received Import Request.
  Time since last request: 0.003972 seconds.
  path: Assets/Scripts/SeguirWP.cs
  artifactKey: Guid(fa40b3335edfe834097929e9162e41d1) Importer(815301076,1909f56bfc062723c751e8b465ee728b)
Start importing Assets/Scripts/SeguirWP.cs using Guid(fa40b3335edfe834097929e9162e41d1) Importer(815301076,1909f56bfc062723c751e8b465ee728b) (PreviewImporter) -> (artifact id: '00000000000000000000000000000000') in 0.000650709 seconds
Import Error Code:(4)
Message: Build asset version error: assets/scripts/seguirwp.cs in SourceAssetDB has modification time of '2025-10-29T19:09:46Z' while content on disk has modification time of '2026-10-01T13:43:59Z'
  ERROR: Build asset version error: assets/scripts/seguirwp.cs in SourceAssetDB has modification time of '2025-10-29T19:09:46Z' while content on disk has modification time of '2026-10-01T13:43:59Z'
Number of updated asset objects reloaded before import = 0Number of asset objects unloaded after import = 0

========================================================================
Received Import Request.
  Time since last request: 0.003834 seconds.
  path: Assets/Scripts/SeguirWP.cs
  artifactKey: Guid(fa40b3335edfe834097929e9162e41d1) Importer(815301076,1909f56bfc062723c751e8b465ee728b)
Start importing Assets/Scripts/SeguirWP.cs using Guid(fa40b3335edfe834097929e9162e41d1) Importer(815301076,1909f56bfc062723c751e8b465ee728b) (PreviewImporter) -> (artifact id: '00000000000000000000000000000000') in 0.000953375 seconds
Import Error Code:(4)
Message: Build asset version error: assets/scripts/seguirwp.cs in SourceAssetDB has modification time of '2025-10-29T19:09:46Z' while content on disk has modification time of '2026-10-01T13:43:59Z'
  ERROR: Build asset version error: assets/scripts/seguirwp.cs in SourceAssetDB has modification time of '2025-10-29T19:09:46Z' while content on disk has modification time of '2026-10-01T13:43:59Z'
Number of updated asset objects reloaded before import = 0Number of asset objects unloaded after import = 0

========================================================================
Received Import Request.
  Time since last request: 0.003840 seconds.
  path: Assets/Scripts/SeguirWP.cs
  artifactKey: Guid(fa40b3335edfe834097929e9162e41d1) Importer(815301076,1909f56bfc062723c751e8b465ee728b)
Start importing Assets/Scripts/SeguirWP.cs using Guid(fa40b3335edfe834097929e9162e41d1) Importer(815301076,1909f56bfc062723c751e8b465ee728b) (PreviewImporter) -> (artifact id: '00000000000000000000000000000000') in 0.000554 seconds
Import Error Code:(4)
Message: Build asset version error: assets/scripts/seguirwp.cs in SourceAssetDB has modification time of '2025-10-29T19:09:46Z' while content on disk has modification time of '2026-10-01T13:43:59Z'
  ERROR: Build asset version error: assets/scripts/seguirwp.cs in SourceAssetDB has modification time of '2025-10-29T19:09:46Z' while content on disk has modification time of '2026-10-01T13:43:59Z'
Number of updated asset objects reloaded before import = 0Number of asset objects unloaded after import = 0

========================================================================
Received Import Request.
  Time since last request: 0.005605 seconds.
  path: Assets/Scripts/SeguirWP.cs
  artifactKey: Guid(fa40b3335edfe834097929e9162e41d1) Importer(815301076,1909f56bfc062723c751e8b465ee728b)
Start importing Assets/Scripts/SeguirWP.cs using Guid(fa40b3335edfe834097929e9162e41d1) Importer(815301076,1909f56bfc062723c751e8b465ee728b) (PreviewImporter) -> (artifact id: '00000000000000000000000000000000') in 0.001413 seconds
Import Error Code:(4)
Message: Build asset version error: assets/scripts/seguirwp.cs in SourceAssetDB has modification time of '2025-10-29T19:09:46Z' while content on disk has modification time of '2026-10-01T13:43:59Z'
  ERROR: Build asset version error: assets/scripts/seguirwp.cs in SourceAssetDB has modification time of '2025-10-29T19:09:46Z' while content on disk has modification time of '2026-10-01T13:43:59Z'
Number of updated asset objects reloaded before import = 0Number of asset objects unloaded after import = 0

========================================================================
Received Import Request.
  Time since last request: 0.012674 seconds.
  path: Assets/Scripts/SeguirWP.cs
  artifactKey: Guid(fa40b3335edfe834097929e9162e41d1) Importer(815301076,1909f56bfc062723c751e8b465ee728b)
Start importing Assets/Scripts/SeguirWP.cs using Guid(fa40b3335edfe834097929e9162e41d1) Importer(815301076,1909f56bfc062723c751e8b465ee728b) (PreviewImporter) -> (artifact id: '00000000000000000000000000000000') in 0.000783583 seconds
Import Error Code:(4)
Message: Build asset version error: assets/scripts/seguirwp.cs in SourceAssetDB has modification time of '2025-10-29T19:09:46Z' while content on disk has modification time of '2026-10-01T13:43:59Z'
  ERROR: Build asset version error: assets/scripts/seguirwp.cs in SourceAssetDB has modification time of '2025-10-29T19:09:46Z' while content on disk has modification time of '2026-10-01T13:43:59Z'
Number of updated asset objects reloaded before import = 0Number of asset objects unloaded after import = 0

========================================================================
Received Import Request.
  Time since last request: 0.001583 seconds.
  path: Assets/Scripts/SeguirWP.cs
  artifactKey: Guid(fa40b3335edfe834097929e9162e41d1) Importer(815301076,1909f56bfc062723c751e8b465ee728b)
Start importing Assets/Scripts/SeguirWP.cs using Guid(fa40b3335edfe834097929e9162e41d1) Importer(815301076,1909f56bfc062723c751e8b465ee728b) (PreviewImporter) -> (artifact id: '00000000000000000000000000000000') in 0.001210417 seconds
Import Error Code:(4)
Message: Build asset version error: assets/scripts/seguirwp.cs in SourceAssetDB has modification time of '2025-10-29T19:09:46Z' while content on disk has modification time of '2026-10-01T13:43:59Z'
  ERROR: Build asset version error: assets/scripts/seguirwp.cs in SourceAssetDB has modification time of '2025-10-29T19:09:46Z' while content on disk has modification time of '2026-10-01T13:43:59Z'
Number of updated asset objects reloaded before import = 0Number of asset objects unloaded after import = 0

========================================================================
Received Import Request.
  Time since last request: 0.008805 seconds.
  path: Assets/Scripts/SeguirWP.cs
  artifactKey: Guid(fa40b3335edfe834097929e9162e41d1) Importer(815301076,1909f56bfc062723c751e8b465ee728b)
Start importing Assets/Scripts/SeguirWP.cs using Guid(fa40b3335edfe834097929e9162e41d1) Importer(815301076,1909f56bfc062723c751e8b465ee728b) (PreviewImporter) -> (artifact id: '00000000000000000000000000000000') in 0.000693084 seconds
Import Error Code:(4)
Message: Build asset version error: assets/scripts/seguirwp.cs in SourceAssetDB has modification time of '2025-10-29T19:09:46Z' while content on disk has modification time of '2026-10-01T13:43:59Z'
  ERROR: Build asset version error: assets/scripts/seguirwp.cs in SourceAssetDB has modification time of '2025-10-29T19:09:46Z' while content on disk has modification time of '2026-10-01T13:43:59Z'
Number of updated asset objects reloaded before import = 0Number of asset objects unloaded after import = 0

========================================================================
Received Import Request.
  Time since last request: 0.002398 seconds.
  path: Assets/Scripts/SeguirWP.cs
  artifactKey: Guid(fa40b3335edfe834097929e9162e41d1) Importer(815301076,1909f56bfc062723c751e8b465ee728b)
Start importing Assets/Scripts/SeguirWP.cs using Guid(fa40b3335edfe834097929e9162e41d1) Importer(815301076,1909f56bfc062723c751e8b465ee728b) (PreviewImporter) -> (artifact id: '00000000000000000000000000000000') in 0.000593291 seconds
Import Error Code:(4)
Message: Build asset version error: assets/scripts/seguirwp.cs in SourceAssetDB has modification time of '2025-10-29T19:09:46Z' while content on disk has modification time of '2026-10-01T13:43:59Z'
  ERROR: Build asset version error: assets/scripts/seguirwp.cs in SourceAssetDB has modification time of '2025-10-29T19:09:46Z' while content on disk has modification time of '2026-10-01T13:43:59Z'
Number of updated asset objects reloaded before import = 0Number of asset objects unloaded after import = 0

========================================================================
Received Import Request.
  Time since last request: 0.019513 seconds.
  path: Assets/Scripts/SeguirWP.cs
  artifactKey: Guid(fa40b3335edfe834097929e9162e41d1) Importer(815301076,1909f56bfc062723c751e8b465ee728b)
Start importing Assets/Scripts/SeguirWP.cs using Guid(fa40b3335edfe834097929e9162e41d1) Importer(815301076,1909f56bfc062723c751e8b465ee728b) (PreviewImporter) -> (artifact id: '00000000000000000000000000000000') in 0.000991583 seconds
Import Error Code:(4)
Message: Build asset version error: assets/scripts/seguirwp.cs in SourceAssetDB has modification time of '2025-10-29T19:09:46Z' while content on disk has modification time of '2026-10-01T13:43:59Z'
  ERROR: Build asset version error: assets/scripts/seguirwp.cs in SourceAssetDB has modification time of '2025-10-29T19:09:46Z' while content on disk has modification time of '2026-10-01T13:43:59Z'
Number of updated asset objects reloaded before import = 0Number of asset objects unloaded after import = 0

========================================================================
Received Import Request.
  Time since last request: 0.004254 seconds.
  path: Assets/Scripts/SeguirWP.cs
  artifactKey: Guid(fa40b3335edfe834097929e9162e41d1) Importer(815301076,1909f56bfc062723c751e8b465ee728b)
Start importing Assets/Scripts/SeguirWP.cs using Guid(fa40b3335edfe834097929e9162e41d1) Importer(815301076,1909f56bfc062723c751e8b465ee728b) (PreviewImporter) -> (artifact id: '00000000000000000000000000000000') in 0.000860375 seconds
Import Error Code:(4)
Message: Build asset version error: assets/scripts/seguirwp.cs in SourceAssetDB has modification time of '2025-10-29T19:09:46Z' while content on disk has modification time of '2026-10-01T13:43:59Z'
  ERROR: Build asset version error: assets/scripts/seguirwp.cs in SourceAssetDB has modification time of '2025-10-29T19:09:46Z' while content on disk has modification time of '2026-10-01T13:43:59Z'
Number of updated asset objects reloaded before import = 0Number of asset objects unloaded after import = 0

========================================================================
Received Import Request.
  Time since last request: 0.001115 seconds.
  path: Assets/Scripts/SeguirWP.cs
  artifactKey: Guid(fa40b3335edfe834097929e9162e41d1) Importer(815301076,1909f56bfc062723c751e8b465ee728b)
Start importing Assets/Scripts/SeguirWP.cs using Guid(fa40b3335edfe834097929e9162e41d1) Importer(815301076,1909f56bfc062723c751e8b465ee728b) (PreviewImporter) -> (artifact id: '00000000000000000000000000000000') in 0.000454792 seconds
Import Error Code:(4)
Message: Build asset version error: assets/scripts/seguirwp.cs in SourceAssetDB has modification time of '2025-10-29T19:09:46Z' while content on disk has modification time of '2026-10-01T13:43:59Z'
  ERROR: Build asset version error: assets/scripts/seguirwp.cs in SourceAssetDB has modification time of '2025-10-29T19:09:46Z' while content on disk has modification time of '2026-10-01T13:43:59Z'
Number of updated asset objects reloaded before import = 0Number of asset objects unloaded after import = 0

========================================================================
Received Import Request.
  Time since last request: 0.009550 seconds.
  path: Assets/Scripts/SeguirWP.cs
  artifactKey: Guid(fa40b3335edfe834097929e9162e41d1) Importer(815301076,1909f56bfc062723c751e8b465ee728b)
Start importing Assets/Scripts/SeguirWP.cs using Guid(fa40b3335edfe834097929e9162e41d1) Importer(815301076,1909f56bfc062723c751e8b465ee728b) (PreviewImporter) -> (artifact id: '00000000000000000000000000000000') in 0.001077291 seconds
Import Error Code:(4)
Message: Build asset version error: assets/scripts/seguirwp.cs in SourceAssetDB has modification time of '2025-10-29T19:09:46Z' while content on disk has modification time of '2026-10-01T13:43:59Z'
  ERROR: Build asset version error: assets/scripts/seguirwp.cs in SourceAssetDB has modification time of '2025-10-29T19:09:46Z' while content on disk has modification time of '2026-10-01T13:43:59Z'
Number of updated asset objects reloaded before import = 0Number of asset objects unloaded after import = 0

========================================================================
Received Import Request.
  Time since last request: 0.002179 seconds.
  path: Assets/Scripts/SeguirWP.cs
  artifactKey: Guid(fa40b3335edfe834097929e9162e41d1) Importer(815301076,1909f56bfc062723c751e8b465ee728b)
Start importing Assets/Scripts/SeguirWP.cs using Guid(fa40b3335edfe834097929e9162e41d1) Importer(815301076,1909f56bfc062723c751e8b465ee728b) (PreviewImporter) -> (artifact id: '00000000000000000000000000000000') in 0.0006005 seconds
Import Error Code:(4)
Message: Build asset version error: assets/scripts/seguirwp.cs in SourceAssetDB has modification time of '2025-10-29T19:09:46Z' while content on disk has modification time of '2026-10-01T13:43:59Z'
  ERROR: Build asset version error: assets/scripts/seguirwp.cs in SourceAssetDB has modification time of '2025-10-29T19:09:46Z' while content on disk has modification time of '2026-10-01T13:43:59Z'
Number of updated asset objects reloaded before import = 0Number of asset objects unloaded after import = 0

========================================================================
Received Import Request.
  Time since last request: 0.005856 seconds.
  path: Assets/Scripts/SeguirWP.cs
  artifactKey: Guid(fa40b3335edfe834097929e9162e41d1) Importer(815301076,1909f56bfc062723c751e8b465ee728b)
Start importing Assets/Scripts/SeguirWP.cs using Guid(fa40b3335edfe834097929e9162e41d1) Importer(815301076,1909f56bfc062723c751e8b465ee728b) (PreviewImporter) -> (artifact id: '00000000000000000000000000000000') in 0.00056125 seconds
Import Error Code:(4)
Message: Build asset version error: assets/scripts/seguirwp.cs in SourceAssetDB has modification time of '2025-10-29T19:09:46Z' while content on disk has modification time of '2026-10-01T13:43:59Z'
  ERROR: Build asset version error: assets/scripts/seguirwp.cs in SourceAssetDB has modification time of '2025-10-29T19:09:46Z' while content on disk has modification time of '2026-10-01T13:43:59Z'
Number of updated asset objects reloaded before import = 0Number of asset objects unloaded after import = 0

========================================================================
Received Import Request.
  Time since last request: 0.003469 seconds.
  path: Assets/Scripts/SeguirWP.cs
  artifactKey: Guid(fa40b3335edfe834097929e9162e41d1) Importer(815301076,1909f56bfc062723c751e8b465ee728b)
Start importing Assets/Scripts/SeguirWP.cs using Guid(fa40b3335edfe834097929e9162e41d1) Importer(815301076,1909f56bfc062723c751e8b465ee728b) (PreviewImporter) -> (artifact id: '00000000000000000000000000000000') in 0.000536917 seconds
Import Error Code:(4)
Message: Build asset version error: assets/scripts/seguirwp.cs in SourceAssetDB has modification time of '2025-10-29T19:09:46Z' while content on disk has modification time of '2026-10-01T13:43:59Z'
  ERROR: Build asset version error: assets/scripts/seguirwp.cs in SourceAssetDB has modification time of '2025-10-29T19:09:46Z' while content on disk has modification time of '2026-10-01T13:43:59Z'
Number of updated asset objects reloaded before import = 0Number of asset objects unloaded after import = 0

========================================================================
Received Import Request.
  Time since last request: 0.007779 seconds.
  path: Assets/Scripts/SeguirWP.cs
  artifactKey: Guid(fa40b3335edfe834097929e9162e41d1) Importer(815301076,1909f56bfc062723c751e8b465ee728b)
Start importing Assets/Scripts/SeguirWP.cs using Guid(fa40b3335edfe834097929e9162e41d1) Importer(815301076,1909f56bfc062723c751e8b465ee728b) (PreviewImporter) -> (artifact id: '00000000000000000000000000000000') in 0.000419625 seconds
Import Error Code:(4)
Message: Build asset version error: assets/scripts/seguirwp.cs in SourceAssetDB has modification time of '2025-10-29T19:09:46Z' while content on disk has modification time of '2026-10-01T13:43:59Z'
  ERROR: Build asset version error: assets/scripts/seguirwp.cs in SourceAssetDB has modification time of '2025-10-29T19:09:46Z' while content on disk has modification time of '2026-10-01T13:43:59Z'
Number of updated asset objects reloaded before import = 0Number of asset objects unloaded after import = 0

========================================================================
Received Import Request.
  Time since last request: 0.004334 seconds.
  path: Assets/Scripts/SeguirWP.cs
  artifactKey: Guid(fa40b3335edfe834097929e9162e41d1) Importer(815301076,1909f56bfc062723c751e8b465ee728b)
Start importing Assets/Scripts/SeguirWP.cs using Guid(fa40b3335edfe834097929e9162e41d1) Importer(815301076,1909f56bfc062723c751e8b465ee728b) (PreviewImporter) -> (artifact id: '00000000000000000000000000000000') in 0.000515041 seconds
Import Error Code:(4)
Message: Build asset version error: assets/scripts/seguirwp.cs in SourceAssetDB has modification time of '2025-10-29T19:09:46Z' while content on disk has modification time of '2026-10-01T13:43:59Z'
  ERROR: Build asset version error: assets/scripts/seguirwp.cs in SourceAssetDB has modification time of '2025-10-29T19:09:46Z' while content on disk has modification time of '2026-10-01T13:43:59Z'
Number of updated asset objects reloaded before import = 0Number of asset objects unloaded after import = 0

========================================================================
Received Import Request.
  Time since last request: 0.002966 seconds.
  path: Assets/Scripts/SeguirWP.cs
  artifactKey: Guid(fa40b3335edfe834097929e9162e41d1) Importer(815301076,1909f56bfc062723c751e8b465ee728b)
Start importing Assets/Scripts/SeguirWP.cs using Guid(fa40b3335edfe834097929e9162e41d1) Importer(815301076,1909f56bfc062723c751e8b465ee728b) (PreviewImporter) -> (artifact id: '00000000000000000000000000000000') in 0.000531125 seconds
Import Error Code:(4)
Message: Build asset version error: assets/scripts/seguirwp.cs in SourceAssetDB has modification time of '2025-10-29T19:09:46Z' while content on disk has modification time of '2026-10-01T13:43:59Z'
  ERROR: Build asset version error: assets/scripts/seguirwp.cs in SourceAssetDB has modification time of '2025-10-29T19:09:46Z' while content on disk has modification time of '2026-10-01T13:43:59Z'
Number of updated asset objects reloaded before import = 0Number of asset objects unloaded after import = 0

========================================================================
Received Import Request.
  Time since last request: 0.003043 seconds.
  path: Assets/Scripts/SeguirWP.cs
  artifactKey: Guid(fa40b3335edfe834097929e9162e41d1) Importer(815301076,1909f56bfc062723c751e8b465ee728b)
Start importing Assets/Scripts/SeguirWP.cs using Guid(fa40b3335edfe834097929e9162e41d1) Importer(815301076,1909f56bfc062723c751e8b465ee728b) (PreviewImporter) -> (artifact id: '00000000000000000000000000000000') in 0.000521208 seconds
Import Error Code:(4)
Message: Build asset version error: assets/scripts/seguirwp.cs in SourceAssetDB has modification time of '2025-10-29T19:09:46Z' while content on disk has modification time of '2026-10-01T13:43:59Z'
  ERROR: Build asset version error: assets/scripts/seguirwp.cs in SourceAssetDB has modification time of '2025-10-29T19:09:46Z' while content on disk has modification time of '2026-10-01T13:43:59Z'
Number of updated asset objects reloaded before import = 0Number of asset objects unloaded after import = 0

========================================================================
Received Import Request.
  Time since last request: 0.002669 seconds.
  path: Assets/Scripts/SeguirWP.cs
  artifactKey: Guid(fa40b3335edfe834097929e9162e41d1) Importer(815301076,1909f56bfc062723c751e8b465ee728b)
Start importing Assets/Scripts/SeguirWP.cs using Guid(fa40b3335edfe834097929e9162e41d1) Importer(815301076,1909f56bfc062723c751e8b465ee728b) (PreviewImporter) -> (artifact id: '00000000000000000000000000000000') in 0.000472 seconds
Import Error Code:(4)
Message: Build asset version error: assets/scripts/seguirwp.cs in SourceAssetDB has modification time of '2025-10-29T19:09:46Z' while content on disk has modification time of '2026-10-01T13:43:59Z'
  ERROR: Build asset version error: assets/scripts/seguirwp.cs in SourceAssetDB has modification time of '2025-10-29T19:09:46Z' while content on disk has modification time of '2026-10-01T13:43:59Z'
Number of updated asset objects reloaded before import = 0Number of asset objects unloaded after import = 0

========================================================================
Received Import Request.
  Time since last request: 0.002930 seconds.
  path: Assets/Scripts/SeguirWP.cs
  artifactKey: Guid(fa40b3335edfe834097929e9162e41d1) Importer(815301076,1909f56bfc062723c751e8b465ee728b)
Start importing Assets/Scripts/SeguirWP.cs using Guid(fa40b3335edfe834097929e9162e41d1) Importer(815301076,1909f56bfc062723c751e8b465ee728b) (PreviewImporter) -> (artifact id: '00000000000000000000000000000000') in 0.000519334 seconds
Import Error Code:(4)
Message: Build asset version error: assets/scripts/seguirwp.cs in SourceAssetDB has modification time of '2025-10-29T19:09:46Z' while content on disk has modification time of '2026-10-01T13:43:59Z'
  ERROR: Build asset version error: assets/scripts/seguirwp.cs in SourceAssetDB has modification time of '2025-10-29T19:09:46Z' while content on disk has modification time of '2026-10-01T13:43:59Z'
Number of updated asset objects reloaded before import = 0Number of asset objects unloaded after import = 0

========================================================================
Received Import Request.
  Time since last request: 0.003145 seconds.
  path: Assets/Scripts/SeguirWP.cs
  artifactKey: Guid(fa40b3335edfe834097929e9162e41d1) Importer(815301076,1909f56bfc062723c751e8b465ee728b)
Start importing Assets/Scripts/SeguirWP.cs using Guid(fa40b3335edfe834097929e9162e41d1) Importer(815301076,1909f56bfc062723c751e8b465ee728b) (PreviewImporter) -> (artifact id: '00000000000000000000000000000000') in 0.000617458 seconds
Import Error Code:(4)
Message: Build asset version error: assets/scripts/seguirwp.cs in SourceAssetDB has modification time of '2025-10-29T19:09:46Z' while content on disk has modification time of '2026-10-01T13:43:59Z'
  ERROR: Build asset version error: assets/scripts/seguirwp.cs in SourceAssetDB has modification time of '2025-10-29T19:09:46Z' while content on disk has modification time of '2026-10-01T13:43:59Z'
Number of updated asset objects reloaded before import = 0Number of asset objects unloaded after import = 0

========================================================================
Received Import Request.
  Time since last request: 0.002721 seconds.
  path: Assets/Scripts/SeguirWP.cs
  artifactKey: Guid(fa40b3335edfe834097929e9162e41d1) Importer(815301076,1909f56bfc062723c751e8b465ee728b)
Start importing Assets/Scripts/SeguirWP.cs using Guid(fa40b3335edfe834097929e9162e41d1) Importer(815301076,1909f56bfc062723c751e8b465ee728b) (PreviewImporter) -> (artifact id: '00000000000000000000000000000000') in 0.000429708 seconds
Import Error Code:(4)
Message: Build asset version error: assets/scripts/seguirwp.cs in SourceAssetDB has modification time of '2025-10-29T19:09:46Z' while content on disk has modification time of '2026-10-01T13:43:59Z'
  ERROR: Build asset version error: assets/scripts/seguirwp.cs in SourceAssetDB has modification time of '2025-10-29T19:09:46Z' while content on disk has modification time of '2026-10-01T13:43:59Z'
Number of updated asset objects reloaded before import = 0Number of asset objects unloaded after import = 0

========================================================================
Received Import Request.
  Time since last request: 0.003117 seconds.
  path: Assets/Scripts/SeguirWP.cs
  artifactKey: Guid(fa40b3335edfe834097929e9162e41d1) Importer(815301076,1909f56bfc062723c751e8b465ee728b)
Start importing Assets/Scripts/SeguirWP.cs using Guid(fa40b3335edfe834097929e9162e41d1) Importer(815301076,1909f56bfc062723c751e8b465ee728b) (PreviewImporter) -> (artifact id: '00000000000000000000000000000000') in 0.000508292 seconds
Import Error Code:(4)
Message: Build asset version error: assets/scripts/seguirwp.cs in SourceAssetDB has modification time of '2025-10-29T19:09:46Z' while content on disk has modification time of '2026-10-01T13:43:59Z'
  ERROR: Build asset version error: assets/scripts/seguirwp.cs in SourceAssetDB has modification time of '2025-10-29T19:09:46Z' while content on disk has modification time of '2026-10-01T13:43:59Z'
Number of updated asset objects reloaded before import = 0Number of asset objects unloaded after import = 0

========================================================================
Received Import Request.
  Time since last request: 0.003201 seconds.
  path: Assets/Scripts/SeguirWP.cs
  artifactKey: Guid(fa40b3335edfe834097929e9162e41d1) Importer(815301076,1909f56bfc062723c751e8b465ee728b)
Start importing Assets/Scripts/SeguirWP.cs using Guid(fa40b3335edfe834097929e9162e41d1) Importer(815301076,1909f56bfc062723c751e8b465ee728b) (PreviewImporter) -> (artifact id: '00000000000000000000000000000000') in 0.000517875 seconds
Import Error Code:(4)
Message: Build asset version error: assets/scripts/seguirwp.cs in SourceAssetDB has modification time of '2025-10-29T19:09:46Z' while content on disk has modification time of '2026-10-01T13:43:59Z'
  ERROR: Build asset version error: assets/scripts/seguirwp.cs in SourceAssetDB has modification time of '2025-10-29T19:09:46Z' while content on disk has modification time of '2026-10-01T13:43:59Z'
Number of updated asset objects reloaded before import = 0Number of asset objects unloaded after import = 0

========================================================================
Received Import Request.
  Time since last request: 0.002648 seconds.
  path: Assets/Scripts/SeguirWP.cs
  artifactKey: Guid(fa40b3335edfe834097929e9162e41d1) Importer(815301076,1909f56bfc062723c751e8b465ee728b)
Start importing Assets/Scripts/SeguirWP.cs using Guid(fa40b3335edfe834097929e9162e41d1) Importer(815301076,1909f56bfc062723c751e8b465ee728b) (PreviewImporter) -> (artifact id: '00000000000000000000000000000000') in 0.000524375 seconds
Import Error Code:(4)
Message: Build asset version error: assets/scripts/seguirwp.cs in SourceAssetDB has modification time of '2025-10-29T19:09:46Z' while content on disk has modification time of '2026-10-01T13:43:59Z'
  ERROR: Build asset version error: assets/scripts/seguirwp.cs in SourceAssetDB has modification time of '2025-10-29T19:09:46Z' while content on disk has modification time of '2026-10-01T13:43:59Z'
Number of updated asset objects reloaded before import = 0Number of asset objects unloaded after import = 0

========================================================================
Received Import Request.
  Time since last request: 0.002730 seconds.
  path: Assets/Scripts/SeguirWP.cs
  artifactKey: Guid(fa40b3335edfe834097929e9162e41d1) Importer(815301076,1909f56bfc062723c751e8b465ee728b)
Start importing Assets/Scripts/SeguirWP.cs using Guid(fa40b3335edfe834097929e9162e41d1) Importer(815301076,1909f56bfc062723c751e8b465ee728b) (PreviewImporter) -> (artifact id: '00000000000000000000000000000000') in 0.000605042 seconds
Import Error Code:(4)
Message: Build asset version error: assets/scripts/seguirwp.cs in SourceAssetDB has modification time of '2025-10-29T19:09:46Z' while content on disk has modification time of '2026-10-01T13:43:59Z'
  ERROR: Build asset version error: assets/scripts/seguirwp.cs in SourceAssetDB has modification time of '2025-10-29T19:09:46Z' while content on disk has modification time of '2026-10-01T13:43:59Z'
Number of updated asset objects reloaded before import = 0Number of asset objects unloaded after import = 0

========================================================================
Received Import Request.
  Time since last request: 0.002396 seconds.
  path: Assets/Scripts/SeguirWP.cs
  artifactKey: Guid(fa40b3335edfe834097929e9162e41d1) Importer(815301076,1909f56bfc062723c751e8b465ee728b)
Start importing Assets/Scripts/SeguirWP.cs using Guid(fa40b3335edfe834097929e9162e41d1) Importer(815301076,1909f56bfc062723c751e8b465ee728b) (PreviewImporter) -> (artifact id: '00000000000000000000000000000000') in 0.000554 seconds
Import Error Code:(4)
Message: Build asset version error: assets/scripts/seguirwp.cs in SourceAssetDB has modification time of '2025-10-29T19:09:46Z' while content on disk has modification time of '2026-10-01T13:43:59Z'
  ERROR: Build asset version error: assets/scripts/seguirwp.cs in SourceAssetDB has modification time of '2025-10-29T19:09:46Z' while content on disk has modification time of '2026-10-01T13:43:59Z'
Number of updated asset objects reloaded before import = 0Number of asset objects unloaded after import = 0

========================================================================
Received Import Request.
  Time since last request: 0.001904 seconds.
  path: Assets/Scripts/SeguirWP.cs
  artifactKey: Guid(fa40b3335edfe834097929e9162e41d1) Importer(815301076,1909f56bfc062723c751e8b465ee728b)
Start importing Assets/Scripts/SeguirWP.cs using Guid(fa40b3335edfe834097929e9162e41d1) Importer(815301076,1909f56bfc062723c751e8b465ee728b) (PreviewImporter) -> (artifact id: '00000000000000000000000000000000') in 0.000663125 seconds
Import Error Code:(4)
Message: Build asset version error: assets/scripts/seguirwp.cs in SourceAssetDB has modification time of '2025-10-29T19:09:46Z' while content on disk has modification time of '2026-10-01T13:43:59Z'
  ERROR: Build asset version error: assets/scripts/seguirwp.cs in SourceAssetDB has modification time of '2025-10-29T19:09:46Z' while content on disk has modification time of '2026-10-01T13:43:59Z'
Number of updated asset objects reloaded before import = 0Number of asset objects unloaded after import = 0

========================================================================
Received Import Request.
  Time since last request: 0.001530 seconds.
  path: Assets/Scripts/SeguirWP.cs
  artifactKey: Guid(fa40b3335edfe834097929e9162e41d1) Importer(815301076,1909f56bfc062723c751e8b465ee728b)
Start importing Assets/Scripts/SeguirWP.cs using Guid(fa40b3335edfe834097929e9162e41d1) Importer(815301076,1909f56bfc062723c751e8b465ee728b) (PreviewImporter) -> (artifact id: '00000000000000000000000000000000') in 0.000658792 seconds
Import Error Code:(4)
Message: Build asset version error: assets/scripts/seguirwp.cs in SourceAssetDB has modification time of '2025-10-29T19:09:46Z' while content on disk has modification time of '2026-10-01T13:43:59Z'
  ERROR: Build asset version error: assets/scripts/seguirwp.cs in SourceAssetDB has modification time of '2025-10-29T19:09:46Z' while content on disk has modification time of '2026-10-01T13:43:59Z'
Number of updated asset objects reloaded before import = 0Number of asset objects unloaded after import = 0

========================================================================
Received Import Request.
  Time since last request: 0.005325 seconds.
  path: Assets/Scripts/SeguirWP.cs
  artifactKey: Guid(fa40b3335edfe834097929e9162e41d1) Importer(815301076,1909f56bfc062723c751e8b465ee728b)
Start importing Assets/Scripts/SeguirWP.cs using Guid(fa40b3335edfe834097929e9162e41d1) Importer(815301076,1909f56bfc062723c751e8b465ee728b) (PreviewImporter) -> (artifact id: '00000000000000000000000000000000') in 0.000819875 seconds
Import Error Code:(4)
Message: Build asset version error: assets/scripts/seguirwp.cs in SourceAssetDB has modification time of '2025-10-29T19:09:46Z' while content on disk has modification time of '2026-10-01T13:43:59Z'
  ERROR: Build asset version error: assets/scripts/seguirwp.cs in SourceAssetDB has modification time of '2025-10-29T19:09:46Z' while content on disk has modification time of '2026-10-01T13:43:59Z'
Number of updated asset objects reloaded before import = 0Number of asset objects unloaded after import = 0

========================================================================
Received Import Request.
  Time since last request: 0.000996 seconds.
  path: Assets/Scripts/SeguirWP.cs
  artifactKey: Guid(fa40b3335edfe834097929e9162e41d1) Importer(815301076,1909f56bfc062723c751e8b465ee728b)
Start importing Assets/Scripts/SeguirWP.cs using Guid(fa40b3335edfe834097929e9162e41d1) Importer(815301076,1909f56bfc062723c751e8b465ee728b) (PreviewImporter) -> (artifact id: '00000000000000000000000000000000') in 0.000798084 seconds
Import Error Code:(4)
Message: Build asset version error: assets/scripts/seguirwp.cs in SourceAssetDB has modification time of '2025-10-29T19:09:46Z' while content on disk has modification time of '2026-10-01T13:43:59Z'
  ERROR: Build asset version error: assets/scripts/seguirwp.cs in SourceAssetDB has modification time of '2025-10-29T19:09:46Z' while content on disk has modification time of '2026-10-01T13:43:59Z'
Number of updated asset objects reloaded before import = 0Number of asset objects unloaded after import = 0

========================================================================
Received Import Request.
  Time since last request: 0.005019 seconds.
  path: Assets/Scripts/SeguirWP.cs
  artifactKey: Guid(fa40b3335edfe834097929e9162e41d1) Importer(815301076,1909f56bfc062723c751e8b465ee728b)
Start importing Assets/Scripts/SeguirWP.cs using Guid(fa40b3335edfe834097929e9162e41d1) Importer(815301076,1909f56bfc062723c751e8b465ee728b) (PreviewImporter) -> (artifact id: '00000000000000000000000000000000') in 0.001102542 seconds
Import Error Code:(4)
Message: Build asset version error: assets/scripts/seguirwp.cs in SourceAssetDB has modification time of '2025-10-29T19:09:46Z' while content on disk has modification time of '2026-10-01T13:43:59Z'
  ERROR: Build asset version error: assets/scripts/seguirwp.cs in SourceAssetDB has modification time of '2025-10-29T19:09:46Z' while content on disk has modification time of '2026-10-01T13:43:59Z'
Number of updated asset objects reloaded before import = 0Number of asset objects unloaded after import = 0

========================================================================
Received Import Request.
  Time since last request: 0.005439 seconds.
  path: Assets/Scripts/SeguirWP.cs
  artifactKey: Guid(fa40b3335edfe834097929e9162e41d1) Importer(815301076,1909f56bfc062723c751e8b465ee728b)
Start importing Assets/Scripts/SeguirWP.cs using Guid(fa40b3335edfe834097929e9162e41d1) Importer(815301076,1909f56bfc062723c751e8b465ee728b) (PreviewImporter) -> (artifact id: '00000000000000000000000000000000') in 0.000801834 seconds
Import Error Code:(4)
Message: Build asset version error: assets/scripts/seguirwp.cs in SourceAssetDB has modification time of '2025-10-29T19:09:46Z' while content on disk has modification time of '2026-10-01T13:43:59Z'
  ERROR: Build asset version error: assets/scripts/seguirwp.cs in SourceAssetDB has modification time of '2025-10-29T19:09:46Z' while content on disk has modification time of '2026-10-01T13:43:59Z'
Number of updated asset objects reloaded before import = 0Number of asset objects unloaded after import = 0

========================================================================
Received Import Request.
  Time since last request: 0.005672 seconds.
  path: Assets/Scripts/SeguirWP.cs
  artifactKey: Guid(fa40b3335edfe834097929e9162e41d1) Importer(815301076,1909f56bfc062723c751e8b465ee728b)
Start importing Assets/Scripts/SeguirWP.cs using Guid(fa40b3335edfe834097929e9162e41d1) Importer(815301076,1909f56bfc062723c751e8b465ee728b) (PreviewImporter) -> (artifact id: '00000000000000000000000000000000') in 0.0014525 seconds
Import Error Code:(4)
Message: Build asset version error: assets/scripts/seguirwp.cs in SourceAssetDB has modification time of '2025-10-29T19:09:46Z' while content on disk has modification time of '2026-10-01T13:43:59Z'
  ERROR: Build asset version error: assets/scripts/seguirwp.cs in SourceAssetDB has modification time of '2025-10-29T19:09:46Z' while content on disk has modification time of '2026-10-01T13:43:59Z'
Number of updated asset objects reloaded before import = 0Number of asset objects unloaded after import = 0

========================================================================
Received Import Request.
  Time since last request: 0.005391 seconds.
  path: Assets/Scripts/SeguirWP.cs
  artifactKey: Guid(fa40b3335edfe834097929e9162e41d1) Importer(815301076,1909f56bfc062723c751e8b465ee728b)
Start importing Assets/Scripts/SeguirWP.cs using Guid(fa40b3335edfe834097929e9162e41d1) Importer(815301076,1909f56bfc062723c751e8b465ee728b) (PreviewImporter) -> (artifact id: '00000000000000000000000000000000') in 0.00127775 seconds
Import Error Code:(4)
Message: Build asset version error: assets/scripts/seguirwp.cs in SourceAssetDB has modification time of '2025-10-29T19:09:46Z' while content on disk has modification time of '2026-10-01T13:43:59Z'
  ERROR: Build asset version error: assets/scripts/seguirwp.cs in SourceAssetDB has modification time of '2025-10-29T19:09:46Z' while content on disk has modification time of '2026-10-01T13:43:59Z'
Number of updated asset objects reloaded before import = 0Number of asset objects unloaded after import = 0

========================================================================
Received Import Request.
  Time since last request: 0.011813 seconds.
  path: Assets/Scripts/SeguirWP.cs
  artifactKey: Guid(fa40b3335edfe834097929e9162e41d1) Importer(815301076,1909f56bfc062723c751e8b465ee728b)
Start importing Assets/Scripts/SeguirWP.cs using Guid(fa40b3335edfe834097929e9162e41d1) Importer(815301076,1909f56bfc062723c751e8b465ee728b) (PreviewImporter) -> (artifact id: '00000000000000000000000000000000') in 0.001291125 seconds
Import Error Code:(4)
Message: Build asset version error: assets/scripts/seguirwp.cs in SourceAssetDB has modification time of '2025-10-29T19:09:46Z' while content on disk has modification time of '2026-10-01T13:43:59Z'
  ERROR: Build asset version error: assets/scripts/seguirwp.cs in SourceAssetDB has modification time of '2025-10-29T19:09:46Z' while content on disk has modification time of '2026-10-01T13:43:59Z'
Number of updated asset objects reloaded before import = 0Number of asset objects unloaded after import = 0

========================================================================
Received Import Request.
  Time since last request: 0.004018 seconds.
  path: Assets/Scripts/SeguirWP.cs
  artifactKey: Guid(fa40b3335edfe834097929e9162e41d1) Importer(815301076,1909f56bfc062723c751e8b465ee728b)
Start importing Assets/Scripts/SeguirWP.cs using Guid(fa40b3335edfe834097929e9162e41d1) Importer(815301076,1909f56bfc062723c751e8b465ee728b) (PreviewImporter) -> (artifact id: '00000000000000000000000000000000') in 0.002571292 seconds
Import Error Code:(4)
Message: Build asset version error: assets/scripts/seguirwp.cs in SourceAssetDB has modification time of '2025-10-29T19:09:46Z' while content on disk has modification time of '2026-10-01T13:43:59Z'
  ERROR: Build asset version error: assets/scripts/seguirwp.cs in SourceAssetDB has modification time of '2025-10-29T19:09:46Z' while content on disk has modification time of '2026-10-01T13:43:59Z'
Number of updated asset objects reloaded before import = 0Number of asset objects unloaded after import = 0

========================================================================
Received Import Request.
  Time since last request: 0.013859 seconds.
  path: Assets/Scripts/SeguirWP.cs
  artifactKey: Guid(fa40b3335edfe834097929e9162e41d1) Importer(815301076,1909f56bfc062723c751e8b465ee728b)
Start importing Assets/Scripts/SeguirWP.cs using Guid(fa40b3335edfe834097929e9162e41d1) Importer(815301076,1909f56bfc062723c751e8b465ee728b) (PreviewImporter) -> (artifact id: '00000000000000000000000000000000') in 0.000823083 seconds
Import Error Code:(4)
Message: Build asset version error: assets/scripts/seguirwp.cs in SourceAssetDB has modification time of '2025-10-29T19:09:46Z' while content on disk has modification time of '2026-10-01T13:43:59Z'
  ERROR: Build asset version error: assets/scripts/seguirwp.cs in SourceAssetDB has modification time of '2025-10-29T19:09:46Z' while content on disk has modification time of '2026-10-01T13:43:59Z'
Number of updated asset objects reloaded before import = 0Number of asset objects unloaded after import = 0

========================================================================
Received Import Request.
  Time since last request: 0.003429 seconds.
  path: Assets/Scripts/SeguirWP.cs
  artifactKey: Guid(fa40b3335edfe834097929e9162e41d1) Importer(815301076,1909f56bfc062723c751e8b465ee728b)
Start importing Assets/Scripts/SeguirWP.cs using Guid(fa40b3335edfe834097929e9162e41d1) Importer(815301076,1909f56bfc062723c751e8b465ee728b) (PreviewImporter) -> (artifact id: '00000000000000000000000000000000') in 0.001101833 seconds
Import Error Code:(4)
Message: Build asset version error: assets/scripts/seguirwp.cs in SourceAssetDB has modification time of '2025-10-29T19:09:46Z' while content on disk has modification time of '2026-10-01T13:43:59Z'
  ERROR: Build asset version error: assets/scripts/seguirwp.cs in SourceAssetDB has modification time of '2025-10-29T19:09:46Z' while content on disk has modification time of '2026-10-01T13:43:59Z'
Number of updated asset objects reloaded before import = 0Number of asset objects unloaded after import = 0

========================================================================
Received Import Request.
  Time since last request: 0.008349 seconds.
  path: Assets/Scripts/SeguirWP.cs
  artifactKey: Guid(fa40b3335edfe834097929e9162e41d1) Importer(815301076,1909f56bfc062723c751e8b465ee728b)
Start importing Assets/Scripts/SeguirWP.cs using Guid(fa40b3335edfe834097929e9162e41d1) Importer(815301076,1909f56bfc062723c751e8b465ee728b) (PreviewImporter) -> (artifact id: '00000000000000000000000000000000') in 0.001108416 seconds
Import Error Code:(4)
Message: Build asset version error: assets/scripts/seguirwp.cs in SourceAssetDB has modification time of '2025-10-29T19:09:46Z' while content on disk has modification time of '2026-10-01T13:43:59Z'
  ERROR: Build asset version error: assets/scripts/seguirwp.cs in SourceAssetDB has modification time of '2025-10-29T19:09:46Z' while content on disk has modification time of '2026-10-01T13:43:59Z'
Number of updated asset objects reloaded before import = 0Number of asset objects unloaded after import = 0

========================================================================
Received Import Request.
  Time since last request: 0.001915 seconds.
  path: Assets/Scripts/SeguirWP.cs
  artifactKey: Guid(fa40b3335edfe834097929e9162e41d1) Importer(815301076,1909f56bfc062723c751e8b465ee728b)
Start importing Assets/Scripts/SeguirWP.cs using Guid(fa40b3335edfe834097929e9162e41d1) Importer(815301076,1909f56bfc062723c751e8b465ee728b) (PreviewImporter) -> (artifact id: '00000000000000000000000000000000') in 0.001053625 seconds
Import Error Code:(4)
Message: Build asset version error: assets/scripts/seguirwp.cs in SourceAssetDB has modification time of '2025-10-29T19:09:46Z' while content on disk has modification time of '2026-10-01T13:43:59Z'
  ERROR: Build asset version error: assets/scripts/seguirwp.cs in SourceAssetDB has modification time of '2025-10-29T19:09:46Z' while content on disk has modification time of '2026-10-01T13:43:59Z'
Number of updated asset objects reloaded before import = 0Number of asset objects unloaded after import = 0

========================================================================
Received Import Request.
  Time since last request: 0.002374 seconds.
  path: Assets/Scripts/SeguirWP.cs
  artifactKey: Guid(fa40b3335edfe834097929e9162e41d1) Importer(815301076,1909f56bfc062723c751e8b465ee728b)
Start importing Assets/Scripts/SeguirWP.cs using Guid(fa40b3335edfe834097929e9162e41d1) Importer(815301076,1909f56bfc062723c751e8b465ee728b) (PreviewImporter) -> (artifact id: '00000000000000000000000000000000') in 0.000705792 seconds
Import Error Code:(4)
Message: Build asset version error: assets/scripts/seguirwp.cs in SourceAssetDB has modification time of '2025-10-29T19:09:46Z' while content on disk has modification time of '2026-10-01T13:43:59Z'
  ERROR: Build asset version error: assets/scripts/seguirwp.cs in SourceAssetDB has modification time of '2025-10-29T19:09:46Z' while content on disk has modification time of '2026-10-01T13:43:59Z'
Number of updated asset objects reloaded before import = 0Number of asset objects unloaded after import = 0

========================================================================
Received Import Request.
  Time since last request: 0.001718 seconds.
  path: Assets/Scripts/SeguirWP.cs
  artifactKey: Guid(fa40b3335edfe834097929e9162e41d1) Importer(815301076,1909f56bfc062723c751e8b465ee728b)
Start importing Assets/Scripts/SeguirWP.cs using Guid(fa40b3335edfe834097929e9162e41d1) Importer(815301076,1909f56bfc062723c751e8b465ee728b) (PreviewImporter) -> (artifact id: '00000000000000000000000000000000') in 0.000982084 seconds
Import Error Code:(4)
Message: Build asset version error: assets/scripts/seguirwp.cs in SourceAssetDB has modification time of '2025-10-29T19:09:46Z' while content on disk has modification time of '2026-10-01T13:43:59Z'
  ERROR: Build asset version error: assets/scripts/seguirwp.cs in SourceAssetDB has modification time of '2025-10-29T19:09:46Z' while content on disk has modification time of '2026-10-01T13:43:59Z'
Number of updated asset objects reloaded before import = 0Number of asset objects unloaded after import = 0

========================================================================
Received Import Request.
  Time since last request: 0.003109 seconds.
  path: Assets/Scripts/SeguirWP.cs
  artifactKey: Guid(fa40b3335edfe834097929e9162e41d1) Importer(815301076,1909f56bfc062723c751e8b465ee728b)
Start importing Assets/Scripts/SeguirWP.cs using Guid(fa40b3335edfe834097929e9162e41d1) Importer(815301076,1909f56bfc062723c751e8b465ee728b) (PreviewImporter) -> (artifact id: '00000000000000000000000000000000') in 0.001038417 seconds
Import Error Code:(4)
Message: Build asset version error: assets/scripts/seguirwp.cs in SourceAssetDB has modification time of '2025-10-29T19:09:46Z' while content on disk has modification time of '2026-10-01T13:43:59Z'
  ERROR: Build asset version error: assets/scripts/seguirwp.cs in SourceAssetDB has modification time of '2025-10-29T19:09:46Z' while content on disk has modification time of '2026-10-01T13:43:59Z'
Number of updated asset objects reloaded before import = 0Number of asset objects unloaded after import = 0

========================================================================
Received Import Request.
  Time since last request: 0.001177 seconds.
  path: Assets/Scripts/SeguirWP.cs
  artifactKey: Guid(fa40b3335edfe834097929e9162e41d1) Importer(815301076,1909f56bfc062723c751e8b465ee728b)
Start importing Assets/Scripts/SeguirWP.cs using Guid(fa40b3335edfe834097929e9162e41d1) Importer(815301076,1909f56bfc062723c751e8b465ee728b) (PreviewImporter) -> (artifact id: '00000000000000000000000000000000') in 0.001142833 seconds
Import Error Code:(4)
Message: Build asset version error: assets/scripts/seguirwp.cs in SourceAssetDB has modification time of '2025-10-29T19:09:46Z' while content on disk has modification time of '2026-10-01T13:43:59Z'
  ERROR: Build asset version error: assets/scripts/seguirwp.cs in SourceAssetDB has modification time of '2025-10-29T19:09:46Z' while content on disk has modification time of '2026-10-01T13:43:59Z'
Number of updated asset objects reloaded before import = 0Number of asset objects unloaded after import = 0

========================================================================
Received Import Request.
  Time since last request: 0.007476 seconds.
  path: Assets/Scripts/SeguirWP.cs
  artifactKey: Guid(fa40b3335edfe834097929e9162e41d1) Importer(815301076,1909f56bfc062723c751e8b465ee728b)
Start importing Assets/Scripts/SeguirWP.cs using Guid(fa40b3335edfe834097929e9162e41d1) Importer(815301076,1909f56bfc062723c751e8b465ee728b) (PreviewImporter) -> (artifact id: '00000000000000000000000000000000') in 0.001799666 seconds
Import Error Code:(4)
Message: Build asset version error: assets/scripts/seguirwp.cs in SourceAssetDB has modification time of '2025-10-29T19:09:46Z' while content on disk has modification time of '2026-10-01T13:43:59Z'
  ERROR: Build asset version error: assets/scripts/seguirwp.cs in SourceAssetDB has modification time of '2025-10-29T19:09:46Z' while content on disk has modification time of '2026-10-01T13:43:59Z'
Number of updated asset objects reloaded before import = 0Number of asset objects unloaded after import = 0

========================================================================
Received Import Request.
  Time since last request: 0.004105 seconds.
  path: Assets/Scripts/SeguirWP.cs
  artifactKey: Guid(fa40b3335edfe834097929e9162e41d1) Importer(815301076,1909f56bfc062723c751e8b465ee728b)
Start importing Assets/Scripts/SeguirWP.cs using Guid(fa40b3335edfe834097929e9162e41d1) Importer(815301076,1909f56bfc062723c751e8b465ee728b) (PreviewImporter) -> (artifact id: '00000000000000000000000000000000') in 0.001077583 seconds
Import Error Code:(4)
Message: Build asset version error: assets/scripts/seguirwp.cs in SourceAssetDB has modification time of '2025-10-29T19:09:46Z' while content on disk has modification time of '2026-10-01T13:43:59Z'
  ERROR: Build asset version error: assets/scripts/seguirwp.cs in SourceAssetDB has modification time of '2025-10-29T19:09:46Z' while content on disk has modification time of '2026-10-01T13:43:59Z'
Number of updated asset objects reloaded before import = 0Number of asset objects unloaded after import = 0

========================================================================
Received Import Request.
  Time since last request: 0.012868 seconds.
  path: Assets/Scripts/SeguirWP.cs
  artifactKey: Guid(fa40b3335edfe834097929e9162e41d1) Importer(815301076,1909f56bfc062723c751e8b465ee728b)
Start importing Assets/Scripts/SeguirWP.cs using Guid(fa40b3335edfe834097929e9162e41d1) Importer(815301076,1909f56bfc062723c751e8b465ee728b) (PreviewImporter) -> (artifact id: '00000000000000000000000000000000') in 0.000712583 seconds
Import Error Code:(4)
Message: Build asset version error: assets/scripts/seguirwp.cs in SourceAssetDB has modification time of '2025-10-29T19:09:46Z' while content on disk has modification time of '2026-10-01T13:43:59Z'
  ERROR: Build asset version error: assets/scripts/seguirwp.cs in SourceAssetDB has modification time of '2025-10-29T19:09:46Z' while content on disk has modification time of '2026-10-01T13:43:59Z'
Number of updated asset objects reloaded before import = 0Number of asset objects unloaded after import = 0

========================================================================
Received Import Request.
  Time since last request: 0.003194 seconds.
  path: Assets/Scripts/SeguirWP.cs
  artifactKey: Guid(fa40b3335edfe834097929e9162e41d1) Importer(815301076,1909f56bfc062723c751e8b465ee728b)
Start importing Assets/Scripts/SeguirWP.cs using Guid(fa40b3335edfe834097929e9162e41d1) Importer(815301076,1909f56bfc062723c751e8b465ee728b) (PreviewImporter) -> (artifact id: '00000000000000000000000000000000') in 0.001345125 seconds
Import Error Code:(4)
Message: Build asset version error: assets/scripts/seguirwp.cs in SourceAssetDB has modification time of '2025-10-29T19:09:46Z' while content on disk has modification time of '2026-10-01T13:43:59Z'
  ERROR: Build asset version error: assets/scripts/seguirwp.cs in SourceAssetDB has modification time of '2025-10-29T19:09:46Z' while content on disk has modification time of '2026-10-01T13:43:59Z'
Number of updated asset objects reloaded before import = 0Number of asset objects unloaded after import = 0

========================================================================
Received Import Request.
  Time since last request: 0.011662 seconds.
  path: Assets/Scripts/SeguirWP.cs
  artifactKey: Guid(fa40b3335edfe834097929e9162e41d1) Importer(815301076,1909f56bfc062723c751e8b465ee728b)
Start importing Assets/Scripts/SeguirWP.cs using Guid(fa40b3335edfe834097929e9162e41d1) Importer(815301076,1909f56bfc062723c751e8b465ee728b) (PreviewImporter) -> (artifact id: '00000000000000000000000000000000') in 0.001525916 seconds
Import Error Code:(4)
Message: Build asset version error: assets/scripts/seguirwp.cs in SourceAssetDB has modification time of '2025-10-29T19:09:46Z' while content on disk has modification time of '2026-10-01T13:43:59Z'
  ERROR: Build asset version error: assets/scripts/seguirwp.cs in SourceAssetDB has modification time of '2025-10-29T19:09:46Z' while content on disk has modification time of '2026-10-01T13:43:59Z'
Number of updated asset objects reloaded before import = 0Number of asset objects unloaded after import = 0

========================================================================
Received Import Request.
  Time since last request: 0.004263 seconds.
  path: Assets/Scripts/SeguirWP.cs
  artifactKey: Guid(fa40b3335edfe834097929e9162e41d1) Importer(815301076,1909f56bfc062723c751e8b465ee728b)
Start importing Assets/Scripts/SeguirWP.cs using Guid(fa40b3335edfe834097929e9162e41d1) Importer(815301076,1909f56bfc062723c751e8b465ee728b) (PreviewImporter) -> (artifact id: '00000000000000000000000000000000') in 0.00091575 seconds
Import Error Code:(4)
Message: Build asset version error: assets/scripts/seguirwp.cs in SourceAssetDB has modification time of '2025-10-29T19:09:46Z' while content on disk has modification time of '2026-10-01T13:43:59Z'
  ERROR: Build asset version error: assets/scripts/seguirwp.cs in SourceAssetDB has modification time of '2025-10-29T19:09:46Z' while content on disk has modification time of '2026-10-01T13:43:59Z'
Number of updated asset objects reloaded before import = 0Number of asset objects unloaded after import = 0

========================================================================
Received Import Request.
  Time since last request: 0.001066 seconds.
  path: Assets/Scripts/SeguirWP.cs
  artifactKey: Guid(fa40b3335edfe834097929e9162e41d1) Importer(815301076,1909f56bfc062723c751e8b465ee728b)
Start importing Assets/Scripts/SeguirWP.cs using Guid(fa40b3335edfe834097929e9162e41d1) Importer(815301076,1909f56bfc062723c751e8b465ee728b) (PreviewImporter) -> (artifact id: '00000000000000000000000000000000') in 0.000851917 seconds
Import Error Code:(4)
Message: Build asset version error: assets/scripts/seguirwp.cs in SourceAssetDB has modification time of '2025-10-29T19:09:46Z' while content on disk has modification time of '2026-10-01T13:43:59Z'
  ERROR: Build asset version error: assets/scripts/seguirwp.cs in SourceAssetDB has modification time of '2025-10-29T19:09:46Z' while content on disk has modification time of '2026-10-01T13:43:59Z'
Number of updated asset objects reloaded before import = 0Number of asset objects unloaded after import = 0

========================================================================
Received Import Request.
  Time since last request: 0.001289 seconds.
  path: Assets/Scripts/SeguirWP.cs
  artifactKey: Guid(fa40b3335edfe834097929e9162e41d1) Importer(815301076,1909f56bfc062723c751e8b465ee728b)
Start importing Assets/Scripts/SeguirWP.cs using Guid(fa40b3335edfe834097929e9162e41d1) Importer(815301076,1909f56bfc062723c751e8b465ee728b) (PreviewImporter) -> (artifact id: '00000000000000000000000000000000') in 0.000502 seconds
Import Error Code:(4)
Message: Build asset version error: assets/scripts/seguirwp.cs in SourceAssetDB has modification time of '2025-10-29T19:09:46Z' while content on disk has modification time of '2026-10-01T13:43:59Z'
  ERROR: Build asset version error: assets/scripts/seguirwp.cs in SourceAssetDB has modification time of '2025-10-29T19:09:46Z' while content on disk has modification time of '2026-10-01T13:43:59Z'
Number of updated asset objects reloaded before import = 0Number of asset objects unloaded after import = 0

========================================================================
Received Import Request.
  Time since last request: 0.004079 seconds.
  path: Assets/Scripts/SeguirWP.cs
  artifactKey: Guid(fa40b3335edfe834097929e9162e41d1) Importer(815301076,1909f56bfc062723c751e8b465ee728b)
Start importing Assets/Scripts/SeguirWP.cs using Guid(fa40b3335edfe834097929e9162e41d1) Importer(815301076,1909f56bfc062723c751e8b465ee728b) (PreviewImporter) -> (artifact id: '00000000000000000000000000000000') in 0.001463166 seconds
Import Error Code:(4)
Message: Build asset version error: assets/scripts/seguirwp.cs in SourceAssetDB has modification time of '2025-10-29T19:09:46Z' while content on disk has modification time of '2026-10-01T13:43:59Z'
  ERROR: Build asset version error: assets/scripts/seguirwp.cs in SourceAssetDB has modification time of '2025-10-29T19:09:46Z' while content on disk has modification time of '2026-10-01T13:43:59Z'
Number of updated asset objects reloaded before import = 0Number of asset objects unloaded after import = 0

========================================================================
Received Import Request.
  Time since last request: 0.011279 seconds.
  path: Assets/Scripts/SeguirWP.cs
  artifactKey: Guid(fa40b3335edfe834097929e9162e41d1) Importer(815301076,1909f56bfc062723c751e8b465ee728b)
Start importing Assets/Scripts/SeguirWP.cs using Guid(fa40b3335edfe834097929e9162e41d1) Importer(815301076,1909f56bfc062723c751e8b465ee728b) (PreviewImporter) -> (artifact id: '00000000000000000000000000000000') in 0.000627458 seconds
Import Error Code:(4)
Message: Build asset version error: assets/scripts/seguirwp.cs in SourceAssetDB has modification time of '2025-10-29T19:09:46Z' while content on disk has modification time of '2026-10-01T13:43:59Z'
  ERROR: Build asset version error: assets/scripts/seguirwp.cs in SourceAssetDB has modification time of '2025-10-29T19:09:46Z' while content on disk has modification time of '2026-10-01T13:43:59Z'
Number of updated asset objects reloaded before import = 0Number of asset objects unloaded after import = 0

========================================================================
Received Import Request.
  Time since last request: 0.001237 seconds.
  path: Assets/Scripts/SeguirWP.cs
  artifactKey: Guid(fa40b3335edfe834097929e9162e41d1) Importer(815301076,1909f56bfc062723c751e8b465ee728b)
Start importing Assets/Scripts/SeguirWP.cs using Guid(fa40b3335edfe834097929e9162e41d1) Importer(815301076,1909f56bfc062723c751e8b465ee728b) (PreviewImporter) -> (artifact id: '00000000000000000000000000000000') in 0.001153167 seconds
Import Error Code:(4)
Message: Build asset version error: assets/scripts/seguirwp.cs in SourceAssetDB has modification time of '2025-10-29T19:09:46Z' while content on disk has modification time of '2026-10-01T13:43:59Z'
  ERROR: Build asset version error: assets/scripts/seguirwp.cs in SourceAssetDB has modification time of '2025-10-29T19:09:46Z' while content on disk has modification time of '2026-10-01T13:43:59Z'
Number of updated asset objects reloaded before import = 0Number of asset objects unloaded after import = 0

========================================================================
Received Import Request.
  Time since last request: 0.002793 seconds.
  path: Assets/Scripts/SeguirWP.cs
  artifactKey: Guid(fa40b3335edfe834097929e9162e41d1) Importer(815301076,1909f56bfc062723c751e8b465ee728b)
Start importing Assets/Scripts/SeguirWP.cs using Guid(fa40b3335edfe834097929e9162e41d1) Importer(815301076,1909f56bfc062723c751e8b465ee728b) (PreviewImporter) -> (artifact id: '00000000000000000000000000000000') in 0.001591584 seconds
Import Error Code:(4)
Message: Build asset version error: assets/scripts/seguirwp.cs in SourceAssetDB has modification time of '2025-10-29T19:09:46Z' while content on disk has modification time of '2026-10-01T13:43:59Z'
  ERROR: Build asset version error: assets/scripts/seguirwp.cs in SourceAssetDB has modification time of '2025-10-29T19:09:46Z' while content on disk has modification time of '2026-10-01T13:43:59Z'
Number of updated asset objects reloaded before import = 0Number of asset objects unloaded after import = 0

========================================================================
Received Import Request.
  Time since last request: 0.002699 seconds.
  path: Assets/Scripts/SeguirWP.cs
  artifactKey: Guid(fa40b3335edfe834097929e9162e41d1) Importer(815301076,1909f56bfc062723c751e8b465ee728b)
Start importing Assets/Scripts/SeguirWP.cs using Guid(fa40b3335edfe834097929e9162e41d1) Importer(815301076,1909f56bfc062723c751e8b465ee728b) (PreviewImporter) -> (artifact id: '00000000000000000000000000000000') in 0.001079042 seconds
Import Error Code:(4)
Message: Build asset version error: assets/scripts/seguirwp.cs in SourceAssetDB has modification time of '2025-10-29T19:09:46Z' while content on disk has modification time of '2026-10-01T13:43:59Z'
  ERROR: Build asset version error: assets/scripts/seguirwp.cs in SourceAssetDB has modification time of '2025-10-29T19:09:46Z' while content on disk has modification time of '2026-10-01T13:43:59Z'
Number of updated asset objects reloaded before import = 0Number of asset objects unloaded after import = 0

========================================================================
Received Import Request.
  Time since last request: 0.000842 seconds.
  path: Assets/Scripts/SeguirWP.cs
  artifactKey: Guid(fa40b3335edfe834097929e9162e41d1) Importer(815301076,1909f56bfc062723c751e8b465ee728b)
Start importing Assets/Scripts/SeguirWP.cs using Guid(fa40b3335edfe834097929e9162e41d1) Importer(815301076,1909f56bfc062723c751e8b465ee728b) (PreviewImporter) -> (artifact id: '00000000000000000000000000000000') in 0.000828209 seconds
Import Error Code:(4)
Message: Build asset version error: assets/scripts/seguirwp.cs in SourceAssetDB has modification time of '2025-10-29T19:09:46Z' while content on disk has modification time of '2026-10-01T13:43:59Z'
  ERROR: Build asset version error: assets/scripts/seguirwp.cs in SourceAssetDB has modification time of '2025-10-29T19:09:46Z' while content on disk has modification time of '2026-10-01T13:43:59Z'
Number of updated asset objects reloaded before import = 0Number of asset objects unloaded after import = 0

========================================================================
Received Import Request.
  Time since last request: 0.003997 seconds.
  path: Assets/Scripts/SeguirWP.cs
  artifactKey: Guid(fa40b3335edfe834097929e9162e41d1) Importer(815301076,1909f56bfc062723c751e8b465ee728b)
Start importing Assets/Scripts/SeguirWP.cs using Guid(fa40b3335edfe834097929e9162e41d1) Importer(815301076,1909f56bfc062723c751e8b465ee728b) (PreviewImporter) -> (artifact id: '00000000000000000000000000000000') in 0.000763875 seconds
Import Error Code:(4)
Message: Build asset version error: assets/scripts/seguirwp.cs in SourceAssetDB has modification time of '2025-10-29T19:09:46Z' while content on disk has modification time of '2026-10-01T13:43:59Z'
  ERROR: Build asset version error: assets/scripts/seguirwp.cs in SourceAssetDB has modification time of '2025-10-29T19:09:46Z' while content on disk has modification time of '2026-10-01T13:43:59Z'
Number of updated asset objects reloaded before import = 0Number of asset objects unloaded after import = 0

========================================================================
Received Import Request.
  Time since last request: 0.003570 seconds.
  path: Assets/Scripts/SeguirWP.cs
  artifactKey: Guid(fa40b3335edfe834097929e9162e41d1) Importer(815301076,1909f56bfc062723c751e8b465ee728b)
Start importing Assets/Scripts/SeguirWP.cs using Guid(fa40b3335edfe834097929e9162e41d1) Importer(815301076,1909f56bfc062723c751e8b465ee728b) (PreviewImporter) -> (artifact id: '00000000000000000000000000000000') in 0.000628667 seconds
Import Error Code:(4)
Message: Build asset version error: assets/scripts/seguirwp.cs in SourceAssetDB has modification time of '2025-10-29T19:09:46Z' while content on disk has modification time of '2026-10-01T13:43:59Z'
  ERROR: Build asset version error: assets/scripts/seguirwp.cs in SourceAssetDB has modification time of '2025-10-29T19:09:46Z' while content on disk has modification time of '2026-10-01T13:43:59Z'
Number of updated asset objects reloaded before import = 0Number of asset objects unloaded after import = 0

========================================================================
Received Import Request.
  Time since last request: 0.002411 seconds.
  path: Assets/Scripts/SeguirWP.cs
  artifactKey: Guid(fa40b3335edfe834097929e9162e41d1) Importer(815301076,1909f56bfc062723c751e8b465ee728b)
Start importing Assets/Scripts/SeguirWP.cs using Guid(fa40b3335edfe834097929e9162e41d1) Importer(815301076,1909f56bfc062723c751e8b465ee728b) (PreviewImporter) -> (artifact id: '00000000000000000000000000000000') in 0.000940041 seconds
Import Error Code:(4)
Message: Build asset version error: assets/scripts/seguirwp.cs in SourceAssetDB has modification time of '2025-10-29T19:09:46Z' while content on disk has modification time of '2026-10-01T13:43:59Z'
  ERROR: Build asset version error: assets/scripts/seguirwp.cs in SourceAssetDB has modification time of '2025-10-29T19:09:46Z' while content on disk has modification time of '2026-10-01T13:43:59Z'
Number of updated asset objects reloaded before import = 0Number of asset objects unloaded after import = 0

========================================================================
Received Import Request.
  Time since last request: 0.008860 seconds.
  path: Assets/Scripts/SeguirWP.cs
  artifactKey: Guid(fa40b3335edfe834097929e9162e41d1) Importer(815301076,1909f56bfc062723c751e8b465ee728b)
Start importing Assets/Scripts/SeguirWP.cs using Guid(fa40b3335edfe834097929e9162e41d1) Importer(815301076,1909f56bfc062723c751e8b465ee728b) (PreviewImporter) -> (artifact id: '00000000000000000000000000000000') in 0.000871416 seconds
Import Error Code:(4)
Message: Build asset version error: assets/scripts/seguirwp.cs in SourceAssetDB has modification time of '2025-10-29T19:09:46Z' while content on disk has modification time of '2026-10-01T13:43:59Z'
  ERROR: Build asset version error: assets/scripts/seguirwp.cs in SourceAssetDB has modification time of '2025-10-29T19:09:46Z' while content on disk has modification time of '2026-10-01T13:43:59Z'
Number of updated asset objects reloaded before import = 0Number of asset objects unloaded after import = 0

========================================================================
Received Import Request.
  Time since last request: 0.022734 seconds.
  path: Assets/Scripts/SeguirWP.cs
  artifactKey: Guid(fa40b3335edfe834097929e9162e41d1) Importer(815301076,1909f56bfc062723c751e8b465ee728b)
Start importing Assets/Scripts/SeguirWP.cs using Guid(fa40b3335edfe834097929e9162e41d1) Importer(815301076,1909f56bfc062723c751e8b465ee728b) (PreviewImporter) -> (artifact id: '00000000000000000000000000000000') in 0.0012545 seconds
Import Error Code:(4)
Message: Build asset version error: assets/scripts/seguirwp.cs in SourceAssetDB has modification time of '2025-10-29T19:09:46Z' while content on disk has modification time of '2026-10-01T13:43:59Z'
  ERROR: Build asset version error: assets/scripts/seguirwp.cs in SourceAssetDB has modification time of '2025-10-29T19:09:46Z' while content on disk has modification time of '2026-10-01T13:43:59Z'
Number of updated asset objects reloaded before import = 0Number of asset objects unloaded after import = 0

========================================================================
Received Import Request.
  Time since last request: 0.007271 seconds.
  path: Assets/Scripts/SeguirWP.cs
  artifactKey: Guid(fa40b3335edfe834097929e9162e41d1) Importer(815301076,1909f56bfc062723c751e8b465ee728b)
Start importing Assets/Scripts/SeguirWP.cs using Guid(fa40b3335edfe834097929e9162e41d1) Importer(815301076,1909f56bfc062723c751e8b465ee728b) (PreviewImporter) -> (artifact id: '00000000000000000000000000000000') in 0.000798625 seconds
Import Error Code:(4)
Message: Build asset version error: assets/scripts/seguirwp.cs in SourceAssetDB has modification time of '2025-10-29T19:09:46Z' while content on disk has modification time of '2026-10-01T13:43:59Z'
  ERROR: Build asset version error: assets/scripts/seguirwp.cs in SourceAssetDB has modification time of '2025-10-29T19:09:46Z' while content on disk has modification time of '2026-10-01T13:43:59Z'
Number of updated asset objects reloaded before import = 0Number of asset objects unloaded after import = 0

========================================================================
Received Import Request.
  Time since last request: 0.010385 seconds.
  path: Assets/Scripts/SeguirWP.cs
  artifactKey: Guid(fa40b3335edfe834097929e9162e41d1) Importer(815301076,1909f56bfc062723c751e8b465ee728b)
Start importing Assets/Scripts/SeguirWP.cs using Guid(fa40b3335edfe834097929e9162e41d1) Importer(815301076,1909f56bfc062723c751e8b465ee728b) (PreviewImporter) -> (artifact id: '00000000000000000000000000000000') in 0.001155417 seconds
Import Error Code:(4)
Message: Build asset version error: assets/scripts/seguirwp.cs in SourceAssetDB has modification time of '2025-10-29T19:09:46Z' while content on disk has modification time of '2026-10-01T13:43:59Z'
  ERROR: Build asset version error: assets/scripts/seguirwp.cs in SourceAssetDB has modification time of '2025-10-29T19:09:46Z' while content on disk has modification time of '2026-10-01T13:43:59Z'
Number of updated asset objects reloaded before import = 0Number of asset objects unloaded after import = 0

========================================================================
Received Import Request.
  Time since last request: 0.005755 seconds.
  path: Assets/Scripts/SeguirWP.cs
  artifactKey: Guid(fa40b3335edfe834097929e9162e41d1) Importer(815301076,1909f56bfc062723c751e8b465ee728b)
Start importing Assets/Scripts/SeguirWP.cs using Guid(fa40b3335edfe834097929e9162e41d1) Importer(815301076,1909f56bfc062723c751e8b465ee728b) (PreviewImporter) -> (artifact id: '00000000000000000000000000000000') in 0.001507 seconds
Import Error Code:(4)
Message: Build asset version error: assets/scripts/seguirwp.cs in SourceAssetDB has modification time of '2025-10-29T19:09:46Z' while content on disk has modification time of '2026-10-01T13:43:59Z'
  ERROR: Build asset version error: assets/scripts/seguirwp.cs in SourceAssetDB has modification time of '2025-10-29T19:09:46Z' while content on disk has modification time of '2026-10-01T13:43:59Z'
Number of updated asset objects reloaded before import = 0Number of asset objects unloaded after import = 0

========================================================================
Received Import Request.
  Time since last request: 0.017849 seconds.
  path: Assets/Scripts/SeguirWP.cs
  artifactKey: Guid(fa40b3335edfe834097929e9162e41d1) Importer(815301076,1909f56bfc062723c751e8b465ee728b)
Start importing Assets/Scripts/SeguirWP.cs using Guid(fa40b3335edfe834097929e9162e41d1) Importer(815301076,1909f56bfc062723c751e8b465ee728b) (PreviewImporter) -> (artifact id: '00000000000000000000000000000000') in 0.001023542 seconds
Import Error Code:(4)
Message: Build asset version error: assets/scripts/seguirwp.cs in SourceAssetDB has modification time of '2025-10-29T19:09:46Z' while content on disk has modification time of '2026-10-01T13:43:59Z'
  ERROR: Build asset version error: assets/scripts/seguirwp.cs in SourceAssetDB has modification time of '2025-10-29T19:09:46Z' while content on disk has modification time of '2026-10-01T13:43:59Z'
Number of updated asset objects reloaded before import = 0Number of asset objects unloaded after import = 0

========================================================================
Received Import Request.
  Time since last request: 0.005124 seconds.
  path: Assets/Scripts/SeguirWP.cs
  artifactKey: Guid(fa40b3335edfe834097929e9162e41d1) Importer(815301076,1909f56bfc062723c751e8b465ee728b)
Start importing Assets/Scripts/SeguirWP.cs using Guid(fa40b3335edfe834097929e9162e41d1) Importer(815301076,1909f56bfc062723c751e8b465ee728b) (PreviewImporter) -> (artifact id: '00000000000000000000000000000000') in 0.001256541 seconds
Import Error Code:(4)
Message: Build asset version error: assets/scripts/seguirwp.cs in SourceAssetDB has modification time of '2025-10-29T19:09:46Z' while content on disk has modification time of '2026-10-01T13:43:59Z'
  ERROR: Build asset version error: assets/scripts/seguirwp.cs in SourceAssetDB has modification time of '2025-10-29T19:09:46Z' while content on disk has modification time of '2026-10-01T13:43:59Z'
Number of updated asset objects reloaded before import = 0Number of asset objects unloaded after import = 0

========================================================================
Received Import Request.
  Time since last request: 0.000506 seconds.
  path: Assets/Scripts/SeguirWP.cs
  artifactKey: Guid(fa40b3335edfe834097929e9162e41d1) Importer(815301076,1909f56bfc062723c751e8b465ee728b)
Start importing Assets/Scripts/SeguirWP.cs using Guid(fa40b3335edfe834097929e9162e41d1) Importer(815301076,1909f56bfc062723c751e8b465ee728b) (PreviewImporter) -> (artifact id: '00000000000000000000000000000000') in 0.001604791 seconds
Import Error Code:(4)
Message: Build asset version error: assets/scripts/seguirwp.cs in SourceAssetDB has modification time of '2025-10-29T19:09:46Z' while content on disk has modification time of '2026-10-01T13:43:59Z'
  ERROR: Build asset version error: assets/scripts/seguirwp.cs in SourceAssetDB has modification time of '2025-10-29T19:09:46Z' while content on disk has modification time of '2026-10-01T13:43:59Z'
Number of updated asset objects reloaded before import = 0Number of asset objects unloaded after import = 0

========================================================================
Received Import Request.
  Time since last request: 0.012936 seconds.
  path: Assets/Scripts/SeguirWP.cs
  artifactKey: Guid(fa40b3335edfe834097929e9162e41d1) Importer(815301076,1909f56bfc062723c751e8b465ee728b)
Start importing Assets/Scripts/SeguirWP.cs using Guid(fa40b3335edfe834097929e9162e41d1) Importer(815301076,1909f56bfc062723c751e8b465ee728b) (PreviewImporter) -> (artifact id: '00000000000000000000000000000000') in 0.00131925 seconds
Import Error Code:(4)
Message: Build asset version error: assets/scripts/seguirwp.cs in SourceAssetDB has modification time of '2025-10-29T19:09:46Z' while content on disk has modification time of '2026-10-01T13:43:59Z'
  ERROR: Build asset version error: assets/scripts/seguirwp.cs in SourceAssetDB has modification time of '2025-10-29T19:09:46Z' while content on disk has modification time of '2026-10-01T13:43:59Z'
Number of updated asset objects reloaded before import = 0Number of asset objects unloaded after import = 0

========================================================================
Received Import Request.
  Time since last request: 0.007672 seconds.
  path: Assets/Scripts/SeguirWP.cs
  artifactKey: Guid(fa40b3335edfe834097929e9162e41d1) Importer(815301076,1909f56bfc062723c751e8b465ee728b)
Start importing Assets/Scripts/SeguirWP.cs using Guid(fa40b3335edfe834097929e9162e41d1) Importer(815301076,1909f56bfc062723c751e8b465ee728b) (PreviewImporter) -> (artifact id: '00000000000000000000000000000000') in 0.000837125 seconds
Import Error Code:(4)
Message: Build asset version error: assets/scripts/seguirwp.cs in SourceAssetDB has modification time of '2025-10-29T19:09:46Z' while content on disk has modification time of '2026-10-01T13:43:59Z'
  ERROR: Build asset version error: assets/scripts/seguirwp.cs in SourceAssetDB has modification time of '2025-10-29T19:09:46Z' while content on disk has modification time of '2026-10-01T13:43:59Z'
Number of updated asset objects reloaded before import = 0Number of asset objects unloaded after import = 0

========================================================================
Received Import Request.
  Time since last request: 0.001468 seconds.
  path: Assets/Scripts/SeguirWP.cs
  artifactKey: Guid(fa40b3335edfe834097929e9162e41d1) Importer(815301076,1909f56bfc062723c751e8b465ee728b)
Start importing Assets/Scripts/SeguirWP.cs using Guid(fa40b3335edfe834097929e9162e41d1) Importer(815301076,1909f56bfc062723c751e8b465ee728b) (PreviewImporter) -> (artifact id: '00000000000000000000000000000000') in 0.000998417 seconds
Import Error Code:(4)
Message: Build asset version error: assets/scripts/seguirwp.cs in SourceAssetDB has modification time of '2025-10-29T19:09:46Z' while content on disk has modification time of '2026-10-01T13:43:59Z'
  ERROR: Build asset version error: assets/scripts/seguirwp.cs in SourceAssetDB has modification time of '2025-10-29T19:09:46Z' while content on disk has modification time of '2026-10-01T13:43:59Z'
Number of updated asset objects reloaded before import = 0Number of asset objects unloaded after import = 0

========================================================================
Received Import Request.
  Time since last request: 0.004649 seconds.
  path: Assets/Scripts/SeguirWP.cs
  artifactKey: Guid(fa40b3335edfe834097929e9162e41d1) Importer(815301076,1909f56bfc062723c751e8b465ee728b)
Start importing Assets/Scripts/SeguirWP.cs using Guid(fa40b3335edfe834097929e9162e41d1) Importer(815301076,1909f56bfc062723c751e8b465ee728b) (PreviewImporter) -> (artifact id: '00000000000000000000000000000000') in 0.000787584 seconds
Import Error Code:(4)
Message: Build asset version error: assets/scripts/seguirwp.cs in SourceAssetDB has modification time of '2025-10-29T19:09:46Z' while content on disk has modification time of '2026-10-01T13:43:59Z'
  ERROR: Build asset version error: assets/scripts/seguirwp.cs in SourceAssetDB has modification time of '2025-10-29T19:09:46Z' while content on disk has modification time of '2026-10-01T13:43:59Z'
Number of updated asset objects reloaded before import = 0Number of asset objects unloaded after import = 0

========================================================================
Received Import Request.
  Time since last request: 0.005356 seconds.
  path: Assets/Scripts/SeguirWP.cs
  artifactKey: Guid(fa40b3335edfe834097929e9162e41d1) Importer(815301076,1909f56bfc062723c751e8b465ee728b)
Start importing Assets/Scripts/SeguirWP.cs using Guid(fa40b3335edfe834097929e9162e41d1) Importer(815301076,1909f56bfc062723c751e8b465ee728b) (PreviewImporter) -> (artifact id: '00000000000000000000000000000000') in 0.000948333 seconds
Import Error Code:(4)
Message: Build asset version error: assets/scripts/seguirwp.cs in SourceAssetDB has modification time of '2025-10-29T19:09:46Z' while content on disk has modification time of '2026-10-01T13:43:59Z'
  ERROR: Build asset version error: assets/scripts/seguirwp.cs in SourceAssetDB has modification time of '2025-10-29T19:09:46Z' while content on disk has modification time of '2026-10-01T13:43:59Z'
Number of updated asset objects reloaded before import = 0Number of asset objects unloaded after import = 0

========================================================================
Received Import Request.
  Time since last request: 0.008219 seconds.
  path: Assets/Scripts/SeguirWP.cs
  artifactKey: Guid(fa40b3335edfe834097929e9162e41d1) Importer(815301076,1909f56bfc062723c751e8b465ee728b)
Start importing Assets/Scripts/SeguirWP.cs using Guid(fa40b3335edfe834097929e9162e41d1) Importer(815301076,1909f56bfc062723c751e8b465ee728b) (PreviewImporter) -> (artifact id: '00000000000000000000000000000000') in 0.00086925 seconds
Import Error Code:(4)
Message: Build asset version error: assets/scripts/seguirwp.cs in SourceAssetDB has modification time of '2025-10-29T19:09:46Z' while content on disk has modification time of '2026-10-01T13:43:59Z'
  ERROR: Build asset version error: assets/scripts/seguirwp.cs in SourceAssetDB has modification time of '2025-10-29T19:09:46Z' while content on disk has modification time of '2026-10-01T13:43:59Z'
Number of updated asset objects reloaded before import = 0Number of asset objects unloaded after import = 0

========================================================================
Received Import Request.
  Time since last request: 0.005086 seconds.
  path: Assets/Scripts/SeguirWP.cs
  artifactKey: Guid(fa40b3335edfe834097929e9162e41d1) Importer(815301076,1909f56bfc062723c751e8b465ee728b)
Start importing Assets/Scripts/SeguirWP.cs using Guid(fa40b3335edfe834097929e9162e41d1) Importer(815301076,1909f56bfc062723c751e8b465ee728b) (PreviewImporter) -> (artifact id: '00000000000000000000000000000000') in 0.000632417 seconds
Import Error Code:(4)
Message: Build asset version error: assets/scripts/seguirwp.cs in SourceAssetDB has modification time of '2025-10-29T19:09:46Z' while content on disk has modification time of '2026-10-01T13:43:59Z'
  ERROR: Build asset version error: assets/scripts/seguirwp.cs in SourceAssetDB has modification time of '2025-10-29T19:09:46Z' while content on disk has modification time of '2026-10-01T13:43:59Z'
Number of updated asset objects reloaded before import = 0Number of asset objects unloaded after import = 0

========================================================================
Received Import Request.
  Time since last request: 0.000229 seconds.
  path: Assets/Scripts/SeguirWP.cs
  artifactKey: Guid(fa40b3335edfe834097929e9162e41d1) Importer(815301076,1909f56bfc062723c751e8b465ee728b)
Start importing Assets/Scripts/SeguirWP.cs using Guid(fa40b3335edfe834097929e9162e41d1) Importer(815301076,1909f56bfc062723c751e8b465ee728b) (PreviewImporter) -> (artifact id: '00000000000000000000000000000000') in 0.001006458 seconds
Import Error Code:(4)
Message: Build asset version error: assets/scripts/seguirwp.cs in SourceAssetDB has modification time of '2025-10-29T19:09:46Z' while content on disk has modification time of '2026-10-01T13:43:59Z'
  ERROR: Build asset version error: assets/scripts/seguirwp.cs in SourceAssetDB has modification time of '2025-10-29T19:09:46Z' while content on disk has modification time of '2026-10-01T13:43:59Z'
Number of updated asset objects reloaded before import = 0Number of asset objects unloaded after import = 0

========================================================================
Received Import Request.
  Time since last request: 0.007772 seconds.
  path: Assets/Scripts/SeguirWP.cs
  artifactKey: Guid(fa40b3335edfe834097929e9162e41d1) Importer(815301076,1909f56bfc062723c751e8b465ee728b)
Start importing Assets/Scripts/SeguirWP.cs using Guid(fa40b3335edfe834097929e9162e41d1) Importer(815301076,1909f56bfc062723c751e8b465ee728b) (PreviewImporter) -> (artifact id: '00000000000000000000000000000000') in 0.001221458 seconds
Import Error Code:(4)
Message: Build asset version error: assets/scripts/seguirwp.cs in SourceAssetDB has modification time of '2025-10-29T19:09:46Z' while content on disk has modification time of '2026-10-01T13:43:59Z'
  ERROR: Build asset version error: assets/scripts/seguirwp.cs in SourceAssetDB has modification time of '2025-10-29T19:09:46Z' while content on disk has modification time of '2026-10-01T13:43:59Z'
Number of updated asset objects reloaded before import = 0Number of asset objects unloaded after import = 0

========================================================================
Received Import Request.
  Time since last request: 0.003900 seconds.
  path: Assets/Scripts/SeguirWP.cs
  artifactKey: Guid(fa40b3335edfe834097929e9162e41d1) Importer(815301076,1909f56bfc062723c751e8b465ee728b)
Start importing Assets/Scripts/SeguirWP.cs using Guid(fa40b3335edfe834097929e9162e41d1) Importer(815301076,1909f56bfc062723c751e8b465ee728b) (PreviewImporter) -> (artifact id: '00000000000000000000000000000000') in 0.001690458 seconds
Import Error Code:(4)
Message: Build asset version error: assets/scripts/seguirwp.cs in SourceAssetDB has modification time of '2025-10-29T19:09:46Z' while content on disk has modification time of '2026-10-01T13:43:59Z'
  ERROR: Build asset version error: assets/scripts/seguirwp.cs in SourceAssetDB has modification time of '2025-10-29T19:09:46Z' while content on disk has modification time of '2026-10-01T13:43:59Z'
Number of updated asset objects reloaded before import = 0Number of asset objects unloaded after import = 0

========================================================================
Received Import Request.
  Time since last request: 0.014407 seconds.
  path: Assets/Scripts/SeguirWP.cs
  artifactKey: Guid(fa40b3335edfe834097929e9162e41d1) Importer(815301076,1909f56bfc062723c751e8b465ee728b)
Start importing Assets/Scripts/SeguirWP.cs using Guid(fa40b3335edfe834097929e9162e41d1) Importer(815301076,1909f56bfc062723c751e8b465ee728b) (PreviewImporter) -> (artifact id: '00000000000000000000000000000000') in 0.001162875 seconds
Import Error Code:(4)
Message: Build asset version error: assets/scripts/seguirwp.cs in SourceAssetDB has modification time of '2025-10-29T19:09:46Z' while content on disk has modification time of '2026-10-01T13:43:59Z'
  ERROR: Build asset version error: assets/scripts/seguirwp.cs in SourceAssetDB has modification time of '2025-10-29T19:09:46Z' while content on disk has modification time of '2026-10-01T13:43:59Z'
Number of updated asset objects reloaded before import = 0Number of asset objects unloaded after import = 0

========================================================================
Received Import Request.
  Time since last request: 0.005449 seconds.
  path: Assets/Scripts/SeguirWP.cs
  artifactKey: Guid(fa40b3335edfe834097929e9162e41d1) Importer(815301076,1909f56bfc062723c751e8b465ee728b)
Start importing Assets/Scripts/SeguirWP.cs using Guid(fa40b3335edfe834097929e9162e41d1) Importer(815301076,1909f56bfc062723c751e8b465ee728b) (PreviewImporter) -> (artifact id: '00000000000000000000000000000000') in 0.001002334 seconds
Import Error Code:(4)
Message: Build asset version error: assets/scripts/seguirwp.cs in SourceAssetDB has modification time of '2025-10-29T19:09:46Z' while content on disk has modification time of '2026-10-01T13:43:59Z'
  ERROR: Build asset version error: assets/scripts/seguirwp.cs in SourceAssetDB has modification time of '2025-10-29T19:09:46Z' while content on disk has modification time of '2026-10-01T13:43:59Z'
Number of updated asset objects reloaded before import = 0Number of asset objects unloaded after import = 0

========================================================================
Received Import Request.
  Time since last request: 0.006171 seconds.
  path: Assets/Scripts/SeguirWP.cs
  artifactKey: Guid(fa40b3335edfe834097929e9162e41d1) Importer(815301076,1909f56bfc062723c751e8b465ee728b)
Start importing Assets/Scripts/SeguirWP.cs using Guid(fa40b3335edfe834097929e9162e41d1) Importer(815301076,1909f56bfc062723c751e8b465ee728b) (PreviewImporter) -> (artifact id: '00000000000000000000000000000000') in 0.000678167 seconds
Import Error Code:(4)
Message: Build asset version error: assets/scripts/seguirwp.cs in SourceAssetDB has modification time of '2025-10-29T19:09:46Z' while content on disk has modification time of '2026-10-01T13:43:59Z'
  ERROR: Build asset version error: assets/scripts/seguirwp.cs in SourceAssetDB has modification time of '2025-10-29T19:09:46Z' while content on disk has modification time of '2026-10-01T13:43:59Z'
Number of updated asset objects reloaded before import = 0Number of asset objects unloaded after import = 0

========================================================================
Received Import Request.
  Time since last request: 0.005114 seconds.
  path: Assets/Scripts/SeguirWP.cs
  artifactKey: Guid(fa40b3335edfe834097929e9162e41d1) Importer(815301076,1909f56bfc062723c751e8b465ee728b)
Start importing Assets/Scripts/SeguirWP.cs using Guid(fa40b3335edfe834097929e9162e41d1) Importer(815301076,1909f56bfc062723c751e8b465ee728b) (PreviewImporter) -> (artifact id: '00000000000000000000000000000000') in 0.000725875 seconds
Import Error Code:(4)
Message: Build asset version error: assets/scripts/seguirwp.cs in SourceAssetDB has modification time of '2025-10-29T19:09:46Z' while content on disk has modification time of '2026-10-01T13:43:59Z'
  ERROR: Build asset version error: assets/scripts/seguirwp.cs in SourceAssetDB has modification time of '2025-10-29T19:09:46Z' while content on disk has modification time of '2026-10-01T13:43:59Z'
Number of updated asset objects reloaded before import = 0Number of asset objects unloaded after import = 0

========================================================================
Received Import Request.
  Time since last request: 0.002022 seconds.
  path: Assets/Scripts/SeguirWP.cs
  artifactKey: Guid(fa40b3335edfe834097929e9162e41d1) Importer(815301076,1909f56bfc062723c751e8b465ee728b)
Start importing Assets/Scripts/SeguirWP.cs using Guid(fa40b3335edfe834097929e9162e41d1) Importer(815301076,1909f56bfc062723c751e8b465ee728b) (PreviewImporter) -> (artifact id: '00000000000000000000000000000000') in 0.00095825 seconds
Import Error Code:(4)
Message: Build asset version error: assets/scripts/seguirwp.cs in SourceAssetDB has modification time of '2025-10-29T19:09:46Z' while content on disk has modification time of '2026-10-01T13:43:59Z'
  ERROR: Build asset version error: assets/scripts/seguirwp.cs in SourceAssetDB has modification time of '2025-10-29T19:09:46Z' while content on disk has modification time of '2026-10-01T13:43:59Z'
Number of updated asset objects reloaded before import = 0Number of asset objects unloaded after import = 0

========================================================================
Received Import Request.
  Time since last request: 0.023498 seconds.
  path: Assets/Scripts/SeguirWP.cs
  artifactKey: Guid(fa40b3335edfe834097929e9162e41d1) Importer(815301076,1909f56bfc062723c751e8b465ee728b)
Start importing Assets/Scripts/SeguirWP.cs using Guid(fa40b3335edfe834097929e9162e41d1) Importer(815301076,1909f56bfc062723c751e8b465ee728b) (PreviewImporter) -> (artifact id: '00000000000000000000000000000000') in 0.000883875 seconds
Import Error Code:(4)
Message: Build asset version error: assets/scripts/seguirwp.cs in SourceAssetDB has modification time of '2025-10-29T19:09:46Z' while content on disk has modification time of '2026-10-01T13:43:59Z'
  ERROR: Build asset version error: assets/scripts/seguirwp.cs in SourceAssetDB has modification time of '2025-10-29T19:09:46Z' while content on disk has modification time of '2026-10-01T13:43:59Z'
Number of updated asset objects reloaded before import = 0Number of asset objects unloaded after import = 0

========================================================================
Received Import Request.
  Time since last request: 0.002744 seconds.
  path: Assets/Scripts/SeguirWP.cs
  artifactKey: Guid(fa40b3335edfe834097929e9162e41d1) Importer(815301076,1909f56bfc062723c751e8b465ee728b)
Start importing Assets/Scripts/SeguirWP.cs using Guid(fa40b3335edfe834097929e9162e41d1) Importer(815301076,1909f56bfc062723c751e8b465ee728b) (PreviewImporter) -> (artifact id: '00000000000000000000000000000000') in 0.000690666 seconds
Import Error Code:(4)
Message: Build asset version error: assets/scripts/seguirwp.cs in SourceAssetDB has modification time of '2025-10-29T19:09:46Z' while content on disk has modification time of '2026-10-01T13:43:59Z'
  ERROR: Build asset version error: assets/scripts/seguirwp.cs in SourceAssetDB has modification time of '2025-10-29T19:09:46Z' while content on disk has modification time of '2026-10-01T13:43:59Z'
Number of updated asset objects reloaded before import = 0Number of asset objects unloaded after import = 0

========================================================================
Received Import Request.
  Time since last request: 0.018830 seconds.
  path: Assets/Scripts/SeguirWP.cs
  artifactKey: Guid(fa40b3335edfe834097929e9162e41d1) Importer(815301076,1909f56bfc062723c751e8b465ee728b)
Start importing Assets/Scripts/SeguirWP.cs using Guid(fa40b3335edfe834097929e9162e41d1) Importer(815301076,1909f56bfc062723c751e8b465ee728b) (PreviewImporter) -> (artifact id: '00000000000000000000000000000000') in 0.000791959 seconds
Import Error Code:(4)
Message: Build asset version error: assets/scripts/seguirwp.cs in SourceAssetDB has modification time of '2025-10-29T19:09:46Z' while content on disk has modification time of '2026-10-01T13:43:59Z'
  ERROR: Build asset version error: assets/scripts/seguirwp.cs in SourceAssetDB has modification time of '2025-10-29T19:09:46Z' while content on disk has modification time of '2026-10-01T13:43:59Z'
Number of updated asset objects reloaded before import = 0Number of asset objects unloaded after import = 0

========================================================================
Received Import Request.
  Time since last request: 0.004232 seconds.
  path: Assets/Scripts/SeguirWP.cs
  artifactKey: Guid(fa40b3335edfe834097929e9162e41d1) Importer(815301076,1909f56bfc062723c751e8b465ee728b)
Start importing Assets/Scripts/SeguirWP.cs using Guid(fa40b3335edfe834097929e9162e41d1) Importer(815301076,1909f56bfc062723c751e8b465ee728b) (PreviewImporter) -> (artifact id: '00000000000000000000000000000000') in 0.000645375 seconds
Import Error Code:(4)
Message: Build asset version error: assets/scripts/seguirwp.cs in SourceAssetDB has modification time of '2025-10-29T19:09:46Z' while content on disk has modification time of '2026-10-01T13:43:59Z'
  ERROR: Build asset version error: assets/scripts/seguirwp.cs in SourceAssetDB has modification time of '2025-10-29T19:09:46Z' while content on disk has modification time of '2026-10-01T13:43:59Z'
Number of updated asset objects reloaded before import = 0Number of asset objects unloaded after import = 0

========================================================================
Received Import Request.
  Time since last request: 0.003009 seconds.
  path: Assets/Scripts/SeguirWP.cs
  artifactKey: Guid(fa40b3335edfe834097929e9162e41d1) Importer(815301076,1909f56bfc062723c751e8b465ee728b)
Start importing Assets/Scripts/SeguirWP.cs using Guid(fa40b3335edfe834097929e9162e41d1) Importer(815301076,1909f56bfc062723c751e8b465ee728b) (PreviewImporter) -> (artifact id: '00000000000000000000000000000000') in 0.000731125 seconds
Import Error Code:(4)
Message: Build asset version error: assets/scripts/seguirwp.cs in SourceAssetDB has modification time of '2025-10-29T19:09:46Z' while content on disk has modification time of '2026-10-01T13:43:59Z'
  ERROR: Build asset version error: assets/scripts/seguirwp.cs in SourceAssetDB has modification time of '2025-10-29T19:09:46Z' while content on disk has modification time of '2026-10-01T13:43:59Z'
Number of updated asset objects reloaded before import = 0Number of asset objects unloaded after import = 0

========================================================================
Received Import Request.
  Time since last request: 0.005262 seconds.
  path: Assets/Scripts/SeguirWP.cs
  artifactKey: Guid(fa40b3335edfe834097929e9162e41d1) Importer(815301076,1909f56bfc062723c751e8b465ee728b)
Start importing Assets/Scripts/SeguirWP.cs using Guid(fa40b3335edfe834097929e9162e41d1) Importer(815301076,1909f56bfc062723c751e8b465ee728b) (PreviewImporter) -> (artifact id: '00000000000000000000000000000000') in 0.0004865 seconds
Import Error Code:(4)
Message: Build asset version error: assets/scripts/seguirwp.cs in SourceAssetDB has modification time of '2025-10-29T19:09:46Z' while content on disk has modification time of '2026-10-01T13:43:59Z'
  ERROR: Build asset version error: assets/scripts/seguirwp.cs in SourceAssetDB has modification time of '2025-10-29T19:09:46Z' while content on disk has modification time of '2026-10-01T13:43:59Z'
Number of updated asset objects reloaded before import = 0Number of asset objects unloaded after import = 0

========================================================================
Received Import Request.
  Time since last request: 0.005484 seconds.
  path: Assets/Scripts/SeguirWP.cs
  artifactKey: Guid(fa40b3335edfe834097929e9162e41d1) Importer(815301076,1909f56bfc062723c751e8b465ee728b)
Start importing Assets/Scripts/SeguirWP.cs using Guid(fa40b3335edfe834097929e9162e41d1) Importer(815301076,1909f56bfc062723c751e8b465ee728b) (PreviewImporter) -> (artifact id: '00000000000000000000000000000000') in 0.00039975 seconds
Import Error Code:(4)
Message: Build asset version error: assets/scripts/seguirwp.cs in SourceAssetDB has modification time of '2025-10-29T19:09:46Z' while content on disk has modification time of '2026-10-01T13:43:59Z'
  ERROR: Build asset version error: assets/scripts/seguirwp.cs in SourceAssetDB has modification time of '2025-10-29T19:09:46Z' while content on disk has modification time of '2026-10-01T13:43:59Z'
Number of updated asset objects reloaded before import = 0Number of asset objects unloaded after import = 0

========================================================================
Received Import Request.
  Time since last request: 0.000778 seconds.
  path: Assets/Scripts/SeguirWP.cs
  artifactKey: Guid(fa40b3335edfe834097929e9162e41d1) Importer(815301076,1909f56bfc062723c751e8b465ee728b)
Start importing Assets/Scripts/SeguirWP.cs using Guid(fa40b3335edfe834097929e9162e41d1) Importer(815301076,1909f56bfc062723c751e8b465ee728b) (PreviewImporter) -> (artifact id: '00000000000000000000000000000000') in 0.000532208 seconds
Import Error Code:(4)
Message: Build asset version error: assets/scripts/seguirwp.cs in SourceAssetDB has modification time of '2025-10-29T19:09:46Z' while content on disk has modification time of '2026-10-01T13:43:59Z'
  ERROR: Build asset version error: assets/scripts/seguirwp.cs in SourceAssetDB has modification time of '2025-10-29T19:09:46Z' while content on disk has modification time of '2026-10-01T13:43:59Z'
Number of updated asset objects reloaded before import = 0Number of asset objects unloaded after import = 0

========================================================================
Received Import Request.
  Time since last request: 0.002564 seconds.
  path: Assets/Scripts/SeguirWP.cs
  artifactKey: Guid(fa40b3335edfe834097929e9162e41d1) Importer(815301076,1909f56bfc062723c751e8b465ee728b)
Start importing Assets/Scripts/SeguirWP.cs using Guid(fa40b3335edfe834097929e9162e41d1) Importer(815301076,1909f56bfc062723c751e8b465ee728b) (PreviewImporter) -> (artifact id: '00000000000000000000000000000000') in 0.00048825 seconds
Import Error Code:(4)
Message: Build asset version error: assets/scripts/seguirwp.cs in SourceAssetDB has modification time of '2025-10-29T19:09:46Z' while content on disk has modification time of '2026-10-01T13:43:59Z'
  ERROR: Build asset version error: assets/scripts/seguirwp.cs in SourceAssetDB has modification time of '2025-10-29T19:09:46Z' while content on disk has modification time of '2026-10-01T13:43:59Z'
Number of updated asset objects reloaded before import = 0Number of asset objects unloaded after import = 0

========================================================================
Received Import Request.
  Time since last request: 0.018975 seconds.
  path: Assets/Scripts/SeguirWP.cs
  artifactKey: Guid(fa40b3335edfe834097929e9162e41d1) Importer(815301076,1909f56bfc062723c751e8b465ee728b)
Start importing Assets/Scripts/SeguirWP.cs using Guid(fa40b3335edfe834097929e9162e41d1) Importer(815301076,1909f56bfc062723c751e8b465ee728b) (PreviewImporter) -> (artifact id: '00000000000000000000000000000000') in 0.000744125 seconds
Import Error Code:(4)
Message: Build asset version error: assets/scripts/seguirwp.cs in SourceAssetDB has modification time of '2025-10-29T19:09:46Z' while content on disk has modification time of '2026-10-01T13:43:59Z'
  ERROR: Build asset version error: assets/scripts/seguirwp.cs in SourceAssetDB has modification time of '2025-10-29T19:09:46Z' while content on disk has modification time of '2026-10-01T13:43:59Z'
Number of updated asset objects reloaded before import = 0Number of asset objects unloaded after import = 0

========================================================================
Received Import Request.
  Time since last request: 0.000734 seconds.
  path: Assets/Scripts/SeguirWP.cs
  artifactKey: Guid(fa40b3335edfe834097929e9162e41d1) Importer(815301076,1909f56bfc062723c751e8b465ee728b)
Start importing Assets/Scripts/SeguirWP.cs using Guid(fa40b3335edfe834097929e9162e41d1) Importer(815301076,1909f56bfc062723c751e8b465ee728b) (PreviewImporter) -> (artifact id: '00000000000000000000000000000000') in 0.000709417 seconds
Import Error Code:(4)
Message: Build asset version error: assets/scripts/seguirwp.cs in SourceAssetDB has modification time of '2025-10-29T19:09:46Z' while content on disk has modification time of '2026-10-01T13:43:59Z'
  ERROR: Build asset version error: assets/scripts/seguirwp.cs in SourceAssetDB has modification time of '2025-10-29T19:09:46Z' while content on disk has modification time of '2026-10-01T13:43:59Z'
Number of updated asset objects reloaded before import = 0Number of asset objects unloaded after import = 0

========================================================================
Received Import Request.
  Time since last request: 0.007395 seconds.
  path: Assets/Scripts/SeguirWP.cs
  artifactKey: Guid(fa40b3335edfe834097929e9162e41d1) Importer(815301076,1909f56bfc062723c751e8b465ee728b)
Start importing Assets/Scripts/SeguirWP.cs using Guid(fa40b3335edfe834097929e9162e41d1) Importer(815301076,1909f56bfc062723c751e8b465ee728b) (PreviewImporter) -> (artifact id: '00000000000000000000000000000000') in 0.001220708 seconds
Import Error Code:(4)
Message: Build asset version error: assets/scripts/seguirwp.cs in SourceAssetDB has modification time of '2025-10-29T19:09:46Z' while content on disk has modification time of '2026-10-01T13:43:59Z'
  ERROR: Build asset version error: assets/scripts/seguirwp.cs in SourceAssetDB has modification time of '2025-10-29T19:09:46Z' while content on disk has modification time of '2026-10-01T13:43:59Z'
Number of updated asset objects reloaded before import = 0Number of asset objects unloaded after import = 0

========================================================================
Received Import Request.
  Time since last request: 0.001667 seconds.
  path: Assets/Scripts/SeguirWP.cs
  artifactKey: Guid(fa40b3335edfe834097929e9162e41d1) Importer(815301076,1909f56bfc062723c751e8b465ee728b)
Start importing Assets/Scripts/SeguirWP.cs using Guid(fa40b3335edfe834097929e9162e41d1) Importer(815301076,1909f56bfc062723c751e8b465ee728b) (PreviewImporter) -> (artifact id: '00000000000000000000000000000000') in 0.000652042 seconds
Import Error Code:(4)
Message: Build asset version error: assets/scripts/seguirwp.cs in SourceAssetDB has modification time of '2025-10-29T19:09:46Z' while content on disk has modification time of '2026-10-01T13:43:59Z'
  ERROR: Build asset version error: assets/scripts/seguirwp.cs in SourceAssetDB has modification time of '2025-10-29T19:09:46Z' while content on disk has modification time of '2026-10-01T13:43:59Z'
Number of updated asset objects reloaded before import = 0Number of asset objects unloaded after import = 0

========================================================================
Received Import Request.
  Time since last request: 0.016450 seconds.
  path: Assets/Scripts/SeguirWP.cs
  artifactKey: Guid(fa40b3335edfe834097929e9162e41d1) Importer(815301076,1909f56bfc062723c751e8b465ee728b)
Start importing Assets/Scripts/SeguirWP.cs using Guid(fa40b3335edfe834097929e9162e41d1) Importer(815301076,1909f56bfc062723c751e8b465ee728b) (PreviewImporter) -> (artifact id: '00000000000000000000000000000000') in 0.001228083 seconds
Import Error Code:(4)
Message: Build asset version error: assets/scripts/seguirwp.cs in SourceAssetDB has modification time of '2025-10-29T19:09:46Z' while content on disk has modification time of '2026-10-01T13:43:59Z'
  ERROR: Build asset version error: assets/scripts/seguirwp.cs in SourceAssetDB has modification time of '2025-10-29T19:09:46Z' while content on disk has modification time of '2026-10-01T13:43:59Z'
Number of updated asset objects reloaded before import = 0Number of asset objects unloaded after import = 0

========================================================================
Received Import Request.
  Time since last request: 0.006861 seconds.
  path: Assets/Scripts/SeguirWP.cs
  artifactKey: Guid(fa40b3335edfe834097929e9162e41d1) Importer(815301076,1909f56bfc062723c751e8b465ee728b)
Start importing Assets/Scripts/SeguirWP.cs using Guid(fa40b3335edfe834097929e9162e41d1) Importer(815301076,1909f56bfc062723c751e8b465ee728b) (PreviewImporter) -> (artifact id: '00000000000000000000000000000000') in 0.003174083 seconds
Import Error Code:(4)
Message: Build asset version error: assets/scripts/seguirwp.cs in SourceAssetDB has modification time of '2025-10-29T19:09:46Z' while content on disk has modification time of '2026-10-01T13:43:59Z'
  ERROR: Build asset version error: assets/scripts/seguirwp.cs in SourceAssetDB has modification time of '2025-10-29T19:09:46Z' while content on disk has modification time of '2026-10-01T13:43:59Z'
Number of updated asset objects reloaded before import = 0Number of asset objects unloaded after import = 0

========================================================================
Received Import Request.
  Time since last request: 0.005747 seconds.
  path: Assets/Scripts/SeguirWP.cs
  artifactKey: Guid(fa40b3335edfe834097929e9162e41d1) Importer(815301076,1909f56bfc062723c751e8b465ee728b)
Start importing Assets/Scripts/SeguirWP.cs using Guid(fa40b3335edfe834097929e9162e41d1) Importer(815301076,1909f56bfc062723c751e8b465ee728b) (PreviewImporter) -> (artifact id: '00000000000000000000000000000000') in 0.001087875 seconds
Import Error Code:(4)
Message: Build asset version error: assets/scripts/seguirwp.cs in SourceAssetDB has modification time of '2025-10-29T19:09:46Z' while content on disk has modification time of '2026-10-01T13:43:59Z'
  ERROR: Build asset version error: assets/scripts/seguirwp.cs in SourceAssetDB has modification time of '2025-10-29T19:09:46Z' while content on disk has modification time of '2026-10-01T13:43:59Z'
Number of updated asset objects reloaded before import = 0Number of asset objects unloaded after import = 0

========================================================================
Received Import Request.
  Time since last request: 0.005748 seconds.
  path: Assets/Scripts/SeguirWP.cs
  artifactKey: Guid(fa40b3335edfe834097929e9162e41d1) Importer(815301076,1909f56bfc062723c751e8b465ee728b)
Start importing Assets/Scripts/SeguirWP.cs using Guid(fa40b3335edfe834097929e9162e41d1) Importer(815301076,1909f56bfc062723c751e8b465ee728b) (PreviewImporter) -> (artifact id: '00000000000000000000000000000000') in 0.0014825 seconds
Import Error Code:(4)
Message: Build asset version error: assets/scripts/seguirwp.cs in SourceAssetDB has modification time of '2025-10-29T19:09:46Z' while content on disk has modification time of '2026-10-01T13:43:59Z'
  ERROR: Build asset version error: assets/scripts/seguirwp.cs in SourceAssetDB has modification time of '2025-10-29T19:09:46Z' while content on disk has modification time of '2026-10-01T13:43:59Z'
Number of updated asset objects reloaded before import = 0Number of asset objects unloaded after import = 0

========================================================================
Received Import Request.
  Time since last request: 0.012126 seconds.
  path: Assets/Scripts/SeguirWP.cs
  artifactKey: Guid(fa40b3335edfe834097929e9162e41d1) Importer(815301076,1909f56bfc062723c751e8b465ee728b)
Start importing Assets/Scripts/SeguirWP.cs using Guid(fa40b3335edfe834097929e9162e41d1) Importer(815301076,1909f56bfc062723c751e8b465ee728b) (PreviewImporter) -> (artifact id: '00000000000000000000000000000000') in 0.001006792 seconds
Import Error Code:(4)
Message: Build asset version error: assets/scripts/seguirwp.cs in SourceAssetDB has modification time of '2025-10-29T19:09:46Z' while content on disk has modification time of '2026-10-01T13:43:59Z'
  ERROR: Build asset version error: assets/scripts/seguirwp.cs in SourceAssetDB has modification time of '2025-10-29T19:09:46Z' while content on disk has modification time of '2026-10-01T13:43:59Z'
Number of updated asset objects reloaded before import = 0Number of asset objects unloaded after import = 0

========================================================================
Received Import Request.
  Time since last request: 0.002655 seconds.
  path: Assets/Scripts/SeguirWP.cs
  artifactKey: Guid(fa40b3335edfe834097929e9162e41d1) Importer(815301076,1909f56bfc062723c751e8b465ee728b)
Start importing Assets/Scripts/SeguirWP.cs using Guid(fa40b3335edfe834097929e9162e41d1) Importer(815301076,1909f56bfc062723c751e8b465ee728b) (PreviewImporter) -> (artifact id: '00000000000000000000000000000000') in 0.001142792 seconds
Import Error Code:(4)
Message: Build asset version error: assets/scripts/seguirwp.cs in SourceAssetDB has modification time of '2025-10-29T19:09:46Z' while content on disk has modification time of '2026-10-01T13:43:59Z'
  ERROR: Build asset version error: assets/scripts/seguirwp.cs in SourceAssetDB has modification time of '2025-10-29T19:09:46Z' while content on disk has modification time of '2026-10-01T13:43:59Z'
Number of updated asset objects reloaded before import = 0Number of asset objects unloaded after import = 0

========================================================================
Received Import Request.
  Time since last request: 0.014872 seconds.
  path: Assets/Scripts/SeguirWP.cs
  artifactKey: Guid(fa40b3335edfe834097929e9162e41d1) Importer(815301076,1909f56bfc062723c751e8b465ee728b)
Start importing Assets/Scripts/SeguirWP.cs using Guid(fa40b3335edfe834097929e9162e41d1) Importer(815301076,1909f56bfc062723c751e8b465ee728b) (PreviewImporter) -> (artifact id: '00000000000000000000000000000000') in 0.001301792 seconds
Import Error Code:(4)
Message: Build asset version error: assets/scripts/seguirwp.cs in SourceAssetDB has modification time of '2025-10-29T19:09:46Z' while content on disk has modification time of '2026-10-01T13:43:59Z'
  ERROR: Build asset version error: assets/scripts/seguirwp.cs in SourceAssetDB has modification time of '2025-10-29T19:09:46Z' while content on disk has modification time of '2026-10-01T13:43:59Z'
Number of updated asset objects reloaded before import = 0Number of asset objects unloaded after import = 0

========================================================================
Received Import Request.
  Time since last request: 0.013071 seconds.
  path: Assets/Scripts/SeguirWP.cs
  artifactKey: Guid(fa40b3335edfe834097929e9162e41d1) Importer(815301076,1909f56bfc062723c751e8b465ee728b)
Start importing Assets/Scripts/SeguirWP.cs using Guid(fa40b3335edfe834097929e9162e41d1) Importer(815301076,1909f56bfc062723c751e8b465ee728b) (PreviewImporter) -> (artifact id: '00000000000000000000000000000000') in 0.00069075 seconds
Import Error Code:(4)
Message: Build asset version error: assets/scripts/seguirwp.cs in SourceAssetDB has modification time of '2025-10-29T19:09:46Z' while content on disk has modification time of '2026-10-01T13:43:59Z'
  ERROR: Build asset version error: assets/scripts/seguirwp.cs in SourceAssetDB has modification time of '2025-10-29T19:09:46Z' while content on disk has modification time of '2026-10-01T13:43:59Z'
Number of updated asset objects reloaded before import = 0Number of asset objects unloaded after import = 0

========================================================================
Received Import Request.
  Time since last request: 0.000753 seconds.
  path: Assets/Scripts/SeguirWP.cs
  artifactKey: Guid(fa40b3335edfe834097929e9162e41d1) Importer(815301076,1909f56bfc062723c751e8b465ee728b)
Start importing Assets/Scripts/SeguirWP.cs using Guid(fa40b3335edfe834097929e9162e41d1) Importer(815301076,1909f56bfc062723c751e8b465ee728b) (PreviewImporter) -> (artifact id: '00000000000000000000000000000000') in 0.000894875 seconds
Import Error Code:(4)
Message: Build asset version error: assets/scripts/seguirwp.cs in SourceAssetDB has modification time of '2025-10-29T19:09:46Z' while content on disk has modification time of '2026-10-01T13:43:59Z'
  ERROR: Build asset version error: assets/scripts/seguirwp.cs in SourceAssetDB has modification time of '2025-10-29T19:09:46Z' while content on disk has modification time of '2026-10-01T13:43:59Z'
Number of updated asset objects reloaded before import = 0Number of asset objects unloaded after import = 0

========================================================================
Received Import Request.
  Time since last request: 0.002915 seconds.
  path: Assets/Scripts/SeguirWP.cs
  artifactKey: Guid(fa40b3335edfe834097929e9162e41d1) Importer(815301076,1909f56bfc062723c751e8b465ee728b)
Start importing Assets/Scripts/SeguirWP.cs using Guid(fa40b3335edfe834097929e9162e41d1) Importer(815301076,1909f56bfc062723c751e8b465ee728b) (PreviewImporter) -> (artifact id: '00000000000000000000000000000000') in 0.000604209 seconds
Import Error Code:(4)
Message: Build asset version error: assets/scripts/seguirwp.cs in SourceAssetDB has modification time of '2025-10-29T19:09:46Z' while content on disk has modification time of '2026-10-01T13:43:59Z'
  ERROR: Build asset version error: assets/scripts/seguirwp.cs in SourceAssetDB has modification time of '2025-10-29T19:09:46Z' while content on disk has modification time of '2026-10-01T13:43:59Z'
Number of updated asset objects reloaded before import = 0Number of asset objects unloaded after import = 0

========================================================================
Received Import Request.
  Time since last request: 0.006179 seconds.
  path: Assets/Scripts/SeguirWP.cs
  artifactKey: Guid(fa40b3335edfe834097929e9162e41d1) Importer(815301076,1909f56bfc062723c751e8b465ee728b)
Start importing Assets/Scripts/SeguirWP.cs using Guid(fa40b3335edfe834097929e9162e41d1) Importer(815301076,1909f56bfc062723c751e8b465ee728b) (PreviewImporter) -> (artifact id: '00000000000000000000000000000000') in 0.000399 seconds
Import Error Code:(4)
Message: Build asset version error: assets/scripts/seguirwp.cs in SourceAssetDB has modification time of '2025-10-29T19:09:46Z' while content on disk has modification time of '2026-10-01T13:43:59Z'
  ERROR: Build asset version error: assets/scripts/seguirwp.cs in SourceAssetDB has modification time of '2025-10-29T19:09:46Z' while content on disk has modification time of '2026-10-01T13:43:59Z'
Number of updated asset objects reloaded before import = 0Number of asset objects unloaded after import = 0

========================================================================
Received Import Request.
  Time since last request: 0.005422 seconds.
  path: Assets/Scripts/SeguirWP.cs
  artifactKey: Guid(fa40b3335edfe834097929e9162e41d1) Importer(815301076,1909f56bfc062723c751e8b465ee728b)
Start importing Assets/Scripts/SeguirWP.cs using Guid(fa40b3335edfe834097929e9162e41d1) Importer(815301076,1909f56bfc062723c751e8b465ee728b) (PreviewImporter) -> (artifact id: '00000000000000000000000000000000') in 0.000465709 seconds
Import Error Code:(4)
Message: Build asset version error: assets/scripts/seguirwp.cs in SourceAssetDB has modification time of '2025-10-29T19:09:46Z' while content on disk has modification time of '2026-10-01T13:43:59Z'
  ERROR: Build asset version error: assets/scripts/seguirwp.cs in SourceAssetDB has modification time of '2025-10-29T19:09:46Z' while content on disk has modification time of '2026-10-01T13:43:59Z'
Number of updated asset objects reloaded before import = 0Number of asset objects unloaded after import = 0

========================================================================
Received Import Request.
  Time since last request: 0.009468 seconds.
  path: Assets/Scripts/SeguirWP.cs
  artifactKey: Guid(fa40b3335edfe834097929e9162e41d1) Importer(815301076,1909f56bfc062723c751e8b465ee728b)
Start importing Assets/Scripts/SeguirWP.cs using Guid(fa40b3335edfe834097929e9162e41d1) Importer(815301076,1909f56bfc062723c751e8b465ee728b) (PreviewImporter) -> (artifact id: '00000000000000000000000000000000') in 0.000540583 seconds
Import Error Code:(4)
Message: Build asset version error: assets/scripts/seguirwp.cs in SourceAssetDB has modification time of '2025-10-29T19:09:46Z' while content on disk has modification time of '2026-10-01T13:43:59Z'
  ERROR: Build asset version error: assets/scripts/seguirwp.cs in SourceAssetDB has modification time of '2025-10-29T19:09:46Z' while content on disk has modification time of '2026-10-01T13:43:59Z'
Number of updated asset objects reloaded before import = 0Number of asset objects unloaded after import = 0

========================================================================
Received Import Request.
  Time since last request: 0.002137 seconds.
  path: Assets/Scripts/SeguirWP.cs
  artifactKey: Guid(fa40b3335edfe834097929e9162e41d1) Importer(815301076,1909f56bfc062723c751e8b465ee728b)
Start importing Assets/Scripts/SeguirWP.cs using Guid(fa40b3335edfe834097929e9162e41d1) Importer(815301076,1909f56bfc062723c751e8b465ee728b) (PreviewImporter) -> (artifact id: '00000000000000000000000000000000') in 0.000448708 seconds
Import Error Code:(4)
Message: Build asset version error: assets/scripts/seguirwp.cs in SourceAssetDB has modification time of '2025-10-29T19:09:46Z' while content on disk has modification time of '2026-10-01T13:43:59Z'
  ERROR: Build asset version error: assets/scripts/seguirwp.cs in SourceAssetDB has modification time of '2025-10-29T19:09:46Z' while content on disk has modification time of '2026-10-01T13:43:59Z'
Number of updated asset objects reloaded before import = 0Number of asset objects unloaded after import = 0

========================================================================
Received Import Request.
  Time since last request: 0.004956 seconds.
  path: Assets/Scripts/SeguirWP.cs
  artifactKey: Guid(fa40b3335edfe834097929e9162e41d1) Importer(815301076,1909f56bfc062723c751e8b465ee728b)
Start importing Assets/Scripts/SeguirWP.cs using Guid(fa40b3335edfe834097929e9162e41d1) Importer(815301076,1909f56bfc062723c751e8b465ee728b) (PreviewImporter) -> (artifact id: '00000000000000000000000000000000') in 0.000456709 seconds
Import Error Code:(4)
Message: Build asset version error: assets/scripts/seguirwp.cs in SourceAssetDB has modification time of '2025-10-29T19:09:46Z' while content on disk has modification time of '2026-10-01T13:43:59Z'
  ERROR: Build asset version error: assets/scripts/seguirwp.cs in SourceAssetDB has modification time of '2025-10-29T19:09:46Z' while content on disk has modification time of '2026-10-01T13:43:59Z'
Number of updated asset objects reloaded before import = 0Number of asset objects unloaded after import = 0

========================================================================
Received Import Request.
  Time since last request: 0.010408 seconds.
  path: Assets/Scripts/SeguirWP.cs
  artifactKey: Guid(fa40b3335edfe834097929e9162e41d1) Importer(815301076,1909f56bfc062723c751e8b465ee728b)
Start importing Assets/Scripts/SeguirWP.cs using Guid(fa40b3335edfe834097929e9162e41d1) Importer(815301076,1909f56bfc062723c751e8b465ee728b) (PreviewImporter) -> (artifact id: '00000000000000000000000000000000') in 0.000453625 seconds
Import Error Code:(4)
Message: Build asset version error: assets/scripts/seguirwp.cs in SourceAssetDB has modification time of '2025-10-29T19:09:46Z' while content on disk has modification time of '2026-10-01T13:43:59Z'
  ERROR: Build asset version error: assets/scripts/seguirwp.cs in SourceAssetDB has modification time of '2025-10-29T19:09:46Z' while content on disk has modification time of '2026-10-01T13:43:59Z'
Number of updated asset objects reloaded before import = 0Number of asset objects unloaded after import = 0

========================================================================
Received Import Request.
  Time since last request: 0.005429 seconds.
  path: Assets/Scripts/SeguirWP.cs
  artifactKey: Guid(fa40b3335edfe834097929e9162e41d1) Importer(815301076,1909f56bfc062723c751e8b465ee728b)
Start importing Assets/Scripts/SeguirWP.cs using Guid(fa40b3335edfe834097929e9162e41d1) Importer(815301076,1909f56bfc062723c751e8b465ee728b) (PreviewImporter) -> (artifact id: '00000000000000000000000000000000') in 0.000422458 seconds
Import Error Code:(4)
Message: Build asset version error: assets/scripts/seguirwp.cs in SourceAssetDB has modification time of '2025-10-29T19:09:46Z' while content on disk has modification time of '2026-10-01T13:43:59Z'
  ERROR: Build asset version error: assets/scripts/seguirwp.cs in SourceAssetDB has modification time of '2025-10-29T19:09:46Z' while content on disk has modification time of '2026-10-01T13:43:59Z'
Number of updated asset objects reloaded before import = 0Number of asset objects unloaded after import = 0

========================================================================
Received Import Request.
  Time since last request: 0.001012 seconds.
  path: Assets/Scripts/SeguirWP.cs
  artifactKey: Guid(fa40b3335edfe834097929e9162e41d1) Importer(815301076,1909f56bfc062723c751e8b465ee728b)
Start importing Assets/Scripts/SeguirWP.cs using Guid(fa40b3335edfe834097929e9162e41d1) Importer(815301076,1909f56bfc062723c751e8b465ee728b) (PreviewImporter) -> (artifact id: '00000000000000000000000000000000') in 0.000683542 seconds
Import Error Code:(4)
Message: Build asset version error: assets/scripts/seguirwp.cs in SourceAssetDB has modification time of '2025-10-29T19:09:46Z' while content on disk has modification time of '2026-10-01T13:43:59Z'
  ERROR: Build asset version error: assets/scripts/seguirwp.cs in SourceAssetDB has modification time of '2025-10-29T19:09:46Z' while content on disk has modification time of '2026-10-01T13:43:59Z'
Number of updated asset objects reloaded before import = 0Number of asset objects unloaded after import = 0

========================================================================
Received Import Request.
  Time since last request: 0.005308 seconds.
  path: Assets/Scripts/SeguirWP.cs
  artifactKey: Guid(fa40b3335edfe834097929e9162e41d1) Importer(815301076,1909f56bfc062723c751e8b465ee728b)
Start importing Assets/Scripts/SeguirWP.cs using Guid(fa40b3335edfe834097929e9162e41d1) Importer(815301076,1909f56bfc062723c751e8b465ee728b) (PreviewImporter) -> (artifact id: '00000000000000000000000000000000') in 0.000445542 seconds
Import Error Code:(4)
Message: Build asset version error: assets/scripts/seguirwp.cs in SourceAssetDB has modification time of '2025-10-29T19:09:46Z' while content on disk has modification time of '2026-10-01T13:43:59Z'
  ERROR: Build asset version error: assets/scripts/seguirwp.cs in SourceAssetDB has modification time of '2025-10-29T19:09:46Z' while content on disk has modification time of '2026-10-01T13:43:59Z'
Number of updated asset objects reloaded before import = 0Number of asset objects unloaded after import = 0

========================================================================
Received Import Request.
  Time since last request: 0.005307 seconds.
  path: Assets/Scripts/SeguirWP.cs
  artifactKey: Guid(fa40b3335edfe834097929e9162e41d1) Importer(815301076,1909f56bfc062723c751e8b465ee728b)
Start importing Assets/Scripts/SeguirWP.cs using Guid(fa40b3335edfe834097929e9162e41d1) Importer(815301076,1909f56bfc062723c751e8b465ee728b) (PreviewImporter) -> (artifact id: '00000000000000000000000000000000') in 0.00075275 seconds
Import Error Code:(4)
Message: Build asset version error: assets/scripts/seguirwp.cs in SourceAssetDB has modification time of '2025-10-29T19:09:46Z' while content on disk has modification time of '2026-10-01T13:43:59Z'
  ERROR: Build asset version error: assets/scripts/seguirwp.cs in SourceAssetDB has modification time of '2025-10-29T19:09:46Z' while content on disk has modification time of '2026-10-01T13:43:59Z'
Number of updated asset objects reloaded before import = 0Number of asset objects unloaded after import = 0

========================================================================
Received Import Request.
  Time since last request: 0.020565 seconds.
  path: Assets/Scripts/SeguirWP.cs
  artifactKey: Guid(fa40b3335edfe834097929e9162e41d1) Importer(815301076,1909f56bfc062723c751e8b465ee728b)
Start importing Assets/Scripts/SeguirWP.cs using Guid(fa40b3335edfe834097929e9162e41d1) Importer(815301076,1909f56bfc062723c751e8b465ee728b) (PreviewImporter) -> (artifact id: '00000000000000000000000000000000') in 0.000714584 seconds
Import Error Code:(4)
Message: Build asset version error: assets/scripts/seguirwp.cs in SourceAssetDB has modification time of '2025-10-29T19:09:46Z' while content on disk has modification time of '2026-10-01T13:43:59Z'
  ERROR: Build asset version error: assets/scripts/seguirwp.cs in SourceAssetDB has modification time of '2025-10-29T19:09:46Z' while content on disk has modification time of '2026-10-01T13:43:59Z'
Number of updated asset objects reloaded before import = 0Number of asset objects unloaded after import = 0

========================================================================
Received Import Request.
  Time since last request: 0.004802 seconds.
  path: Assets/Scripts/SeguirWP.cs
  artifactKey: Guid(fa40b3335edfe834097929e9162e41d1) Importer(815301076,1909f56bfc062723c751e8b465ee728b)
Start importing Assets/Scripts/SeguirWP.cs using Guid(fa40b3335edfe834097929e9162e41d1) Importer(815301076,1909f56bfc062723c751e8b465ee728b) (PreviewImporter) -> (artifact id: '00000000000000000000000000000000') in 0.001956542 seconds
Import Error Code:(4)
Message: Build asset version error: assets/scripts/seguirwp.cs in SourceAssetDB has modification time of '2025-10-29T19:09:46Z' while content on disk has modification time of '2026-10-01T13:43:59Z'
  ERROR: Build asset version error: assets/scripts/seguirwp.cs in SourceAssetDB has modification time of '2025-10-29T19:09:46Z' while content on disk has modification time of '2026-10-01T13:43:59Z'
Number of updated asset objects reloaded before import = 0Number of asset objects unloaded after import = 0

========================================================================
Received Import Request.
  Time since last request: 0.003646 seconds.
  path: Assets/Scripts/SeguirWP.cs
  artifactKey: Guid(fa40b3335edfe834097929e9162e41d1) Importer(815301076,1909f56bfc062723c751e8b465ee728b)
Start importing Assets/Scripts/SeguirWP.cs using Guid(fa40b3335edfe834097929e9162e41d1) Importer(815301076,1909f56bfc062723c751e8b465ee728b) (PreviewImporter) -> (artifact id: '00000000000000000000000000000000') in 0.001566917 seconds
Import Error Code:(4)
Message: Build asset version error: assets/scripts/seguirwp.cs in SourceAssetDB has modification time of '2025-10-29T19:09:46Z' while content on disk has modification time of '2026-10-01T13:43:59Z'
  ERROR: Build asset version error: assets/scripts/seguirwp.cs in SourceAssetDB has modification time of '2025-10-29T19:09:46Z' while content on disk has modification time of '2026-10-01T13:43:59Z'
Number of updated asset objects reloaded before import = 0Number of asset objects unloaded after import = 0

========================================================================
Received Import Request.
  Time since last request: 0.004265 seconds.
  path: Assets/Scripts/SeguirWP.cs
  artifactKey: Guid(fa40b3335edfe834097929e9162e41d1) Importer(815301076,1909f56bfc062723c751e8b465ee728b)
Start importing Assets/Scripts/SeguirWP.cs using Guid(fa40b3335edfe834097929e9162e41d1) Importer(815301076,1909f56bfc062723c751e8b465ee728b) (PreviewImporter) -> (artifact id: '00000000000000000000000000000000') in 0.001048292 seconds
Import Error Code:(4)
Message: Build asset version error: assets/scripts/seguirwp.cs in SourceAssetDB has modification time of '2025-10-29T19:09:46Z' while content on disk has modification time of '2026-10-01T13:43:59Z'
  ERROR: Build asset version error: assets/scripts/seguirwp.cs in SourceAssetDB has modification time of '2025-10-29T19:09:46Z' while content on disk has modification time of '2026-10-01T13:43:59Z'
Number of updated asset objects reloaded before import = 0Number of asset objects unloaded after import = 0

========================================================================
Received Import Request.
  Time since last request: 0.009232 seconds.
  path: Assets/Scripts/SeguirWP.cs
  artifactKey: Guid(fa40b3335edfe834097929e9162e41d1) Importer(815301076,1909f56bfc062723c751e8b465ee728b)
Start importing Assets/Scripts/SeguirWP.cs using Guid(fa40b3335edfe834097929e9162e41d1) Importer(815301076,1909f56bfc062723c751e8b465ee728b) (PreviewImporter) -> (artifact id: '00000000000000000000000000000000') in 0.001676333 seconds
Import Error Code:(4)
Message: Build asset version error: assets/scripts/seguirwp.cs in SourceAssetDB has modification time of '2025-10-29T19:09:46Z' while content on disk has modification time of '2026-10-01T13:43:59Z'
  ERROR: Build asset version error: assets/scripts/seguirwp.cs in SourceAssetDB has modification time of '2025-10-29T19:09:46Z' while content on disk has modification time of '2026-10-01T13:43:59Z'
Number of updated asset objects reloaded before import = 0Number of asset objects unloaded after import = 0

========================================================================
Received Import Request.
  Time since last request: 0.012107 seconds.
  path: Assets/Scripts/SeguirWP.cs
  artifactKey: Guid(fa40b3335edfe834097929e9162e41d1) Importer(815301076,1909f56bfc062723c751e8b465ee728b)
Start importing Assets/Scripts/SeguirWP.cs using Guid(fa40b3335edfe834097929e9162e41d1) Importer(815301076,1909f56bfc062723c751e8b465ee728b) (PreviewImporter) -> (artifact id: '00000000000000000000000000000000') in 0.000942375 seconds
Import Error Code:(4)
Message: Build asset version error: assets/scripts/seguirwp.cs in SourceAssetDB has modification time of '2025-10-29T19:09:46Z' while content on disk has modification time of '2026-10-01T13:43:59Z'
  ERROR: Build asset version error: assets/scripts/seguirwp.cs in SourceAssetDB has modification time of '2025-10-29T19:09:46Z' while content on disk has modification time of '2026-10-01T13:43:59Z'
Number of updated asset objects reloaded before import = 0Number of asset objects unloaded after import = 0

========================================================================
Received Import Request.
  Time since last request: 0.016434 seconds.
  path: Assets/Scripts/SeguirWP.cs
  artifactKey: Guid(fa40b3335edfe834097929e9162e41d1) Importer(815301076,1909f56bfc062723c751e8b465ee728b)
Start importing Assets/Scripts/SeguirWP.cs using Guid(fa40b3335edfe834097929e9162e41d1) Importer(815301076,1909f56bfc062723c751e8b465ee728b) (PreviewImporter) -> (artifact id: '00000000000000000000000000000000') in 0.000914875 seconds
Import Error Code:(4)
Message: Build asset version error: assets/scripts/seguirwp.cs in SourceAssetDB has modification time of '2025-10-29T19:09:46Z' while content on disk has modification time of '2026-10-01T13:43:59Z'
  ERROR: Build asset version error: assets/scripts/seguirwp.cs in SourceAssetDB has modification time of '2025-10-29T19:09:46Z' while content on disk has modification time of '2026-10-01T13:43:59Z'
Number of updated asset objects reloaded before import = 0Number of asset objects unloaded after import = 0

========================================================================
Received Prepare
Begin MonoManager ReloadAssembly
Thread 0x16da07000 may have been prematurely finalized
- Loaded All Assemblies, in  0.951 seconds
Refreshing native plugins compatible for Editor in 0.56 ms, found 1 plugins.
Native extension for iOS target not found
2026-10-01 14:44:36.584 Unity[27091:6535892] [XcodeApplications] Failed to read NSDictionary from path H&]/Contents/Info.plist
Native extension for Android target not found
Native extension for WindowsStandalone target not found
Native extension for OSXStandalone target not found
Native extension for WebGL target not found
[Package Manager] Failed to launch server process. Reason: Unity was launched with the -noUpm command-line argument
[Package Manager] Unable to send message (not connected to server process).
[Package Manager] Cannot connect to Unity Package Manager local server
Mono: successfully reloaded assembly
- Finished resetting the current domain, in  1.417 seconds
Domain Reload Profiling: 2378ms
	BeginReloadAssembly (210ms)
		ExecutionOrderSort (0ms)
		DisableScriptedObjects (9ms)
		BackupInstance (0ms)
		ReleaseScriptingObjects (0ms)
		CreateAndSetChildDomain (66ms)
	RebuildCommonClasses (41ms)
	RebuildNativeTypeToScriptingClass (22ms)
	initialDomainReloadingComplete (31ms)
	LoadAllAssembliesAndSetupDomain (657ms)
		LoadAssemblies (469ms)
		RebuildTransferFunctionScriptingTraits (0ms)
		AnalyzeDomain (260ms)
			TypeCache.Refresh (19ms)
				TypeCache.ScanAssembly (0ms)
			BuildScriptInfoCaches (183ms)
			ResolveRequiredComponents (33ms)
	FinalizeReload (1418ms)
		ReleaseScriptCaches (0ms)
		RebuildScriptCaches (0ms)
		SetupLoadedEditorAssemblies (1156ms)
			LogAssemblyErrors (0ms)
			InitializePlatformSupportModulesInManaged (92ms)
			SetLoadedEditorAssemblies (9ms)
			BeforeProcessingInitializeOnLoad (339ms)
			ProcessInitializeOnLoadAttributes (624ms)
			ProcessInitializeOnLoadMethodAttributes (89ms)
			AfterProcessingInitializeOnLoad (2ms)
			EditorAssembliesLoaded (1ms)
		ExecutionOrderSort2 (1ms)
		AwakeInstancesAfterBackupRestoration (6ms)
WARNING: Shader Unsupported: 'Hidden/Universal Render Pipeline/Terrain/Lit (Base Pass)' - All subshaders removed
WARNING: Shader Did you use #pragma only_renderers and omit this platform?
WARNING: Shader If subshaders removal was intentional, you may have forgotten turning Fallback off?
WARNING: Shader Unsupported: 'Hidden/Universal Render Pipeline/Terrain/Lit (Base Pass)' - All subshaders removed
WARNING: Shader Did you use #pragma only_renderers and omit this platform?
WARNING: Shader If subshaders removal was intentional, you may have forgotten turning Fallback off?
WARNING: Shader Unsupported: 'Universal Render Pipeline/VR/SpatialMapping/Wireframe' - All subshaders removed
WARNING: Shader Did you use #pragma only_renderers and omit this platform?
WARNING: Shader If subshaders removal was intentional, you may have forgotten turning Fallback off?
WARNING: Shader Unsupported: 'Universal Render Pipeline/VR/SpatialMapping/Wireframe' - All subshaders removed
WARNING: Shader Did you use #pragma only_renderers and omit this platform?
WARNING: Shader If subshaders removal was intentional, you may have forgotten turning Fallback off?
WARNING: Shader Unsupported: 'Universal Render Pipeline/Terrain/Lit' - All subshaders removed
WARNING: Shader Did you use #pragma only_renderers and omit this platform?
WARNING: Shader If subshaders removal was intentional, you may have forgotten turning Fallback off?
WARNING: Shader Unsupported: 'Universal Render Pipeline/Terrain/Lit' - All subshaders removed
WARNING: Shader Did you use #pragma only_renderers and omit this platform?
WARNING: Shader If subshaders removal was intentional, you may have forgotten turning Fallback off?
Refreshing native plugins compatible for Editor in 0.96 ms, found 1 plugins.
Preloading 0 native plugins for Editor in 0.00 ms.
Unloading 46 Unused Serialized files (Serialized files now loaded: 0)
Unloading 6207 unused Assets / (5.0 MB). Loaded Objects now: 6916.
Memory consumption went from 144.5 MB to 139.4 MB.
Total: 15.018458 ms (FindLiveObjects: 0.640375 ms CreateObjectMapping: 0.480708 ms MarkObjects: 11.065417 ms  DeleteObjects: 2.831500 ms)

Prepare: number of updated asset objects reloaded= 0
========================================================================
Received Prepare
Begin MonoManager ReloadAssembly
[Licensing::Client] Successfully resolved entitlement details
[Licensing::Module] License group:
  Id: E4-DBUH-QKTY-V8AZ-2FZA-XXXX
  Product: Unity Education
  Type: ULF
  Expiration: 2027-03-06T23:46:27Z
[Licensing::Module] License group:
  Id: 6872783040574-inesna-UnityProStuXXXX
  Product: Unity Student
  Type: Assigned
  Expiration: 2027-09-28T14:48:01Z
Thread 0x16da07000 may have been prematurely finalized
- Loaded All Assemblies, in  1.092 seconds
Refreshing native plugins compatible for Editor in 0.42 ms, found 1 plugins.
Native extension for iOS target not found
Native extension for Android target not found
Native extension for WindowsStandalone target not found
Native extension for OSXStandalone target not found
Native extension for WebGL target not found
[Package Manager] Failed to launch server process. Reason: Unity was launched with the -noUpm command-line argument
[Package Manager] Unable to send message (not connected to server process).
[Package Manager] Cannot connect to Unity Package Manager local server
Mono: successfully reloaded assembly
- Finished resetting the current domain, in  0.742 seconds
Domain Reload Profiling: 1838ms
	BeginReloadAssembly (278ms)
		ExecutionOrderSort (0ms)
		DisableScriptedObjects (8ms)
		BackupInstance (0ms)
		ReleaseScriptingObjects (0ms)
		CreateAndSetChildDomain (80ms)
	RebuildCommonClasses (37ms)
	RebuildNativeTypeToScriptingClass (20ms)
	initialDomainReloadingComplete (26ms)
	LoadAllAssembliesAndSetupDomain (736ms)
		LoadAssemblies (640ms)
		RebuildTransferFunctionScriptingTraits (0ms)
		AnalyzeDomain (218ms)
			TypeCache.Refresh (41ms)
				TypeCache.ScanAssembly (0ms)
			BuildScriptInfoCaches (164ms)
			ResolveRequiredComponents (9ms)
	FinalizeReload (742ms)
		ReleaseScriptCaches (0ms)
		RebuildScriptCaches (0ms)
		SetupLoadedEditorAssemblies (613ms)
			LogAssemblyErrors (0ms)
			InitializePlatformSupportModulesInManaged (27ms)
			SetLoadedEditorAssemblies (3ms)
			BeforeProcessingInitializeOnLoad (149ms)
			ProcessInitializeOnLoadAttributes (383ms)
			ProcessInitializeOnLoadMethodAttributes (49ms)
			AfterProcessingInitializeOnLoad (1ms)
			EditorAssembliesLoaded (0ms)
		ExecutionOrderSort2 (0ms)
		AwakeInstancesAfterBackupRestoration (3ms)
WARNING: Shader Unsupported: 'Hidden/Universal Render Pipeline/Terrain/Lit (Base Pass)' - All subshaders removed
WARNING: Shader Did you use #pragma only_renderers and omit this platform?
WARNING: Shader If subshaders removal was intentional, you may have forgotten turning Fallback off?
WARNING: Shader Unsupported: 'Hidden/Universal Render Pipeline/Terrain/Lit (Base Pass)' - All subshaders removed
WARNING: Shader Did you use #pragma only_renderers and omit this platform?
WARNING: Shader If subshaders removal was intentional, you may have forgotten turning Fallback off?
WARNING: Shader Unsupported: 'Universal Render Pipeline/VR/SpatialMapping/Wireframe' - All subshaders removed
WARNING: Shader Did you use #pragma only_renderers and omit this platform?
WARNING: Shader If subshaders removal was intentional, you may have forgotten turning Fallback off?
WARNING: Shader Unsupported: 'Universal Render Pipeline/VR/SpatialMapping/Wireframe' - All subshaders removed
WARNING: Shader Did you use #pragma only_renderers and omit this platform?
WARNING: Shader If subshaders removal was intentional, you may have forgotten turning Fallback off?
WARNING: Shader Unsupported: 'Universal Render Pipeline/Terrain/Lit' - All subshaders removed
WARNING: Shader Did you use #pragma only_renderers and omit this platform?
WARNING: Shader If subshaders removal was intentional, you may have forgotten turning Fallback off?
WARNING: Shader Unsupported: 'Universal Render Pipeline/Terrain/Lit' - All subshaders removed
WARNING: Shader Did you use #pragma only_renderers and omit this platform?
WARNING: Shader If subshaders removal was intentional, you may have forgotten turning Fallback off?
Refreshing native plugins compatible for Editor in 0.48 ms, found 1 plugins.
Preloading 0 native plugins for Editor in 0.00 ms.
Unloading 46 Unused Serialized files (Serialized files now loaded: 0)
Unloading 6207 unused Assets / (5.7 MB). Loaded Objects now: 6919.
Memory consumption went from 144.4 MB to 138.7 MB.
Total: 11.161958 ms (FindLiveObjects: 0.536250 ms CreateObjectMapping: 0.213333 ms MarkObjects: 7.467959 ms  DeleteObjects: 2.944167 ms)

Prepare: number of updated asset objects reloaded= 0
========================================================================
Received Prepare
Begin MonoManager ReloadAssembly
[Licensing::Client] Successfully resolved entitlement details
[Licensing::Module] License group:
  Id: E4-DBUH-QKTY-V8AZ-2FZA-XXXX
  Product: Unity Education
  Type: ULF
  Expiration: 2027-03-06T23:46:27Z
[Licensing::Module] License group:
  Id: 6872783040574-inesna-UnityProStuXXXX
  Product: Unity Student
  Type: Assigned
  Expiration: 2027-09-28T14:48:01Z
Thread 0x16d6bf000 may have been prematurely finalized
- Loaded All Assemblies, in  1.796 seconds
Refreshing native plugins compatible for Editor in 2.26 ms, found 1 plugins.
Native extension for iOS target not found
2026-10-01 14:50:45.733 Unity[27091:6535892] [XcodeApplications] Failed to read NSDictionary from path H7l\/Contents/Info.plist
Native extension for Android target not found
Native extension for WindowsStandalone target not found
Native extension for OSXStandalone target not found
Native extension for WebGL target not found
[Package Manager] Failed to launch server process. Reason: Unity was launched with the -noUpm command-line argument
[Package Manager] Unable to send message (not connected to server process).
[Package Manager] Cannot connect to Unity Package Manager local server
Mono: successfully reloaded assembly
- Finished resetting the current domain, in  1.756 seconds
Domain Reload Profiling: 3561ms
	BeginReloadAssembly (500ms)
		ExecutionOrderSort (0ms)
		DisableScriptedObjects (13ms)
		BackupInstance (0ms)
		ReleaseScriptingObjects (1ms)
		CreateAndSetChildDomain (216ms)
	RebuildCommonClasses (46ms)
	RebuildNativeTypeToScriptingClass (17ms)
	initialDomainReloadingComplete (34ms)
	LoadAllAssembliesAndSetupDomain (1206ms)
		LoadAssemblies (724ms)
		RebuildTransferFunctionScriptingTraits (0ms)
		AnalyzeDomain (647ms)
			TypeCache.Refresh (197ms)
				TypeCache.ScanAssembly (8ms)
			BuildScriptInfoCaches (406ms)
			ResolveRequiredComponents (19ms)
	FinalizeReload (1758ms)
		ReleaseScriptCaches (0ms)
		RebuildScriptCaches (0ms)
		SetupLoadedEditorAssemblies (1425ms)
			LogAssemblyErrors (0ms)
			InitializePlatformSupportModulesInManaged (401ms)
			SetLoadedEditorAssemblies (7ms)
			BeforeProcessingInitializeOnLoad (350ms)
			ProcessInitializeOnLoadAttributes (569ms)
			ProcessInitializeOnLoadMethodAttributes (95ms)
			AfterProcessingInitializeOnLoad (3ms)
			EditorAssembliesLoaded (1ms)
		ExecutionOrderSort2 (0ms)
		AwakeInstancesAfterBackupRestoration (5ms)
WARNING: Shader Unsupported: 'Hidden/Universal Render Pipeline/Terrain/Lit (Base Pass)' - All subshaders removed
WARNING: Shader Did you use #pragma only_renderers and omit this platform?
WARNING: Shader If subshaders removal was intentional, you may have forgotten turning Fallback off?
WARNING: Shader Unsupported: 'Hidden/Universal Render Pipeline/Terrain/Lit (Base Pass)' - All subshaders removed
WARNING: Shader Did you use #pragma only_renderers and omit this platform?
WARNING: Shader If subshaders removal was intentional, you may have forgotten turning Fallback off?
WARNING: Shader Unsupported: 'Universal Render Pipeline/VR/SpatialMapping/Wireframe' - All subshaders removed
WARNING: Shader Did you use #pragma only_renderers and omit this platform?
WARNING: Shader If subshaders removal was intentional, you may have forgotten turning Fallback off?
WARNING: Shader Unsupported: 'Universal Render Pipeline/VR/SpatialMapping/Wireframe' - All subshaders removed
WARNING: Shader Did you use #pragma only_renderers and omit this platform?
WARNING: Shader If subshaders removal was intentional, you may have forgotten turning Fallback off?
WARNING: Shader Unsupported: 'Universal Render Pipeline/Terrain/Lit' - All subshaders removed
WARNING: Shader Did you use #pragma only_renderers and omit this platform?
WARNING: Shader If subshaders removal was intentional, you may have forgotten turning Fallback off?
WARNING: Shader Unsupported: 'Universal Render Pipeline/Terrain/Lit' - All subshaders removed
WARNING: Shader Did you use #pragma only_renderers and omit this platform?
WARNING: Shader If subshaders removal was intentional, you may have forgotten turning Fallback off?
Refreshing native plugins compatible for Editor in 10.40 ms, found 1 plugins.
Preloading 0 native plugins for Editor in 0.00 ms.
Unloading 70 Unused Serialized files (Serialized files now loaded: 0)
Unloading 6309 unused Assets / (5.8 MB). Loaded Objects now: 7000.
Memory consumption went from 152.3 MB to 146.4 MB.
Total: 54.455500 ms (FindLiveObjects: 1.583500 ms CreateObjectMapping: 1.168291 ms MarkObjects: 47.116875 ms  DeleteObjects: 4.571917 ms)

Prepare: number of updated asset objects reloaded= 0
========================================================================
Received Import Request.
  Time since last request: 464.786353 seconds.
  path: Assets/Materials/Sand.mat
  artifactKey: Guid(8661ec9df5b994b458273469fdf76170) Importer(815301076,1909f56bfc062723c751e8b465ee728b)
Start importing Assets/Materials/Sand.mat using Guid(8661ec9df5b994b458273469fdf76170) Importer(815301076,1909f56bfc062723c751e8b465ee728b) (PreviewImporter) -> (artifact id: '54db82983c074ec82547578900c08d7d') in 0.204237875 seconds
Number of updated asset objects reloaded before import = 0Number of asset objects unloaded after import = 3

========================================================================
Received Import Request.
  Time since last request: 0.000269 seconds.
  path: Assets/Materials/TankLights.mat
  artifactKey: Guid(dd67a36539c63437dbdbd9d73b3c9d90) Importer(815301076,1909f56bfc062723c751e8b465ee728b)
Start importing Assets/Materials/TankLights.mat using Guid(dd67a36539c63437dbdbd9d73b3c9d90) Importer(815301076,1909f56bfc062723c751e8b465ee728b) (PreviewImporter) -> (artifact id: 'fa86894e67f03a4ca5799223d27dcd84') in 0.0173075 seconds
Number of updated asset objects reloaded before import = 0Number of asset objects unloaded after import = 2

========================================================================
Received Import Request.
  Time since last request: 14.085423 seconds.
  path: Assets/Scripts/SeguirWP.cs
  artifactKey: Guid(fa40b3335edfe834097929e9162e41d1) Importer(2089858483,b0f066a214c2f5e87bad3c948f4d605d)
Start importing Assets/Scripts/SeguirWP.cs using Guid(fa40b3335edfe834097929e9162e41d1) Importer(2089858483,b0f066a214c2f5e87bad3c948f4d605d) (ScriptedImporter) -> (artifact id: '6e5dd6aaaf2f1dcae096f4ad83e5713b') in 0.105338209 seconds
Number of updated asset objects reloaded before import = 0Number of asset objects unloaded after import = 0

========================================================================
Received Import Request.
  Time since last request: 0.000075 seconds.
  path: Assets/TANKASSETS/PostProcessing/Resources/Shaders/ColorGrading.cginc
  artifactKey: Guid(26a62c2e30be83547bdfa9fe837165e3) Importer(2089858483,b0f066a214c2f5e87bad3c948f4d605d)
Start importing Assets/TANKASSETS/PostProcessing/Resources/Shaders/ColorGrading.cginc using Guid(26a62c2e30be83547bdfa9fe837165e3) Importer(2089858483,b0f066a214c2f5e87bad3c948f4d605d) (ScriptedImporter) -> (artifact id: 'a94b5c000e614f962b6f3c24c22d279e') in 0.005789625 seconds
Number of updated asset objects reloaded before import = 0Number of asset objects unloaded after import = 1

========================================================================
Received Import Request.
  Time since last request: 0.000124 seconds.
  path: Assets/TANKASSETS/PostProcessing/Runtime/Components/FogComponent.cs
  artifactKey: Guid(d0363c1cc7de62b4989190994103f5e2) Importer(2089858483,b0f066a214c2f5e87bad3c948f4d605d)
Start importing Assets/TANKASSETS/PostProcessing/Runtime/Components/FogComponent.cs using Guid(d0363c1cc7de62b4989190994103f5e2) Importer(2089858483,b0f066a214c2f5e87bad3c948f4d605d) (ScriptedImporter) -> (artifact id: 'e967870519986199adbb1724472adbe6') in 0.003606 seconds
Number of updated asset objects reloaded before import = 0Number of asset objects unloaded after import = 0

========================================================================
Received Import Request.
  Time since last request: 0.000097 seconds.
  path: Assets/TANKASSETS/Fonts/Bowlby_One
  artifactKey: Guid(b14ff24d0c1ad87409c85023c1d71c37) Importer(2089858483,b0f066a214c2f5e87bad3c948f4d605d)
Start importing Assets/TANKASSETS/Fonts/Bowlby_One using Guid(b14ff24d0c1ad87409c85023c1d71c37) Importer(2089858483,b0f066a214c2f5e87bad3c948f4d605d) (ScriptedImporter) -> (artifact id: '978d152c5d6b8b21f399285485504c29') in 0.004194292 seconds
Number of updated asset objects reloaded before import = 0Number of asset objects unloaded after import = 1

========================================================================
Received Import Request.
  Time since last request: 0.000115 seconds.
  path: Assets/TANKASSETS/PostProcessing/Resources/Bluenoise64/LDR_LLL1_20.png
  artifactKey: Guid(6dda07f1420a968449cf4c6620c44d9f) Importer(2089858483,b0f066a214c2f5e87bad3c948f4d605d)
Start importing Assets/TANKASSETS/PostProcessing/Resources/Bluenoise64/LDR_LLL1_20.png using Guid(6dda07f1420a968449cf4c6620c44d9f) Importer(2089858483,b0f066a214c2f5e87bad3c948f4d605d) (ScriptedImporter) -> (artifact id: '5e52d62702840a0241b1923807f6bb6f') in 0.073375583 seconds
Number of updated asset objects reloaded before import = 0Number of asset objects unloaded after import = 1

========================================================================
Received Import Request.
  Time since last request: 0.000069 seconds.
  path: Assets/TANKASSETS/Models/Radar.fbx
  artifactKey: Guid(afd58f28713632e419efd8f302698ceb) Importer(2089858483,b0f066a214c2f5e87bad3c948f4d605d)
Start importing Assets/TANKASSETS/Models/Radar.fbx using Guid(afd58f28713632e419efd8f302698ceb) Importer(2089858483,b0f066a214c2f5e87bad3c948f4d605d) (ScriptedImporter) -> (artifact id: '3eaa6a4dd204158f66e584b2f91115bc') in 0.058284084 seconds
Number of updated asset objects reloaded before import = 0Number of asset objects unloaded after import = 9

========================================================================
Received Import Request.
  Time since last request: 0.000041 seconds.
  path: Assets/TANKASSETS/PostProcessing/Runtime/Components/AmbientOcclusionComponent.cs
  artifactKey: Guid(c6e33ce72d3776b408121f946283403d) Importer(2089858483,b0f066a214c2f5e87bad3c948f4d605d)
Start importing Assets/TANKASSETS/PostProcessing/Runtime/Components/AmbientOcclusionComponent.cs using Guid(c6e33ce72d3776b408121f946283403d) Importer(2089858483,b0f066a214c2f5e87bad3c948f4d605d) (ScriptedImporter) -> (artifact id: 'dc12878ae93b7e330b2a068a5dab8789') in 0.003502959 seconds
Number of updated asset objects reloaded before import = 0Number of asset objects unloaded after import = 0

========================================================================
Received Import Request.
  Time since last request: 0.000068 seconds.
  path: Assets/TANKASSETS/PostProcessing/Runtime/Components/EyeAdaptationComponent.cs
  artifactKey: Guid(c227d71a4040d304c943c26e0914bdeb) Importer(2089858483,b0f066a214c2f5e87bad3c948f4d605d)
Start importing Assets/TANKASSETS/PostProcessing/Runtime/Components/EyeAdaptationComponent.cs using Guid(c227d71a4040d304c943c26e0914bdeb) Importer(2089858483,b0f066a214c2f5e87bad3c948f4d605d) (ScriptedImporter) -> (artifact id: '302aff4ac6248397351e2ef39190e6c1') in 0.004647542 seconds
Number of updated asset objects reloaded before import = 0Number of asset objects unloaded after import = 0

========================================================================
Received Import Request.
  Time since last request: 0.000164 seconds.
  path: Assets/Materials/TankGrey.mat
  artifactKey: Guid(063d5524599294c58bd5b814f78e3f7a) Importer(2089858483,b0f066a214c2f5e87bad3c948f4d605d)
Start importing Assets/Materials/TankGrey.mat using Guid(063d5524599294c58bd5b814f78e3f7a) Importer(2089858483,b0f066a214c2f5e87bad3c948f4d605d) (ScriptedImporter) -> (artifact id: 'e21502300fe6a4fffc170134e43e2b5b') in 0.012800958 seconds
Number of updated asset objects reloaded before import = 0Number of asset objects unloaded after import = 2

========================================================================
Received Import Request.
  Time since last request: 0.000305 seconds.
  path: Assets/TANKASSETS/PostProcessing/Resources/Bluenoise64/LDR_LLL1_19.png
  artifactKey: Guid(729a3ae164bcb3b4380459386adcf331) Importer(2089858483,b0f066a214c2f5e87bad3c948f4d605d)
Start importing Assets/TANKASSETS/PostProcessing/Resources/Bluenoise64/LDR_LLL1_19.png using Guid(729a3ae164bcb3b4380459386adcf331) Importer(2089858483,b0f066a214c2f5e87bad3c948f4d605d) (ScriptedImporter) -> (artifact id: 'e64e571cd313ff1af4015774461e9973') in 0.008947708 seconds
Number of updated asset objects reloaded before import = 0Number of asset objects unloaded after import = 1

========================================================================
Received Import Request.
  Time since last request: 0.000032 seconds.
  path: Assets/TANKASSETS/Materials/TankColour.mat
  artifactKey: Guid(12c120f2400576c4f97a98bcca5529bc) Importer(2089858483,b0f066a214c2f5e87bad3c948f4d605d)
Start importing Assets/TANKASSETS/Materials/TankColour.mat using Guid(12c120f2400576c4f97a98bcca5529bc) Importer(2089858483,b0f066a214c2f5e87bad3c948f4d605d) (ScriptedImporter) -> (artifact id: '65aa971b10add6c2ede053f15a8b5636') in 0.006236584 seconds
Number of updated asset objects reloaded before import = 0Number of asset objects unloaded after import = 2

========================================================================
Received Import Request.
  Time since last request: 0.000053 seconds.
  path: Assets/TANKASSETS/PostProcessing/Resources/Bluenoise64/LDR_LLL1_12.png
  artifactKey: Guid(980acadb960f8424c94307ec0e585b4e) Importer(2089858483,b0f066a214c2f5e87bad3c948f4d605d)
Start importing Assets/TANKASSETS/PostProcessing/Resources/Bluenoise64/LDR_LLL1_12.png using Guid(980acadb960f8424c94307ec0e585b4e) Importer(2089858483,b0f066a214c2f5e87bad3c948f4d605d) (ScriptedImporter) -> (artifact id: '791893c9d4f603a6024ed4386675e8af') in 0.006030125 seconds
Number of updated asset objects reloaded before import = 0Number of asset objects unloaded after import = 1

========================================================================
Received Import Request.
  Time since last request: 0.000099 seconds.
  path: Assets/TANKASSETS/PostProcessing/Runtime/Models/MotionBlurModel.cs
  artifactKey: Guid(bb4df227c906dd342bd34767914d292c) Importer(2089858483,b0f066a214c2f5e87bad3c948f4d605d)
Start importing Assets/TANKASSETS/PostProcessing/Runtime/Models/MotionBlurModel.cs using Guid(bb4df227c906dd342bd34767914d292c) Importer(2089858483,b0f066a214c2f5e87bad3c948f4d605d) (ScriptedImporter) -> (artifact id: '7bb20ccce9bb3ca0473c0447910f2adb') in 0.003928708 seconds
Number of updated asset objects reloaded before import = 0Number of asset objects unloaded after import = 0

========================================================================
Received Import Request.
  Time since last request: 0.000195 seconds.
  path: Assets/TANKASSETS/Animators
  artifactKey: Guid(63db5dd3902ac1c48b09ef34d5fac746) Importer(2089858483,b0f066a214c2f5e87bad3c948f4d605d)
Start importing Assets/TANKASSETS/Animators using Guid(63db5dd3902ac1c48b09ef34d5fac746) Importer(2089858483,b0f066a214c2f5e87bad3c948f4d605d) (ScriptedImporter) -> (artifact id: '0d092a740befcc918238654fac56312b') in 0.00195875 seconds
Number of updated asset objects reloaded before import = 0Number of asset objects unloaded after import = 1

========================================================================
Received Import Request.
  Time since last request: 0.000166 seconds.
  path: Assets/TANKASSETS/PostProcessing/Runtime/Utils/ColorGradingCurve.cs
  artifactKey: Guid(1bb6f2275f7eff940b6f0d72681e7877) Importer(2089858483,b0f066a214c2f5e87bad3c948f4d605d)
Start importing Assets/TANKASSETS/PostProcessing/Runtime/Utils/ColorGradingCurve.cs using Guid(1bb6f2275f7eff940b6f0d72681e7877) Importer(2089858483,b0f066a214c2f5e87bad3c948f4d605d) (ScriptedImporter) -> (artifact id: 'dd933272182b3582197dbb8913d65e6a') in 0.002804375 seconds
Number of updated asset objects reloaded before import = 0Number of asset objects unloaded after import = 0

========================================================================
Received Import Request.
  Time since last request: 0.000077 seconds.
  path: Assets/TANKASSETS/PostProcessing/Resources/Shaders/UberSecondPass.cginc
  artifactKey: Guid(b6e42614562a56445ba4b5d90301f06f) Importer(2089858483,b0f066a214c2f5e87bad3c948f4d605d)
Start importing Assets/TANKASSETS/PostProcessing/Resources/Shaders/UberSecondPass.cginc using Guid(b6e42614562a56445ba4b5d90301f06f) Importer(2089858483,b0f066a214c2f5e87bad3c948f4d605d) (ScriptedImporter) -> (artifact id: '325f225f63aee3d4a8220c60fc9a354f') in 0.002913708 seconds
Number of updated asset objects reloaded before import = 0Number of asset objects unloaded after import = 1

========================================================================
Received Import Request.
  Time since last request: 0.000148 seconds.
  path: Assets/TANKASSETS/PostProcessing/Editor/Models/FogModelEditor.cs
  artifactKey: Guid(44a64b44ec891d24b96ed84d958c3d4f) Importer(2089858483,b0f066a214c2f5e87bad3c948f4d605d)
Start importing Assets/TANKASSETS/PostProcessing/Editor/Models/FogModelEditor.cs using Guid(44a64b44ec891d24b96ed84d958c3d4f) Importer(2089858483,b0f066a214c2f5e87bad3c948f4d605d) (ScriptedImporter) -> (artifact id: 'f22956dec519b1a777ece2bd1e77016e') in 0.003869709 seconds
Number of updated asset objects reloaded before import = 0Number of asset objects unloaded after import = 0

========================================================================
Received Import Request.
  Time since last request: 0.000136 seconds.
  path: Assets/TANKASSETS/PostProcessing/Runtime/Components/ChromaticAberrationComponent.cs
  artifactKey: Guid(b9c65642df654a84d84ded1b07448a4c) Importer(2089858483,b0f066a214c2f5e87bad3c948f4d605d)
Start importing Assets/TANKASSETS/PostProcessing/Runtime/Components/ChromaticAberrationComponent.cs using Guid(b9c65642df654a84d84ded1b07448a4c) Importer(2089858483,b0f066a214c2f5e87bad3c948f4d605d) (ScriptedImporter) -> (artifact id: '136c5f4157e09db208b3c5baa9e1a12d') in 0.00309275 seconds
Number of updated asset objects reloaded before import = 0Number of asset objects unloaded after import = 0

========================================================================
Received Import Request.
  Time since last request: 0.000075 seconds.
  path: Assets/WPTank.unity
  artifactKey: Guid(d8129ecf54f524338aee86f026c29cb0) Importer(2089858483,b0f066a214c2f5e87bad3c948f4d605d)
Start importing Assets/WPTank.unity using Guid(d8129ecf54f524338aee86f026c29cb0) Importer(2089858483,b0f066a214c2f5e87bad3c948f4d605d) (ScriptedImporter) -> (artifact id: 'f50e0ca36c1141a383b405ac269b0e47') in 0.004951833 seconds
Number of updated asset objects reloaded before import = 0Number of asset objects unloaded after import = 1

========================================================================
Received Import Request.
  Time since last request: 0.000235 seconds.
  path: Assets/TANKASSETS/PostProcessing/Runtime/Models/ScreenSpaceReflectionModel.cs
  artifactKey: Guid(e841012229e57cd408a146561435e90d) Importer(2089858483,b0f066a214c2f5e87bad3c948f4d605d)
Start importing Assets/TANKASSETS/PostProcessing/Runtime/Models/ScreenSpaceReflectionModel.cs using Guid(e841012229e57cd408a146561435e90d) Importer(2089858483,b0f066a214c2f5e87bad3c948f4d605d) (ScriptedImporter) -> (artifact id: 'a927184d76e2152f78c8cfd881100648') in 0.004564292 seconds
Number of updated asset objects reloaded before import = 0Number of asset objects unloaded after import = 0

========================================================================
Received Import Request.
  Time since last request: 0.000129 seconds.
  path: Assets/TANKASSETS/PostProcessing/Resources/Bluenoise64/LDR_LLL1_17.png
  artifactKey: Guid(bf95b6fdc179b0e4f890c841406193fc) Importer(2089858483,b0f066a214c2f5e87bad3c948f4d605d)
Start importing Assets/TANKASSETS/PostProcessing/Resources/Bluenoise64/LDR_LLL1_17.png using Guid(bf95b6fdc179b0e4f890c841406193fc) Importer(2089858483,b0f066a214c2f5e87bad3c948f4d605d) (ScriptedImporter) -> (artifact id: 'b05fca657b870bc635803c579c752210') in 0.007797709 seconds
Number of updated asset objects reloaded before import = 0Number of asset objects unloaded after import = 1

========================================================================
Received Import Request.
  Time since last request: 0.000119 seconds.
  path: Assets/TANKASSETS/Materials/Green.mat
  artifactKey: Guid(c39933e60e73205419d1f79a2af1fdac) Importer(2089858483,b0f066a214c2f5e87bad3c948f4d605d)
Start importing Assets/TANKASSETS/Materials/Green.mat using Guid(c39933e60e73205419d1f79a2af1fdac) Importer(2089858483,b0f066a214c2f5e87bad3c948f4d605d) (ScriptedImporter) -> (artifact id: 'c11709d503ec076672f10887f1394358') in 0.012272625 seconds
Number of updated asset objects reloaded before import = 0Number of asset objects unloaded after import = 2

========================================================================
Received Import Request.
  Time since last request: 0.000277 seconds.
  path: Assets/TANKASSETS/PostProcessing/Resources/Bluenoise64/LDR_LLL1_55.png
  artifactKey: Guid(5e542d0126a2c7848b66bffc428905fd) Importer(2089858483,b0f066a214c2f5e87bad3c948f4d605d)
Start importing Assets/TANKASSETS/PostProcessing/Resources/Bluenoise64/LDR_LLL1_55.png using Guid(5e542d0126a2c7848b66bffc428905fd) Importer(2089858483,b0f066a214c2f5e87bad3c948f4d605d) (ScriptedImporter) -> (artifact id: '431c6b5ec53b84ba3636244d57e435ec') in 0.015600208 seconds
Number of updated asset objects reloaded before import = 0Number of asset objects unloaded after import = 1

========================================================================
Received Import Request.
  Time since last request: 0.000884 seconds.
  path: Assets/TANKASSETS/PostProcessing/Runtime/PostProcessingModel.cs
  artifactKey: Guid(28413153a26e53342baf1a7b2c3711c3) Importer(2089858483,b0f066a214c2f5e87bad3c948f4d605d)
Start importing Assets/TANKASSETS/PostProcessing/Runtime/PostProcessingModel.cs using Guid(28413153a26e53342baf1a7b2c3711c3) Importer(2089858483,b0f066a214c2f5e87bad3c948f4d605d) (ScriptedImporter) -> (artifact id: 'ddfd8c449773dd45e04c9067947f18e5') in 0.00918275 seconds
Number of updated asset objects reloaded before import = 0Number of asset objects unloaded after import = 0

========================================================================
Received Import Request.
  Time since last request: 0.000701 seconds.
  path: Assets/TANKASSETS/PostProcessing/Resources/Bluenoise64/LDR_LLL1_7.png
  artifactKey: Guid(3ac02e7e783571c468f9c086d2384ba7) Importer(2089858483,b0f066a214c2f5e87bad3c948f4d605d)
Start importing Assets/TANKASSETS/PostProcessing/Resources/Bluenoise64/LDR_LLL1_7.png using Guid(3ac02e7e783571c468f9c086d2384ba7) Importer(2089858483,b0f066a214c2f5e87bad3c948f4d605d) (ScriptedImporter) -> (artifact id: 'd2677cb567bc4285d124fc86b4027d35') in 0.041489083 seconds
Number of updated asset objects reloaded before import = 0Number of asset objects unloaded after import = 1

========================================================================
Received Import Request.
  Time since last request: 0.000269 seconds.
  path: Assets/WPTank/LightingData.asset
  artifactKey: Guid(950bec307c347c24a808d94ae8d5094d) Importer(2089858483,b0f066a214c2f5e87bad3c948f4d605d)
Start importing Assets/WPTank/LightingData.asset using Guid(950bec307c347c24a808d94ae8d5094d) Importer(2089858483,b0f066a214c2f5e87bad3c948f4d605d) (ScriptedImporter) -> (artifact id: 'bf7d37f205810247bc19b075e21b0159') in 0.023996 seconds
Number of updated asset objects reloaded before import = 0Number of asset objects unloaded after import = 2

========================================================================
Received Import Request.
  Time since last request: 0.000477 seconds.
  path: Assets/TANKASSETS/PostProcessing/Editor Resources/UI/CurveBackground.shader
  artifactKey: Guid(b1b2bfb2897659e45983f0c3e7dda2c8) Importer(2089858483,b0f066a214c2f5e87bad3c948f4d605d)
Start importing Assets/TANKASSETS/PostProcessing/Editor Resources/UI/CurveBackground.shader using Guid(b1b2bfb2897659e45983f0c3e7dda2c8) Importer(2089858483,b0f066a214c2f5e87bad3c948f4d605d) (ScriptedImporter) -> (artifact id: 'e83bdce504bc8cb1adf1a01a74bc8baf') in 0.027824625 seconds
Number of updated asset objects reloaded before import = 0Number of asset objects unloaded after import = 1

========================================================================
Received Import Request.
  Time since last request: 0.001869 seconds.
  path: Assets/TANKASSETS/PostProcessing/Runtime/Models/ColorGradingModel.cs
  artifactKey: Guid(fe146bcdc1fb8ae4ab7dd803982d3489) Importer(2089858483,b0f066a214c2f5e87bad3c948f4d605d)
Start importing Assets/TANKASSETS/PostProcessing/Runtime/Models/ColorGradingModel.cs using Guid(fe146bcdc1fb8ae4ab7dd803982d3489) Importer(2089858483,b0f066a214c2f5e87bad3c948f4d605d) (ScriptedImporter) -> (artifact id: 'c44f943ea573845db6ea7f4660651acc') in 0.015315792 seconds
Number of updated asset objects reloaded before import = 0Number of asset objects unloaded after import = 0

========================================================================
Received Import Request.
  Time since last request: 0.000152 seconds.
  path: Assets/TANKASSETS/Fonts/Bowlby_One/BowlbyOne-Regular.ttf
  artifactKey: Guid(3d7fe0a26ba72d949874021dc3d6995e) Importer(2089858483,b0f066a214c2f5e87bad3c948f4d605d)
Start importing Assets/TANKASSETS/Fonts/Bowlby_One/BowlbyOne-Regular.ttf using Guid(3d7fe0a26ba72d949874021dc3d6995e) Importer(2089858483,b0f066a214c2f5e87bad3c948f4d605d) (ScriptedImporter) -> (artifact id: 'e644751fcef67f30cdfcf5af5e3034f5') in 0.030614583 seconds
Number of updated asset objects reloaded before import = 0Number of asset objects unloaded after import = 3

========================================================================
Received Import Request.
  Time since last request: 0.000144 seconds.
  path: Assets/TANKASSETS/Models/PumpJack.fbx
  artifactKey: Guid(d7962f90116a5c94d9a7a2b2e4fbc1b2) Importer(2089858483,b0f066a214c2f5e87bad3c948f4d605d)
Start importing Assets/TANKASSETS/Models/PumpJack.fbx using Guid(d7962f90116a5c94d9a7a2b2e4fbc1b2) Importer(2089858483,b0f066a214c2f5e87bad3c948f4d605d) (ScriptedImporter) -> (artifact id: '0bd0f63e8f12258bbc14ad3d82cc4684') in 0.038820166 seconds
Number of updated asset objects reloaded before import = 0Number of asset objects unloaded after import = 11

========================================================================
Received Import Request.
  Time since last request: 0.000053 seconds.
  path: Assets/TANKASSETS/Materials/Red.mat
  artifactKey: Guid(463052f3f7389124f9e7b34b0b931d0d) Importer(2089858483,b0f066a214c2f5e87bad3c948f4d605d)
Start importing Assets/TANKASSETS/Materials/Red.mat using Guid(463052f3f7389124f9e7b34b0b931d0d) Importer(2089858483,b0f066a214c2f5e87bad3c948f4d605d) (ScriptedImporter) -> (artifact id: '65a3a36e1708677ff2f39c201054ce3e') in 0.006420208 seconds
Number of updated asset objects reloaded before import = 0Number of asset objects unloaded after import = 2

========================================================================
Received Import Request.
  Time since last request: 0.000047 seconds.
  path: Assets/TANKASSETS/PostProcessing/Resources/Bluenoise64/LDR_LLL1_10.png
  artifactKey: Guid(afe1e502240079342a0a980484b6da8b) Importer(2089858483,b0f066a214c2f5e87bad3c948f4d605d)
Start importing Assets/TANKASSETS/PostProcessing/Resources/Bluenoise64/LDR_LLL1_10.png using Guid(afe1e502240079342a0a980484b6da8b) Importer(2089858483,b0f066a214c2f5e87bad3c948f4d605d) (ScriptedImporter) -> (artifact id: '09a511d73e039c4584cb662c400fafcc') in 0.010124042 seconds
Number of updated asset objects reloaded before import = 0Number of asset objects unloaded after import = 1

========================================================================
Received Import Request.
  Time since last request: 0.000199 seconds.
  path: Assets/TANKASSETS/PostProcessing/Editor/PostProcessingModelEditor.cs
  artifactKey: Guid(afe296d4ede60a0479734dc8c7df82c2) Importer(2089858483,b0f066a214c2f5e87bad3c948f4d605d)
Start importing Assets/TANKASSETS/PostProcessing/Editor/PostProcessingModelEditor.cs using Guid(afe296d4ede60a0479734dc8c7df82c2) Importer(2089858483,b0f066a214c2f5e87bad3c948f4d605d) (ScriptedImporter) -> (artifact id: 'bc7463e25c647c23eb287c990093cebb') in 0.005491167 seconds
Number of updated asset objects reloaded before import = 0Number of asset objects unloaded after import = 0

========================================================================
Received Import Request.
  Time since last request: 0.000520 seconds.
  path: Assets/TANKASSETS/PostProcessing/Editor/Models
  artifactKey: Guid(d5341d31985da604db4b100f174142ad) Importer(2089858483,b0f066a214c2f5e87bad3c948f4d605d)
Start importing Assets/TANKASSETS/PostProcessing/Editor/Models using Guid(d5341d31985da604db4b100f174142ad) Importer(2089858483,b0f066a214c2f5e87bad3c948f4d605d) (ScriptedImporter) -> (artifact id: '03d45faac9bcdaa359cb3716f8d493ff') in 0.004519916 seconds
Number of updated asset objects reloaded before import = 0Number of asset objects unloaded after import = 1

========================================================================
Received Import Request.
  Time since last request: 0.000153 seconds.
  path: Assets/TANKASSETS/PostProcessing/Runtime/Components/DepthOfFieldComponent.cs
  artifactKey: Guid(d862c8701bf34c342b95cf9058d0b70c) Importer(2089858483,b0f066a214c2f5e87bad3c948f4d605d)
Start importing Assets/TANKASSETS/PostProcessing/Runtime/Components/DepthOfFieldComponent.cs using Guid(d862c8701bf34c342b95cf9058d0b70c) Importer(2089858483,b0f066a214c2f5e87bad3c948f4d605d) (ScriptedImporter) -> (artifact id: '9b00c8339301317a5110a1cfc4bb5aa8') in 0.004478917 seconds
Number of updated asset objects reloaded before import = 0Number of asset objects unloaded after import = 0

========================================================================
Received Import Request.
  Time since last request: 0.000476 seconds.
  path: Assets/TANKASSETS/PostProcessing/Resources/Bluenoise64/LDR_LLL1_32.png
  artifactKey: Guid(87a5e40cc271ea648b583616f6ebe7fe) Importer(2089858483,b0f066a214c2f5e87bad3c948f4d605d)
Start importing Assets/TANKASSETS/PostProcessing/Resources/Bluenoise64/LDR_LLL1_32.png using Guid(87a5e40cc271ea648b583616f6ebe7fe) Importer(2089858483,b0f066a214c2f5e87bad3c948f4d605d) (ScriptedImporter) -> (artifact id: '3a9e8f6d5d11f86b4f7e2fc344ca997b') in 0.01856925 seconds
Number of updated asset objects reloaded before import = 0Number of asset objects unloaded after import = 1

========================================================================
Received Import Request.
  Time since last request: 0.001714 seconds.
  path: Assets/TANKASSETS/red.mat
  artifactKey: Guid(2a3b48702fd1447bc9cc1408210c3ac2) Importer(2089858483,b0f066a214c2f5e87bad3c948f4d605d)
Start importing Assets/TANKASSETS/red.mat using Guid(2a3b48702fd1447bc9cc1408210c3ac2) Importer(2089858483,b0f066a214c2f5e87bad3c948f4d605d) (ScriptedImporter) -> (artifact id: '93e8996df19387f64d1ed4dcba3abe9d') in 0.019064542 seconds
Number of updated asset objects reloaded before import = 0Number of asset objects unloaded after import = 1

========================================================================
Received Import Request.
  Time since last request: 0.001116 seconds.
  path: Assets/TANKASSETS/PostProcessing/Runtime/Attributes/MinAttribute.cs
  artifactKey: Guid(9af2f505033843c46a362e251937acb1) Importer(2089858483,b0f066a214c2f5e87bad3c948f4d605d)
Start importing Assets/TANKASSETS/PostProcessing/Runtime/Attributes/MinAttribute.cs using Guid(9af2f505033843c46a362e251937acb1) Importer(2089858483,b0f066a214c2f5e87bad3c948f4d605d) (ScriptedImporter) -> (artifact id: '0c8d4f922d2f6307a6790f891c97258e') in 0.01251475 seconds
Number of updated asset objects reloaded before import = 0Number of asset objects unloaded after import = 0

========================================================================
Received Import Request.
  Time since last request: 0.000116 seconds.
  path: Assets/TANKASSETS/Models/Cactus.fbx
  artifactKey: Guid(00b5a8045a3c3914bb0dfdf2d62f05c9) Importer(2089858483,b0f066a214c2f5e87bad3c948f4d605d)
Start importing Assets/TANKASSETS/Models/Cactus.fbx using Guid(00b5a8045a3c3914bb0dfdf2d62f05c9) Importer(2089858483,b0f066a214c2f5e87bad3c948f4d605d) (ScriptedImporter) -> (artifact id: 'd4b67956f0a71a8e010aba27af4055bd') in 0.026316 seconds
Number of updated asset objects reloaded before import = 0Number of asset objects unloaded after import = 8

========================================================================
Received Import Request.
  Time since last request: 0.000356 seconds.
  path: Assets/TANKASSETS/Materials
  artifactKey: Guid(e5dbc7bfeb0203344a6c08c8ed7678bc) Importer(2089858483,b0f066a214c2f5e87bad3c948f4d605d)
Start importing Assets/TANKASSETS/Materials using Guid(e5dbc7bfeb0203344a6c08c8ed7678bc) Importer(2089858483,b0f066a214c2f5e87bad3c948f4d605d) (ScriptedImporter) -> (artifact id: '471f010b9bcbcf341adc320be7b34a88') in 0.005932292 seconds
Number of updated asset objects reloaded before import = 0Number of asset objects unloaded after import = 1

========================================================================
Received Import Request.
  Time since last request: 0.000180 seconds.
  path: Assets/TANKASSETS/PostProcessing/Runtime/Models/VignetteModel.cs
  artifactKey: Guid(d7aa967ba692363448f1b25d0728b9bd) Importer(2089858483,b0f066a214c2f5e87bad3c948f4d605d)
Start importing Assets/TANKASSETS/PostProcessing/Runtime/Models/VignetteModel.cs using Guid(d7aa967ba692363448f1b25d0728b9bd) Importer(2089858483,b0f066a214c2f5e87bad3c948f4d605d) (ScriptedImporter) -> (artifact id: '7f8e8039207f7fb1c23efeb27960af93') in 0.004910542 seconds
Number of updated asset objects reloaded before import = 0Number of asset objects unloaded after import = 0

========================================================================
Received Import Request.
  Time since last request: 0.000698 seconds.
  path: Assets/TANKASSETS/PostProcessing/Resources/Bluenoise64/LDR_LLL1_4.png
  artifactKey: Guid(6fa5cf178eaaa5f42b820f636bb6e0bd) Importer(2089858483,b0f066a214c2f5e87bad3c948f4d605d)
Start importing Assets/TANKASSETS/PostProcessing/Resources/Bluenoise64/LDR_LLL1_4.png using Guid(6fa5cf178eaaa5f42b820f636bb6e0bd) Importer(2089858483,b0f066a214c2f5e87bad3c948f4d605d) (ScriptedImporter) -> (artifact id: 'a185b981b7f68670144afff0c360ba18') in 0.01149225 seconds
Number of updated asset objects reloaded before import = 0Number of asset objects unloaded after import = 1

========================================================================
Received Import Request.
  Time since last request: 0.000141 seconds.
  path: Assets/TANKASSETS/PostProcessing/Textures/Lens Dirt/LensDirt01.png
  artifactKey: Guid(3884f7a2d04ffe8409ad9200b275896f) Importer(2089858483,b0f066a214c2f5e87bad3c948f4d605d)
Start importing Assets/TANKASSETS/PostProcessing/Textures/Lens Dirt/LensDirt01.png using Guid(3884f7a2d04ffe8409ad9200b275896f) Importer(2089858483,b0f066a214c2f5e87bad3c948f4d605d) (ScriptedImporter) -> (artifact id: 'c105b23d82af54f59e6f196eb254f334') in 0.011905375 seconds
Number of updated asset objects reloaded before import = 0Number of asset objects unloaded after import = 1

========================================================================
Received Import Request.
  Time since last request: 0.000119 seconds.
  path: Assets/TANKASSETS/PostProcessing/Resources/Bluenoise64/LDR_LLL1_52.png
  artifactKey: Guid(d2e8e90fac2e6a341a38e1c3963c218d) Importer(2089858483,b0f066a214c2f5e87bad3c948f4d605d)
Start importing Assets/TANKASSETS/PostProcessing/Resources/Bluenoise64/LDR_LLL1_52.png using Guid(d2e8e90fac2e6a341a38e1c3963c218d) Importer(2089858483,b0f066a214c2f5e87bad3c948f4d605d) (ScriptedImporter) -> (artifact id: '39eb478a0c5b16fae809c78585024848') in 0.010371125 seconds
Number of updated asset objects reloaded before import = 0Number of asset objects unloaded after import = 1

========================================================================
Received Import Request.
  Time since last request: 0.000255 seconds.
  path: Assets/TANKASSETS/Materials/White.mat
  artifactKey: Guid(c0d660c0333c4224098a02ecd84d6232) Importer(2089858483,b0f066a214c2f5e87bad3c948f4d605d)
Start importing Assets/TANKASSETS/Materials/White.mat using Guid(c0d660c0333c4224098a02ecd84d6232) Importer(2089858483,b0f066a214c2f5e87bad3c948f4d605d) (ScriptedImporter) -> (artifact id: '7c10895979aec2a459be4f5beefd13b6') in 0.006107833 seconds
Number of updated asset objects reloaded before import = 0Number of asset objects unloaded after import = 2

========================================================================
Received Import Request.
  Time since last request: 0.000449 seconds.
  path: Assets/TANKASSETS/PostProcessing/Resources/Bluenoise64/LDR_LLL1_26.png
  artifactKey: Guid(09f6c01f98a3ded4daf1afc52a3c260f) Importer(2089858483,b0f066a214c2f5e87bad3c948f4d605d)
Start importing Assets/TANKASSETS/PostProcessing/Resources/Bluenoise64/LDR_LLL1_26.png using Guid(09f6c01f98a3ded4daf1afc52a3c260f) Importer(2089858483,b0f066a214c2f5e87bad3c948f4d605d) (ScriptedImporter) -> (artifact id: '2532fd70293fd013491465eb8d34c7fd') in 0.01542975 seconds
Number of updated asset objects reloaded before import = 0Number of asset objects unloaded after import = 1

========================================================================
Received Import Request.
  Time since last request: 0.000704 seconds.
  path: Assets/TANKASSETS/PostProcessing/Resources/Bluenoise64/LDR_LLL1_28.png
  artifactKey: Guid(02c0a84bd64c6f044954d8bde9b46ec8) Importer(2089858483,b0f066a214c2f5e87bad3c948f4d605d)
Start importing Assets/TANKASSETS/PostProcessing/Resources/Bluenoise64/LDR_LLL1_28.png using Guid(02c0a84bd64c6f044954d8bde9b46ec8) Importer(2089858483,b0f066a214c2f5e87bad3c948f4d605d) (ScriptedImporter) -> (artifact id: '5acb2dab671f497aae4cc2a77a277a75') in 0.013458083 seconds
Number of updated asset objects reloaded before import = 0Number of asset objects unloaded after import = 1

========================================================================
Received Import Request.
  Time since last request: 0.000142 seconds.
  path: Assets/TankAndWP/red.mat
  artifactKey: Guid(5470b972618654519a85223ac6f98d57) Importer(2089858483,b0f066a214c2f5e87bad3c948f4d605d)
Start importing Assets/TankAndWP/red.mat using Guid(5470b972618654519a85223ac6f98d57) Importer(2089858483,b0f066a214c2f5e87bad3c948f4d605d) (ScriptedImporter) -> (artifact id: 'cd3cb36460def18a73dad6b04bc13b6a') in 0.015459209 seconds
Number of updated asset objects reloaded before import = 0Number of asset objects unloaded after import = 2

========================================================================
Received Import Request.
  Time since last request: 0.000483 seconds.
  path: Assets/TANKASSETS/Sprites/Aim Arrow.png
  artifactKey: Guid(ab943d3d5ac38bb448fabe3cdc9516d1) Importer(2089858483,b0f066a214c2f5e87bad3c948f4d605d)
Start importing Assets/TANKASSETS/Sprites/Aim Arrow.png using Guid(ab943d3d5ac38bb448fabe3cdc9516d1) Importer(2089858483,b0f066a214c2f5e87bad3c948f4d605d) (ScriptedImporter) -> (artifact id: '378b25be28c69fce6c0baf9021ef87b1') in 0.030470208 seconds
Number of updated asset objects reloaded before import = 0Number of asset objects unloaded after import = 3

========================================================================
Received Import Request.
  Time since last request: 0.001555 seconds.
  path: Assets/TANKASSETS/PostProcessing/Resources/Bluenoise64/LDR_LLL1_54.png
  artifactKey: Guid(936dea238abb0864ab3985a995e16a29) Importer(2089858483,b0f066a214c2f5e87bad3c948f4d605d)
Start importing Assets/TANKASSETS/PostProcessing/Resources/Bluenoise64/LDR_LLL1_54.png using Guid(936dea238abb0864ab3985a995e16a29) Importer(2089858483,b0f066a214c2f5e87bad3c948f4d605d) (ScriptedImporter) -> (artifact id: '977df33dbc97cc9731bb7edd47dfc408') in 0.015512083 seconds
Number of updated asset objects reloaded before import = 0Number of asset objects unloaded after import = 1

========================================================================
Received Import Request.
  Time since last request: 0.001693 seconds.
  path: Assets/TANKASSETS/Models/Helipad.fbx
  artifactKey: Guid(614b6b69c0bbcd945bb2f83eb02a3436) Importer(2089858483,b0f066a214c2f5e87bad3c948f4d605d)
Start importing Assets/TANKASSETS/Models/Helipad.fbx using Guid(614b6b69c0bbcd945bb2f83eb02a3436) Importer(2089858483,b0f066a214c2f5e87bad3c948f4d605d) (ScriptedImporter) -> (artifact id: '4226c63c934da0915030f868d2309b5b') in 0.048123958 seconds
Number of updated asset objects reloaded before import = 0Number of asset objects unloaded after import = 11

========================================================================
Received Import Request.
  Time since last request: 0.000147 seconds.
  path: Assets/TANKASSETS/PostProcessing/Editor/Attributes
  artifactKey: Guid(cc5c690f549b4704eb992a9be781554d) Importer(2089858483,b0f066a214c2f5e87bad3c948f4d605d)
Start importing Assets/TANKASSETS/PostProcessing/Editor/Attributes using Guid(cc5c690f549b4704eb992a9be781554d) Importer(2089858483,b0f066a214c2f5e87bad3c948f4d605d) (ScriptedImporter) -> (artifact id: '8ad6a0b3125042008a6ad697cfaf8025') in 0.006972041 seconds
Number of updated asset objects reloaded before import = 0Number of asset objects unloaded after import = 1

========================================================================
Received Import Request.
  Time since last request: 0.000263 seconds.
  path: Assets/TANKASSETS/Models/Column01.FBX
  artifactKey: Guid(8d8760d4504814540ba00eaa1d1f43ac) Importer(2089858483,b0f066a214c2f5e87bad3c948f4d605d)
Start importing Assets/TANKASSETS/Models/Column01.FBX using Guid(8d8760d4504814540ba00eaa1d1f43ac) Importer(2089858483,b0f066a214c2f5e87bad3c948f4d605d) (ScriptedImporter) -> (artifact id: 'a0f7b810ac3ea589f7aad1bdf3b8e115') in 0.024956917 seconds
Number of updated asset objects reloaded before import = 0Number of asset objects unloaded after import = 10

========================================================================
Received Import Request.
  Time since last request: 0.000109 seconds.
  path: Assets/TANKASSETS/PostProcessing/Editor/Models/AntialiasingModelEditor.cs
  artifactKey: Guid(2451939fe695c1a408ba688219837667) Importer(2089858483,b0f066a214c2f5e87bad3c948f4d605d)
Start importing Assets/TANKASSETS/PostProcessing/Editor/Models/AntialiasingModelEditor.cs using Guid(2451939fe695c1a408ba688219837667) Importer(2089858483,b0f066a214c2f5e87bad3c948f4d605d) (ScriptedImporter) -> (artifact id: '4f0b96c99c980f56234ae1c5e80893e2') in 0.009038166 seconds
Number of updated asset objects reloaded before import = 0Number of asset objects unloaded after import = 0

========================================================================
Received Import Request.
  Time since last request: 0.000296 seconds.
  path: Assets/TANKASSETS/PostProcessing/Resources/Bluenoise64/LDR_LLL1_2.png
  artifactKey: Guid(a469f920b21fc7c4fb5b950917ce2fb2) Importer(2089858483,b0f066a214c2f5e87bad3c948f4d605d)
Start importing Assets/TANKASSETS/PostProcessing/Resources/Bluenoise64/LDR_LLL1_2.png using Guid(a469f920b21fc7c4fb5b950917ce2fb2) Importer(2089858483,b0f066a214c2f5e87bad3c948f4d605d) (ScriptedImporter) -> (artifact id: '34a3cfe3464700fdd765d9062689cc0f') in 0.013562291 seconds
Number of updated asset objects reloaded before import = 0Number of asset objects unloaded after import = 1

========================================================================
Received Import Request.
  Time since last request: 0.000225 seconds.
  path: Assets/TANKASSETS/Profiles
  artifactKey: Guid(3f5735516e58bc4458ed5c55cb9e5e18) Importer(2089858483,b0f066a214c2f5e87bad3c948f4d605d)
Start importing Assets/TANKASSETS/Profiles using Guid(3f5735516e58bc4458ed5c55cb9e5e18) Importer(2089858483,b0f066a214c2f5e87bad3c948f4d605d) (ScriptedImporter) -> (artifact id: '8a49afe8dc0e143ed87aeb43b7a573ad') in 0.003566583 seconds
Number of updated asset objects reloaded before import = 0Number of asset objects unloaded after import = 1

========================================================================
Received Import Request.
  Time since last request: 0.000108 seconds.
  path: Assets/TANKASSETS/Materials/Grey.mat
  artifactKey: Guid(db9ceca9e86a2724aaa5c3df2991dba7) Importer(2089858483,b0f066a214c2f5e87bad3c948f4d605d)
Start importing Assets/TANKASSETS/Materials/Grey.mat using Guid(db9ceca9e86a2724aaa5c3df2991dba7) Importer(2089858483,b0f066a214c2f5e87bad3c948f4d605d) (ScriptedImporter) -> (artifact id: '154f835bb8ea1b621c14fa790c2145a3') in 0.010461208 seconds
Number of updated asset objects reloaded before import = 0Number of asset objects unloaded after import = 2

========================================================================
Received Import Request.
  Time since last request: 0.000387 seconds.
  path: Assets/TANKASSETS/Models/Cow.fbx
  artifactKey: Guid(961487dad48770a4d867fcbcca1e5950) Importer(2089858483,b0f066a214c2f5e87bad3c948f4d605d)
Start importing Assets/TANKASSETS/Models/Cow.fbx using Guid(961487dad48770a4d867fcbcca1e5950) Importer(2089858483,b0f066a214c2f5e87bad3c948f4d605d) (ScriptedImporter) -> (artifact id: '8a79f55c1027128929f2b423ffa52a5d') in 0.014730917 seconds
Number of updated asset objects reloaded before import = 0Number of asset objects unloaded after import = 8

========================================================================
Received Import Request.
  Time since last request: 0.000544 seconds.
  path: Assets/TANKASSETS/PostProcessing/Resources/Bluenoise64/LDR_LLL1_9.png
  artifactKey: Guid(71583cfd8899717428d5b1a95fa39cda) Importer(2089858483,b0f066a214c2f5e87bad3c948f4d605d)
Start importing Assets/TANKASSETS/PostProcessing/Resources/Bluenoise64/LDR_LLL1_9.png using Guid(71583cfd8899717428d5b1a95fa39cda) Importer(2089858483,b0f066a214c2f5e87bad3c948f4d605d) (ScriptedImporter) -> (artifact id: '4d0e1a81c581fccba7ef1b9349bf6b86') in 0.01423325 seconds
Number of updated asset objects reloaded before import = 0Number of asset objects unloaded after import = 1

========================================================================
Received Import Request.
  Time since last request: 0.000101 seconds.
  path: Assets/TANKASSETS/PostProcessing/Resources/Bluenoise64/LDR_LLL1_31.png
  artifactKey: Guid(6b0a189df0bd4d5448eaefb4e673ace8) Importer(2089858483,b0f066a214c2f5e87bad3c948f4d605d)
Start importing Assets/TANKASSETS/PostProcessing/Resources/Bluenoise64/LDR_LLL1_31.png using Guid(6b0a189df0bd4d5448eaefb4e673ace8) Importer(2089858483,b0f066a214c2f5e87bad3c948f4d605d) (ScriptedImporter) -> (artifact id: 'fc8823cffdc306a1821ace09da380f51') in 0.02510975 seconds
Number of updated asset objects reloaded before import = 0Number of asset objects unloaded after import = 1

========================================================================
Received Import Request.
  Time since last request: 0.004730 seconds.
  path: Assets/TANKASSETS/PostProcessing/Resources/Bluenoise64/LDR_LLL1_8.png
  artifactKey: Guid(c55042318a938344ab23cd7f09dd0076) Importer(2089858483,b0f066a214c2f5e87bad3c948f4d605d)
Start importing Assets/TANKASSETS/PostProcessing/Resources/Bluenoise64/LDR_LLL1_8.png using Guid(c55042318a938344ab23cd7f09dd0076) Importer(2089858483,b0f066a214c2f5e87bad3c948f4d605d) (ScriptedImporter) -> (artifact id: 'd6f159a370176f18e91d6896b4f808f1') in 0.026955958 seconds
Number of updated asset objects reloaded before import = 0Number of asset objects unloaded after import = 1

========================================================================
Received Import Request.
  Time since last request: 0.000944 seconds.
  path: Assets/TANKASSETS/PostProcessing/Resources/Bluenoise64/LDR_LLL1_46.png
  artifactKey: Guid(8ecbbcae4cc747a4abbc4adce795d25e) Importer(2089858483,b0f066a214c2f5e87bad3c948f4d605d)
Start importing Assets/TANKASSETS/PostProcessing/Resources/Bluenoise64/LDR_LLL1_46.png using Guid(8ecbbcae4cc747a4abbc4adce795d25e) Importer(2089858483,b0f066a214c2f5e87bad3c948f4d605d) (ScriptedImporter) -> (artifact id: '1e57c878a0160f795837edf689101a5b') in 0.01836775 seconds
Number of updated asset objects reloaded before import = 0Number of asset objects unloaded after import = 1

========================================================================
Received Import Request.
  Time since last request: 0.000422 seconds.
  path: Assets/TANKASSETS/PostProcessing/Editor/PostProcessingFactory.cs
  artifactKey: Guid(0dfcadb180d67014cb0a6e18d6b11f90) Importer(2089858483,b0f066a214c2f5e87bad3c948f4d605d)
Start importing Assets/TANKASSETS/PostProcessing/Editor/PostProcessingFactory.cs using Guid(0dfcadb180d67014cb0a6e18d6b11f90) Importer(2089858483,b0f066a214c2f5e87bad3c948f4d605d) (ScriptedImporter) -> (artifact id: 'f78fafcb871293678e53cdd934041bfe') in 0.015082333 seconds
Number of updated asset objects reloaded before import = 0Number of asset objects unloaded after import = 0

========================================================================
Received Import Request.
  Time since last request: 0.000162 seconds.
  path: Assets/TANKASSETS/PostProcessing/Runtime/Components/DitheringComponent.cs
  artifactKey: Guid(35ceb4b3cfab56d43a3f0efeb9d68c43) Importer(2089858483,b0f066a214c2f5e87bad3c948f4d605d)
Start importing Assets/TANKASSETS/PostProcessing/Runtime/Components/DitheringComponent.cs using Guid(35ceb4b3cfab56d43a3f0efeb9d68c43) Importer(2089858483,b0f066a214c2f5e87bad3c948f4d605d) (ScriptedImporter) -> (artifact id: '6a95f56a849a5e998cea24af37c18739') in 0.006022083 seconds
Number of updated asset objects reloaded before import = 0Number of asset objects unloaded after import = 0

========================================================================
Received Import Request.
  Time since last request: 0.000368 seconds.
  path: Assets/TANKASSETS/PostProcessing/Editor/Monitors/VectorscopeMonitor.cs
  artifactKey: Guid(805119df0d94800418006c621cc99cc2) Importer(2089858483,b0f066a214c2f5e87bad3c948f4d605d)
Start importing Assets/TANKASSETS/PostProcessing/Editor/Monitors/VectorscopeMonitor.cs using Guid(805119df0d94800418006c621cc99cc2) Importer(2089858483,b0f066a214c2f5e87bad3c948f4d605d) (ScriptedImporter) -> (artifact id: 'fb36e384df37b1e58eb9bbbc7f55d613') in 0.00843725 seconds
Number of updated asset objects reloaded before import = 0Number of asset objects unloaded after import = 0

========================================================================
Received Import Request.
  Time since last request: 0.000116 seconds.
  path: Assets/TANKASSETS/PostProcessing/Resources/Bluenoise64/LDR_LLL1_24.png
  artifactKey: Guid(32c6a5f7143b86c44bd5cdee2ff3f8ad) Importer(2089858483,b0f066a214c2f5e87bad3c948f4d605d)
Start importing Assets/TANKASSETS/PostProcessing/Resources/Bluenoise64/LDR_LLL1_24.png using Guid(32c6a5f7143b86c44bd5cdee2ff3f8ad) Importer(2089858483,b0f066a214c2f5e87bad3c948f4d605d) (ScriptedImporter) -> (artifact id: 'e07293598f7d3af1947fcfc80b7eb7ad') in 0.013285708 seconds
Number of updated asset objects reloaded before import = 0Number of asset objects unloaded after import = 1

========================================================================
Received Import Request.
  Time since last request: 0.000589 seconds.
  path: Assets/TANKASSETS/PostProcessing/Editor/Models/ScreenSpaceReflectionModelEditor.cs
  artifactKey: Guid(57bbe1f20eec7bb4d9bc90fc65ef381b) Importer(2089858483,b0f066a214c2f5e87bad3c948f4d605d)
Start importing Assets/TANKASSETS/PostProcessing/Editor/Models/ScreenSpaceReflectionModelEditor.cs using Guid(57bbe1f20eec7bb4d9bc90fc65ef381b) Importer(2089858483,b0f066a214c2f5e87bad3c948f4d605d) (ScriptedImporter) -> (artifact id: '4661a01136a6965caaffb553d0b62900') in 0.00851475 seconds
Number of updated asset objects reloaded before import = 0Number of asset objects unloaded after import = 0

========================================================================
Received Import Request.
  Time since last request: 0.000159 seconds.
  path: Assets/TANKASSETS/PostProcessing/Resources/Bluenoise64/LDR_LLL1_51.png
  artifactKey: Guid(d5a51525b27e3ee4aadbeb39cbcf0750) Importer(2089858483,b0f066a214c2f5e87bad3c948f4d605d)
Start importing Assets/TANKASSETS/PostProcessing/Resources/Bluenoise64/LDR_LLL1_51.png using Guid(d5a51525b27e3ee4aadbeb39cbcf0750) Importer(2089858483,b0f066a214c2f5e87bad3c948f4d605d) (ScriptedImporter) -> (artifact id: '8eb17f4d1cf3359a692090134f0bae56') in 0.011019708 seconds
Number of updated asset objects reloaded before import = 0Number of asset objects unloaded after import = 1

========================================================================
Received Import Request.
  Time since last request: 0.000066 seconds.
  path: Assets/TANKASSETS/PostProcessing/Resources/Bluenoise64/LDR_LLL1_60.png
  artifactKey: Guid(404fa8def46b1c447817e1ebdaa7144e) Importer(2089858483,b0f066a214c2f5e87bad3c948f4d605d)
Start importing Assets/TANKASSETS/PostProcessing/Resources/Bluenoise64/LDR_LLL1_60.png using Guid(404fa8def46b1c447817e1ebdaa7144e) Importer(2089858483,b0f066a214c2f5e87bad3c948f4d605d) (ScriptedImporter) -> (artifact id: '7fb7d7a872aa7a2772177e4b168fd754') in 0.010557125 seconds
Number of updated asset objects reloaded before import = 0Number of asset objects unloaded after import = 1

========================================================================
Received Import Request.
  Time since last request: 0.000192 seconds.
  path: Assets/TANKASSETS/Materials/Blue.mat
  artifactKey: Guid(ff21ff0ea9b18924bb1fdfbb0e58f5cb) Importer(2089858483,b0f066a214c2f5e87bad3c948f4d605d)
Start importing Assets/TANKASSETS/Materials/Blue.mat using Guid(ff21ff0ea9b18924bb1fdfbb0e58f5cb) Importer(2089858483,b0f066a214c2f5e87bad3c948f4d605d) (ScriptedImporter) -> (artifact id: '7fff1693e4f9f70b3a1001aaa7ba4c8e') in 0.006386417 seconds
Number of updated asset objects reloaded before import = 0Number of asset objects unloaded after import = 2

========================================================================
Received Import Request.
  Time since last request: 0.000434 seconds.
  path: Assets/TANKASSETS/Models/Building02.fbx
  artifactKey: Guid(7fa610bf2b9bccd48a9b3a6d79f90a37) Importer(2089858483,b0f066a214c2f5e87bad3c948f4d605d)
Start importing Assets/TANKASSETS/Models/Building02.fbx using Guid(7fa610bf2b9bccd48a9b3a6d79f90a37) Importer(2089858483,b0f066a214c2f5e87bad3c948f4d605d) (ScriptedImporter) -> (artifact id: 'd426ff58cba137c242111b03c86db6a2') in 0.03250475 seconds
Number of updated asset objects reloaded before import = 0Number of asset objects unloaded after import = 15

========================================================================
Received Import Request.
  Time since last request: 0.000961 seconds.
  path: Assets/TANKASSETS/PostProcessing/Resources/Bluenoise64/LDR_LLL1_40.png
  artifactKey: Guid(1a9ce5640cde5934aae0022f020464a6) Importer(2089858483,b0f066a214c2f5e87bad3c948f4d605d)
Start importing Assets/TANKASSETS/PostProcessing/Resources/Bluenoise64/LDR_LLL1_40.png using Guid(1a9ce5640cde5934aae0022f020464a6) Importer(2089858483,b0f066a214c2f5e87bad3c948f4d605d) (ScriptedImporter) -> (artifact id: '9e7eff68569a6c50b8b76232e9be67da') in 0.02766625 seconds
Number of updated asset objects reloaded before import = 0Number of asset objects unloaded after import = 1

========================================================================
Received Import Request.
  Time since last request: 0.004108 seconds.
  path: Assets/TANKASSETS/PostProcessing/Resources/Bluenoise64/LDR_LLL1_0.png
  artifactKey: Guid(50b54341495978843a6f85583ed4417d) Importer(2089858483,b0f066a214c2f5e87bad3c948f4d605d)
Start importing Assets/TANKASSETS/PostProcessing/Resources/Bluenoise64/LDR_LLL1_0.png using Guid(50b54341495978843a6f85583ed4417d) Importer(2089858483,b0f066a214c2f5e87bad3c948f4d605d) (ScriptedImporter) -> (artifact id: '236568d4d177b8f4728984f63a67b079') in 0.026098375 seconds
Number of updated asset objects reloaded before import = 0Number of asset objects unloaded after import = 1

========================================================================
Received Import Request.
  Time since last request: 0.002874 seconds.
  path: Assets/TANKASSETS/PostProcessing/Resources/Bluenoise64/LDR_LLL1_45.png
  artifactKey: Guid(b9960364038cbfa4aa49d7b2032d3110) Importer(2089858483,b0f066a214c2f5e87bad3c948f4d605d)
Start importing Assets/TANKASSETS/PostProcessing/Resources/Bluenoise64/LDR_LLL1_45.png using Guid(b9960364038cbfa4aa49d7b2032d3110) Importer(2089858483,b0f066a214c2f5e87bad3c948f4d605d) (ScriptedImporter) -> (artifact id: 'e6703781f0c086e5da3ce474496727a1') in 0.02134875 seconds
Number of updated asset objects reloaded before import = 0Number of asset objects unloaded after import = 1

========================================================================
Received Import Request.
  Time since last request: 0.001020 seconds.
  path: Assets/TANKASSETS/PostProcessing/Editor/Utils
  artifactKey: Guid(b52c69ccefdae7545bfb4d0bf9b7df71) Importer(2089858483,b0f066a214c2f5e87bad3c948f4d605d)
Start importing Assets/TANKASSETS/PostProcessing/Editor/Utils using Guid(b52c69ccefdae7545bfb4d0bf9b7df71) Importer(2089858483,b0f066a214c2f5e87bad3c948f4d605d) (ScriptedImporter) -> (artifact id: 'be9fd86d873e4cf89ca3b90f6a5ae6f5') in 0.006944542 seconds
Number of updated asset objects reloaded before import = 0Number of asset objects unloaded after import = 1

========================================================================
Received Import Request.
  Time since last request: 0.000166 seconds.
  path: Assets/TANKASSETS/PostProcessing/Resources/Shaders/FXAA3.cginc
  artifactKey: Guid(613b4036a9f55c34fb054bde02455e46) Importer(2089858483,b0f066a214c2f5e87bad3c948f4d605d)
Start importing Assets/TANKASSETS/PostProcessing/Resources/Shaders/FXAA3.cginc using Guid(613b4036a9f55c34fb054bde02455e46) Importer(2089858483,b0f066a214c2f5e87bad3c948f4d605d) (ScriptedImporter) -> (artifact id: 'f1c9ae592367b5a762944b08dc5bc4be') in 0.009068917 seconds
Number of updated asset objects reloaded before import = 0Number of asset objects unloaded after import = 1

========================================================================
Received Import Request.
  Time since last request: 0.000140 seconds.
  path: Assets/TANKASSETS/PostProcessing/Editor Resources/UI
  artifactKey: Guid(df37d60cc69b7b04d9705a74938179e7) Importer(2089858483,b0f066a214c2f5e87bad3c948f4d605d)
Start importing Assets/TANKASSETS/PostProcessing/Editor Resources/UI using Guid(df37d60cc69b7b04d9705a74938179e7) Importer(2089858483,b0f066a214c2f5e87bad3c948f4d605d) (ScriptedImporter) -> (artifact id: '05175a7aacc056d6585024193cc3db59') in 0.006162459 seconds
Number of updated asset objects reloaded before import = 0Number of asset objects unloaded after import = 1

========================================================================
Received Import Request.
  Time since last request: 0.000290 seconds.
  path: Assets/TANKASSETS/PostProcessing/Resources/Shaders/Common.cginc
  artifactKey: Guid(eb88496804341c648b32a75843d92ccb) Importer(2089858483,b0f066a214c2f5e87bad3c948f4d605d)
Start importing Assets/TANKASSETS/PostProcessing/Resources/Shaders/Common.cginc using Guid(eb88496804341c648b32a75843d92ccb) Importer(2089858483,b0f066a214c2f5e87bad3c948f4d605d) (ScriptedImporter) -> (artifact id: 'cfc0f4356629df136ffdd07edea7e6dc') in 0.0063225 seconds
Number of updated asset objects reloaded before import = 0Number of asset objects unloaded after import = 1

========================================================================
Received Import Request.
  Time since last request: 0.000215 seconds.
  path: Assets/TANKASSETS/PostProcessing/Textures
  artifactKey: Guid(e15c29a7abfa52743a8cb7714389c3c7) Importer(2089858483,b0f066a214c2f5e87bad3c948f4d605d)
Start importing Assets/TANKASSETS/PostProcessing/Textures using Guid(e15c29a7abfa52743a8cb7714389c3c7) Importer(2089858483,b0f066a214c2f5e87bad3c948f4d605d) (ScriptedImporter) -> (artifact id: 'cae44dae314dbc1ef01d6d981a0bc2c0') in 0.002792125 seconds
Number of updated asset objects reloaded before import = 0Number of asset objects unloaded after import = 1

========================================================================
Received Import Request.
  Time since last request: 0.000221 seconds.
  path: Assets/TANKASSETS/Prefabs/LevelArt.prefab
  artifactKey: Guid(1cd1bdb2203012a40ab12a0d2fd7aa88) Importer(2089858483,b0f066a214c2f5e87bad3c948f4d605d)
Start importing Assets/TANKASSETS/Prefabs/LevelArt.prefab using Guid(1cd1bdb2203012a40ab12a0d2fd7aa88) Importer(2089858483,b0f066a214c2f5e87bad3c948f4d605d) (ScriptedImporter) -> (artifact id: '2bc68c5fc2d4a90010815e9a652410c4') in 0.050334959 seconds
Number of updated asset objects reloaded before import = 0Number of asset objects unloaded after import = 661

========================================================================
Received Import Request.
  Time since last request: 0.000072 seconds.
  path: Assets/TANKASSETS/PostProcessing/Editor/Monitors/WaveformMonitor.cs
  artifactKey: Guid(2d45bc7edb5916446b4fa1ae1b6f9065) Importer(2089858483,b0f066a214c2f5e87bad3c948f4d605d)
Start importing Assets/TANKASSETS/PostProcessing/Editor/Monitors/WaveformMonitor.cs using Guid(2d45bc7edb5916446b4fa1ae1b6f9065) Importer(2089858483,b0f066a214c2f5e87bad3c948f4d605d) (ScriptedImporter) -> (artifact id: 'ab75fc1ef21cb46677bc2907401e3347') in 0.004801166 seconds
Number of updated asset objects reloaded before import = 0Number of asset objects unloaded after import = 0

========================================================================
Received Import Request.
  Time since last request: 0.000220 seconds.
  path: Assets/TANKASSETS/Sprites/Health Wheel.png
  artifactKey: Guid(c7dd97e9cd879304795b366cbf187bfe) Importer(2089858483,b0f066a214c2f5e87bad3c948f4d605d)
Start importing Assets/TANKASSETS/Sprites/Health Wheel.png using Guid(c7dd97e9cd879304795b366cbf187bfe) Importer(2089858483,b0f066a214c2f5e87bad3c948f4d605d) (ScriptedImporter) -> (artifact id: 'd34ef4becf61b962a314902cdcfbfb1d') in 0.0153675 seconds
Number of updated asset objects reloaded before import = 0Number of asset objects unloaded after import = 3

========================================================================
Received Import Request.
  Time since last request: 0.000574 seconds.
  path: Assets/TANKASSETS/Materials/Smoke.mat
  artifactKey: Guid(d391697c7deb3a0459e0cdc4774e1631) Importer(2089858483,b0f066a214c2f5e87bad3c948f4d605d)
Start importing Assets/TANKASSETS/Materials/Smoke.mat using Guid(d391697c7deb3a0459e0cdc4774e1631) Importer(2089858483,b0f066a214c2f5e87bad3c948f4d605d) (ScriptedImporter) -> (artifact id: '1e7034b7baa3da376a2dc3d847761cd1') in 0.015173542 seconds
Number of updated asset objects reloaded before import = 0Number of asset objects unloaded after import = 3

========================================================================
Received Import Request.
  Time since last request: 0.000491 seconds.
  path: Assets/TANKASSETS/Models/PalmTree.fbx
  artifactKey: Guid(a1194fc0a76098e499948ecf77b6acdf) Importer(2089858483,b0f066a214c2f5e87bad3c948f4d605d)
Start importing Assets/TANKASSETS/Models/PalmTree.fbx using Guid(a1194fc0a76098e499948ecf77b6acdf) Importer(2089858483,b0f066a214c2f5e87bad3c948f4d605d) (ScriptedImporter) -> (artifact id: '45c6ce0acd7563ed52eb727bc5fe1837') in 0.041379083 seconds
Number of updated asset objects reloaded before import = 0Number of asset objects unloaded after import = 9

========================================================================
Received Import Request.
  Time since last request: 0.000079 seconds.
  path: Assets/TANKASSETS/Models/Tank.fbx
  artifactKey: Guid(002e2a607f5b64c48be0b3b0d8b8bfdd) Importer(2089858483,b0f066a214c2f5e87bad3c948f4d605d)
Start importing Assets/TANKASSETS/Models/Tank.fbx using Guid(002e2a607f5b64c48be0b3b0d8b8bfdd) Importer(2089858483,b0f066a214c2f5e87bad3c948f4d605d) (ScriptedImporter) -> (artifact id: 'b830b3fcc3f858df32d186153a650e0e') in 0.02288475 seconds
Number of updated asset objects reloaded before import = 0Number of asset objects unloaded after import = 26

========================================================================
Received Import Request.
  Time since last request: 0.000109 seconds.
  path: Assets/TANKASSETS/PostProcessing/Editor Resources/Monitors/WaveformRender.shader
  artifactKey: Guid(8b3e43c50424ab2428a9c172843bc66d) Importer(2089858483,b0f066a214c2f5e87bad3c948f4d605d)
Start importing Assets/TANKASSETS/PostProcessing/Editor Resources/Monitors/WaveformRender.shader using Guid(8b3e43c50424ab2428a9c172843bc66d) Importer(2089858483,b0f066a214c2f5e87bad3c948f4d605d) (ScriptedImporter) -> (artifact id: '701ef493d668a2d258d41e80c87d352b') in 0.008633125 seconds
Number of updated asset objects reloaded before import = 0Number of asset objects unloaded after import = 1

========================================================================
Received Import Request.
  Time since last request: 0.000092 seconds.
  path: Assets/TANKASSETS/PostProcessing/Resources/Bluenoise64/LDR_LLL1_27.png
  artifactKey: Guid(bdd06fb88ef36ed4a85dd506352c2d80) Importer(2089858483,b0f066a214c2f5e87bad3c948f4d605d)
Start importing Assets/TANKASSETS/PostProcessing/Resources/Bluenoise64/LDR_LLL1_27.png using Guid(bdd06fb88ef36ed4a85dd506352c2d80) Importer(2089858483,b0f066a214c2f5e87bad3c948f4d605d) (ScriptedImporter) -> (artifact id: '0a483c5fa498f64c4fbbcb83bcb3743d') in 0.013779417 seconds
Number of updated asset objects reloaded before import = 0Number of asset objects unloaded after import = 1

========================================================================
Received Import Request.
  Time since last request: 0.162059 seconds.
  path: Assets/New Material 4.mat
  artifactKey: Guid(d331f0d1a665545c8a80c0abb41bf834) Importer(815301076,1909f56bfc062723c751e8b465ee728b)
Start importing Assets/New Material 4.mat using Guid(d331f0d1a665545c8a80c0abb41bf834) Importer(815301076,1909f56bfc062723c751e8b465ee728b) (PreviewImporter) -> (artifact id: 'c5e27ebb9700827f01e2c963b8a8c9a1') in 0.017872291 seconds
Number of updated asset objects reloaded before import = 0Number of asset objects unloaded after import = 1

========================================================================
Received Import Request.
  Time since last request: 0.060827 seconds.
  path: Assets/TANKASSETS/Models/OilStorage.fbx
  artifactKey: Guid(e307cb54b57a59342868ad47d1ed0c30) Importer(2089858483,b0f066a214c2f5e87bad3c948f4d605d)
Start importing Assets/TANKASSETS/Models/OilStorage.fbx using Guid(e307cb54b57a59342868ad47d1ed0c30) Importer(2089858483,b0f066a214c2f5e87bad3c948f4d605d) (ScriptedImporter) -> (artifact id: 'af62a2c1d1a33c37a00a800099babc9f') in 0.021618709 seconds
Number of updated asset objects reloaded before import = 0Number of asset objects unloaded after import = 11

========================================================================
Received Import Request.
  Time since last request: 0.000211 seconds.
  path: Assets/TANKASSETS/Models/Rocks03.fbx
  artifactKey: Guid(fd0d7091fe3f1d24e81321bc2e4209df) Importer(2089858483,b0f066a214c2f5e87bad3c948f4d605d)
Start importing Assets/TANKASSETS/Models/Rocks03.fbx using Guid(fd0d7091fe3f1d24e81321bc2e4209df) Importer(2089858483,b0f066a214c2f5e87bad3c948f4d605d) (ScriptedImporter) -> (artifact id: '7679d445ca5af63e2ebbd659367f91e0') in 0.011531792 seconds
Number of updated asset objects reloaded before import = 0Number of asset objects unloaded after import = 8

========================================================================
Received Import Request.
  Time since last request: 0.000102 seconds.
  path: Assets/TANKASSETS/PostProcessing/Editor/PropertyDrawers/TrackballGroupDrawer.cs
  artifactKey: Guid(a668d493c5ed56d448b53c19b2c3dfd2) Importer(2089858483,b0f066a214c2f5e87bad3c948f4d605d)
Start importing Assets/TANKASSETS/PostProcessing/Editor/PropertyDrawers/TrackballGroupDrawer.cs using Guid(a668d493c5ed56d448b53c19b2c3dfd2) Importer(2089858483,b0f066a214c2f5e87bad3c948f4d605d) (ScriptedImporter) -> (artifact id: '85edc2b3897f0246ccc2cf9bc45389f8') in 0.004330875 seconds
Number of updated asset objects reloaded before import = 0Number of asset objects unloaded after import = 0

========================================================================
Received Import Request.
  Time since last request: 0.000165 seconds.
  path: Assets/TANKASSETS/PostProcessing/Runtime/Components
  artifactKey: Guid(c1f765b2bd3d2ad49b2677f6478a9ba3) Importer(2089858483,b0f066a214c2f5e87bad3c948f4d605d)
Start importing Assets/TANKASSETS/PostProcessing/Runtime/Components using Guid(c1f765b2bd3d2ad49b2677f6478a9ba3) Importer(2089858483,b0f066a214c2f5e87bad3c948f4d605d) (ScriptedImporter) -> (artifact id: '26f00867518cfb240b5df5cae8298a36') in 0.002999583 seconds
Number of updated asset objects reloaded before import = 0Number of asset objects unloaded after import = 1

========================================================================
Received Import Request.
  Time since last request: 0.000266 seconds.
  path: Assets/TANKASSETS/PostProcessing/Resources/Bluenoise64/LDR_LLL1_13.png
  artifactKey: Guid(68613e6a221be1a4b9f31d7fa1c2d1bf) Importer(2089858483,b0f066a214c2f5e87bad3c948f4d605d)
Start importing Assets/TANKASSETS/PostProcessing/Resources/Bluenoise64/LDR_LLL1_13.png using Guid(68613e6a221be1a4b9f31d7fa1c2d1bf) Importer(2089858483,b0f066a214c2f5e87bad3c948f4d605d) (ScriptedImporter) -> (artifact id: 'e8017f41c0b142b160763adb69db6376') in 0.009136917 seconds
Number of updated asset objects reloaded before import = 0Number of asset objects unloaded after import = 1

========================================================================
Received Import Request.
  Time since last request: 0.000313 seconds.
  path: Assets/TANKASSETS/PostProcessing/Runtime/Models
  artifactKey: Guid(8d5a699332eb8a9499077fa4bcd4e0a0) Importer(2089858483,b0f066a214c2f5e87bad3c948f4d605d)
Start importing Assets/TANKASSETS/PostProcessing/Runtime/Models using Guid(8d5a699332eb8a9499077fa4bcd4e0a0) Importer(2089858483,b0f066a214c2f5e87bad3c948f4d605d) (ScriptedImporter) -> (artifact id: '7c8dbb0d04fc706c6ecb542cb776fc48') in 0.004959 seconds
Number of updated asset objects reloaded before import = 0Number of asset objects unloaded after import = 1

========================================================================
Received Import Request.
  Time since last request: 0.000122 seconds.
  path: Assets/TANKASSETS/PostProcessing/Resources/Shaders/Bloom.cginc
  artifactKey: Guid(7d1f4dd94c8e6e940b0730076ea7d6d9) Importer(2089858483,b0f066a214c2f5e87bad3c948f4d605d)
Start importing Assets/TANKASSETS/PostProcessing/Resources/Shaders/Bloom.cginc using Guid(7d1f4dd94c8e6e940b0730076ea7d6d9) Importer(2089858483,b0f066a214c2f5e87bad3c948f4d605d) (ScriptedImporter) -> (artifact id: '99019d2252e3c1486fcf2d323189c9d0') in 0.004165666 seconds
Number of updated asset objects reloaded before import = 0Number of asset objects unloaded after import = 1

========================================================================
Received Import Request.
  Time since last request: 0.000116 seconds.
  path: Assets/TANKASSETS/Models/Dunes02.fbx
  artifactKey: Guid(38b4fea28f58d3641980a70a5188e750) Importer(2089858483,b0f066a214c2f5e87bad3c948f4d605d)
Start importing Assets/TANKASSETS/Models/Dunes02.fbx using Guid(38b4fea28f58d3641980a70a5188e750) Importer(2089858483,b0f066a214c2f5e87bad3c948f4d605d) (ScriptedImporter) -> (artifact id: '67481e77c5fa61cdfc9ac6c5f027a888') in 0.011168416 seconds
Number of updated asset objects reloaded before import = 0Number of asset objects unloaded after import = 8

========================================================================
Received Import Request.
  Time since last request: 0.000045 seconds.
  path: Assets/TANKASSETS/PostProcessing/Resources/Bluenoise64/LDR_LLL1_22.png
  artifactKey: Guid(df01d03f056c6f445b4b8a0ae054207c) Importer(2089858483,b0f066a214c2f5e87bad3c948f4d605d)
Start importing Assets/TANKASSETS/PostProcessing/Resources/Bluenoise64/LDR_LLL1_22.png using Guid(df01d03f056c6f445b4b8a0ae054207c) Importer(2089858483,b0f066a214c2f5e87bad3c948f4d605d) (ScriptedImporter) -> (artifact id: '6a6f0b89f86b03ab277af8fbdfbbd564') in 0.005406375 seconds
Number of updated asset objects reloaded before import = 0Number of asset objects unloaded after import = 1

========================================================================
Received Import Request.
  Time since last request: 0.000103 seconds.
  path: Assets/TANKASSETS/PostProcessing/Editor/Models/UserLutModelEditor.cs
  artifactKey: Guid(b235eb1c486b38c4fa06470234bbfd32) Importer(2089858483,b0f066a214c2f5e87bad3c948f4d605d)
Start importing Assets/TANKASSETS/PostProcessing/Editor/Models/UserLutModelEditor.cs using Guid(b235eb1c486b38c4fa06470234bbfd32) Importer(2089858483,b0f066a214c2f5e87bad3c948f4d605d) (ScriptedImporter) -> (artifact id: '30c1ac75986184b92ecbcc040ad17e4b') in 0.002200083 seconds
Number of updated asset objects reloaded before import = 0Number of asset objects unloaded after import = 0

========================================================================
Received Import Request.
  Time since last request: 0.000144 seconds.
  path: Assets/TANKASSETS/PostProcessing/Resources/Bluenoise64/LDR_LLL1_33.png
  artifactKey: Guid(b71bb466b71fd13449dd736f63caeb67) Importer(2089858483,b0f066a214c2f5e87bad3c948f4d605d)
Start importing Assets/TANKASSETS/PostProcessing/Resources/Bluenoise64/LDR_LLL1_33.png using Guid(b71bb466b71fd13449dd736f63caeb67) Importer(2089858483,b0f066a214c2f5e87bad3c948f4d605d) (ScriptedImporter) -> (artifact id: '79399541e0ebbecdb2f9876419087b4e') in 0.005259042 seconds
Number of updated asset objects reloaded before import = 0Number of asset objects unloaded after import = 1

========================================================================
Received Import Request.
  Time since last request: 0.000144 seconds.
  path: Assets/TANKASSETS/PostProcessing/Editor Resources/Monitors/VectorscopeCompute.compute
  artifactKey: Guid(45de9ff58691e934c9810dc23de2ba50) Importer(2089858483,b0f066a214c2f5e87bad3c948f4d605d)
Start importing Assets/TANKASSETS/PostProcessing/Editor Resources/Monitors/VectorscopeCompute.compute using Guid(45de9ff58691e934c9810dc23de2ba50) Importer(2089858483,b0f066a214c2f5e87bad3c948f4d605d) (ScriptedImporter) -> (artifact id: 'a999846c60542cfc49a2af816ca8c044') in 0.003824084 seconds
Number of updated asset objects reloaded before import = 0Number of asset objects unloaded after import = 1

========================================================================
Received Import Request.
  Time since last request: 0.000117 seconds.
  path: Assets/TANKASSETS/PostProcessing/Resources/Shaders/Tonemapping.cginc
  artifactKey: Guid(0a999e641c982a14d9c68dfd53a98afc) Importer(2089858483,b0f066a214c2f5e87bad3c948f4d605d)
Start importing Assets/TANKASSETS/PostProcessing/Resources/Shaders/Tonemapping.cginc using Guid(0a999e641c982a14d9c68dfd53a98afc) Importer(2089858483,b0f066a214c2f5e87bad3c948f4d605d) (ScriptedImporter) -> (artifact id: '38e51ea5b600d6714bd2aaf9752535f5') in 0.002854916 seconds
Number of updated asset objects reloaded before import = 0Number of asset objects unloaded after import = 1

========================================================================
Received Import Request.
  Time since last request: 0.277599 seconds.
  path: Assets/TANKASSETS/PostProcessing/Runtime/Utils
  artifactKey: Guid(18fb6a6b698945843a16c2d0111a7af2) Importer(2089858483,b0f066a214c2f5e87bad3c948f4d605d)
Start importing Assets/TANKASSETS/PostProcessing/Runtime/Utils using Guid(18fb6a6b698945843a16c2d0111a7af2) Importer(2089858483,b0f066a214c2f5e87bad3c948f4d605d) (ScriptedImporter) -> (artifact id: '65eb6c646209515ae8c2a9ef5f7957a9') in 0.002876333 seconds
Number of updated asset objects reloaded before import = 0Number of asset objects unloaded after import = 1

========================================================================
Received Import Request.
  Time since last request: 0.000076 seconds.
  path: Assets/TANKASSETS/PostProcessing/Runtime/Models/FogModel.cs
  artifactKey: Guid(1e20e66aa2deb7943993c444137d9acd) Importer(2089858483,b0f066a214c2f5e87bad3c948f4d605d)
Start importing Assets/TANKASSETS/PostProcessing/Runtime/Models/FogModel.cs using Guid(1e20e66aa2deb7943993c444137d9acd) Importer(2089858483,b0f066a214c2f5e87bad3c948f4d605d) (ScriptedImporter) -> (artifact id: 'b3412ab3c8c780eabf026fd2a4acc338') in 0.003849041 seconds
Number of updated asset objects reloaded before import = 0Number of asset objects unloaded after import = 0

========================================================================
Received Import Request.
  Time since last request: 0.000145 seconds.
  path: Assets/TANKASSETS/PostProcessing/Resources/Bluenoise64/LDR_LLL1_25.png
  artifactKey: Guid(f4b8ab78b57749d4e96d36f6d8a395d0) Importer(2089858483,b0f066a214c2f5e87bad3c948f4d605d)
Start importing Assets/TANKASSETS/PostProcessing/Resources/Bluenoise64/LDR_LLL1_25.png using Guid(f4b8ab78b57749d4e96d36f6d8a395d0) Importer(2089858483,b0f066a214c2f5e87bad3c948f4d605d) (ScriptedImporter) -> (artifact id: '9fd37df513cbb0c6e651714d9a5ecb44') in 0.006829417 seconds
Number of updated asset objects reloaded before import = 0Number of asset objects unloaded after import = 1

========================================================================
Received Import Request.
  Time since last request: 0.000432 seconds.
  path: Assets/TANKASSETS/PostProcessing/Runtime/Models/DitheringModel.cs
  artifactKey: Guid(41209882cdbcf31429d2a457a2164801) Importer(2089858483,b0f066a214c2f5e87bad3c948f4d605d)
Start importing Assets/TANKASSETS/PostProcessing/Runtime/Models/DitheringModel.cs using Guid(41209882cdbcf31429d2a457a2164801) Importer(2089858483,b0f066a214c2f5e87bad3c948f4d605d) (ScriptedImporter) -> (artifact id: '1fd5e95ee20abc6b94f7257eca8dfa08') in 0.003092 seconds
Number of updated asset objects reloaded before import = 0Number of asset objects unloaded after import = 0

========================================================================
Received Import Request.
  Time since last request: 0.000189 seconds.
  path: Assets/TANKASSETS/PostProcessing/Editor/Utils/ReflectionUtils.cs
  artifactKey: Guid(71f7e805a7fc35046afbcf5c2639d116) Importer(2089858483,b0f066a214c2f5e87bad3c948f4d605d)
Start importing Assets/TANKASSETS/PostProcessing/Editor/Utils/ReflectionUtils.cs using Guid(71f7e805a7fc35046afbcf5c2639d116) Importer(2089858483,b0f066a214c2f5e87bad3c948f4d605d) (ScriptedImporter) -> (artifact id: '0904f52f21c54075712ed5933eb87fcc') in 0.003509292 seconds
Number of updated asset objects reloaded before import = 0Number of asset objects unloaded after import = 0

========================================================================
Received Import Request.
  Time since last request: 0.000149 seconds.
  path: Assets/TANKASSETS/PostProcessing/Resources/Bluenoise64/LDR_LLL1_34.png
  artifactKey: Guid(319b8e66db3faa4438cf6982e9c89b2f) Importer(2089858483,b0f066a214c2f5e87bad3c948f4d605d)
Start importing Assets/TANKASSETS/PostProcessing/Resources/Bluenoise64/LDR_LLL1_34.png using Guid(319b8e66db3faa4438cf6982e9c89b2f) Importer(2089858483,b0f066a214c2f5e87bad3c948f4d605d) (ScriptedImporter) -> (artifact id: '615a873d73dc5b7cddac266a6d14d438') in 0.006528875 seconds
Number of updated asset objects reloaded before import = 0Number of asset objects unloaded after import = 1

========================================================================
Received Import Request.
  Time since last request: 0.000128 seconds.
  path: Assets/TANKASSETS/PostProcessing/Editor/Utils/EditorGUIHelper.cs
  artifactKey: Guid(7226e17fa48c86148a3d15584e21b4cb) Importer(2089858483,b0f066a214c2f5e87bad3c948f4d605d)
Start importing Assets/TANKASSETS/PostProcessing/Editor/Utils/EditorGUIHelper.cs using Guid(7226e17fa48c86148a3d15584e21b4cb) Importer(2089858483,b0f066a214c2f5e87bad3c948f4d605d) (ScriptedImporter) -> (artifact id: 'e638d94279ef7e02288ac6e67e3c0fba') in 0.003774458 seconds
Number of updated asset objects reloaded before import = 0Number of asset objects unloaded after import = 0

========================================================================
Received Import Request.
  Time since last request: 0.000097 seconds.
  path: Assets/TANKASSETS/PostProcessing/Runtime/Components/TaaComponent.cs
  artifactKey: Guid(f28703283e17be54180fd04a7c70e1d5) Importer(2089858483,b0f066a214c2f5e87bad3c948f4d605d)
Start importing Assets/TANKASSETS/PostProcessing/Runtime/Components/TaaComponent.cs using Guid(f28703283e17be54180fd04a7c70e1d5) Importer(2089858483,b0f066a214c2f5e87bad3c948f4d605d) (ScriptedImporter) -> (artifact id: '1b7c8e92dfbfea277e58cc51d124859f') in 0.005681625 seconds
Number of updated asset objects reloaded before import = 0Number of asset objects unloaded after import = 0

========================================================================
Received Import Request.
  Time since last request: 0.000536 seconds.
  path: Assets/TANKASSETS/Models/Rocks01.fbx
  artifactKey: Guid(2964d4e5af87e5245bdd71b73e9b92f1) Importer(2089858483,b0f066a214c2f5e87bad3c948f4d605d)
Start importing Assets/TANKASSETS/Models/Rocks01.fbx using Guid(2964d4e5af87e5245bdd71b73e9b92f1) Importer(2089858483,b0f066a214c2f5e87bad3c948f4d605d) (ScriptedImporter) -> (artifact id: 'bee40939ea37528dd3ba8154de728491') in 0.00756475 seconds
Number of updated asset objects reloaded before import = 0Number of asset objects unloaded after import = 8

========================================================================
Received Import Request.
  Time since last request: 0.000047 seconds.
  path: Assets/TANKASSETS/PostProcessing/Resources/Shaders/TAA.cginc
  artifactKey: Guid(241b7a6a033e9dc4da9d2595cef7f477) Importer(2089858483,b0f066a214c2f5e87bad3c948f4d605d)
Start importing Assets/TANKASSETS/PostProcessing/Resources/Shaders/TAA.cginc using Guid(241b7a6a033e9dc4da9d2595cef7f477) Importer(2089858483,b0f066a214c2f5e87bad3c948f4d605d) (ScriptedImporter) -> (artifact id: '87a4e9f165a30e0c848140ac5644e9eb') in 0.002590708 seconds
Number of updated asset objects reloaded before import = 0Number of asset objects unloaded after import = 1

========================================================================
Received Import Request.
  Time since last request: 6.370101 seconds.
  path: Assets/TANKASSETS/PostProcessing/Resources/Bluenoise64/LDR_LLL1_14.png
  artifactKey: Guid(f6439b54b28f3884eb67579dec0b6f21) Importer(2089858483,b0f066a214c2f5e87bad3c948f4d605d)
Start importing Assets/TANKASSETS/PostProcessing/Resources/Bluenoise64/LDR_LLL1_14.png using Guid(f6439b54b28f3884eb67579dec0b6f21) Importer(2089858483,b0f066a214c2f5e87bad3c948f4d605d) (ScriptedImporter) -> (artifact id: '01053c049172995a2694e99630105926') in 0.018793708 seconds
Number of updated asset objects reloaded before import = 0Number of asset objects unloaded after import = 1

========================================================================
Received Import Request.
  Time since last request: 0.000348 seconds.
  path: Assets/TANKASSETS/PostProcessing/Editor Resources/Monitors/VectorscopeRender.shader
  artifactKey: Guid(1c4298cd35ef7834e892898e49d61ecd) Importer(2089858483,b0f066a214c2f5e87bad3c948f4d605d)
Start importing Assets/TANKASSETS/PostProcessing/Editor Resources/Monitors/VectorscopeRender.shader using Guid(1c4298cd35ef7834e892898e49d61ecd) Importer(2089858483,b0f066a214c2f5e87bad3c948f4d605d) (ScriptedImporter) -> (artifact id: '90e50bfed6d801dbfaf7efa435149621') in 0.01673225 seconds
Number of updated asset objects reloaded before import = 0Number of asset objects unloaded after import = 1

========================================================================
Received Import Request.
  Time since last request: 0.000130 seconds.
  path: Assets/TANKASSETS/PostProcessing/Resources/Bluenoise64/LDR_LLL1_49.png
  artifactKey: Guid(3f7c3687170b90e4a8d2ee6b142670f4) Importer(2089858483,b0f066a214c2f5e87bad3c948f4d605d)
Start importing Assets/TANKASSETS/PostProcessing/Resources/Bluenoise64/LDR_LLL1_49.png using Guid(3f7c3687170b90e4a8d2ee6b142670f4) Importer(2089858483,b0f066a214c2f5e87bad3c948f4d605d) (ScriptedImporter) -> (artifact id: '4ca8827cc513a37f3c235ff197f34758') in 0.006706417 seconds
Number of updated asset objects reloaded before import = 0Number of asset objects unloaded after import = 1

========================================================================
Received Import Request.
  Time since last request: 0.000175 seconds.
  path: Assets/TANKASSETS/PostProcessing/Editor/Models/AmbientOcclusionModelEditor.cs
  artifactKey: Guid(9fcb710e23a5a0546a3b8b0ca28c1720) Importer(2089858483,b0f066a214c2f5e87bad3c948f4d605d)
Start importing Assets/TANKASSETS/PostProcessing/Editor/Models/AmbientOcclusionModelEditor.cs using Guid(9fcb710e23a5a0546a3b8b0ca28c1720) Importer(2089858483,b0f066a214c2f5e87bad3c948f4d605d) (ScriptedImporter) -> (artifact id: 'dd388d6b88467560b79bd1cf36f30a0d') in 0.005669583 seconds
Number of updated asset objects reloaded before import = 0Number of asset objects unloaded after import = 0

========================================================================
Received Import Request.
  Time since last request: 0.000137 seconds.
  path: Assets/TANKASSETS/PostProcessing/Editor Resources/Monitors/ParadeRender.shader
  artifactKey: Guid(5ae1bfc1dd20ac04e8b74aa0f2f12eea) Importer(2089858483,b0f066a214c2f5e87bad3c948f4d605d)
Start importing Assets/TANKASSETS/PostProcessing/Editor Resources/Monitors/ParadeRender.shader using Guid(5ae1bfc1dd20ac04e8b74aa0f2f12eea) Importer(2089858483,b0f066a214c2f5e87bad3c948f4d605d) (ScriptedImporter) -> (artifact id: '6d8b6f9d196fd22892e232b426e23a7b') in 0.0078 seconds
Number of updated asset objects reloaded before import = 0Number of asset objects unloaded after import = 1

========================================================================
Received Import Request.
  Time since last request: 0.000119 seconds.
  path: Assets/TANKASSETS/PostProcessing/Editor/Attributes/PostProcessingModelEditorAttribute.cs
  artifactKey: Guid(c21938aa988055347a2271f03a3e731e) Importer(2089858483,b0f066a214c2f5e87bad3c948f4d605d)
Start importing Assets/TANKASSETS/PostProcessing/Editor/Attributes/PostProcessingModelEditorAttribute.cs using Guid(c21938aa988055347a2271f03a3e731e) Importer(2089858483,b0f066a214c2f5e87bad3c948f4d605d) (ScriptedImporter) -> (artifact id: '6d967684a560f0e052c8a6f7da356e14') in 0.003225292 seconds
Number of updated asset objects reloaded before import = 0Number of asset objects unloaded after import = 0

========================================================================
Received Import Request.
  Time since last request: 0.000098 seconds.
  path: Assets/TANKASSETS/PostProcessing/Editor/Models/EyeAdaptationModelEditor.cs
  artifactKey: Guid(489b5c785ba0f614d90c322fa0827216) Importer(2089858483,b0f066a214c2f5e87bad3c948f4d605d)
Start importing Assets/TANKASSETS/PostProcessing/Editor/Models/EyeAdaptationModelEditor.cs using Guid(489b5c785ba0f614d90c322fa0827216) Importer(2089858483,b0f066a214c2f5e87bad3c948f4d605d) (ScriptedImporter) -> (artifact id: 'ea49e545704a3d9d532e54c76013d7fc') in 0.003803208 seconds
Number of updated asset objects reloaded before import = 0Number of asset objects unloaded after import = 0

========================================================================
Received Import Request.
  Time since last request: 0.000165 seconds.
  path: Assets/TANKASSETS/Materials/Dust.mat
  artifactKey: Guid(424be3af6ad117140887d3e652a89d24) Importer(2089858483,b0f066a214c2f5e87bad3c948f4d605d)
Start importing Assets/TANKASSETS/Materials/Dust.mat using Guid(424be3af6ad117140887d3e652a89d24) Importer(2089858483,b0f066a214c2f5e87bad3c948f4d605d) (ScriptedImporter) -> (artifact id: '9462652c25b77fb9cc839037d8c20435') in 0.007935667 seconds
Number of updated asset objects reloaded before import = 0Number of asset objects unloaded after import = 3

========================================================================
Received Import Request.
  Time since last request: 0.000040 seconds.
  path: Assets/TANKASSETS/PostProcessing/Editor Resources/Monitors/HistogramRender.shader
  artifactKey: Guid(965efa32cf2345647a1c987546e08f86) Importer(2089858483,b0f066a214c2f5e87bad3c948f4d605d)
Start importing Assets/TANKASSETS/PostProcessing/Editor Resources/Monitors/HistogramRender.shader using Guid(965efa32cf2345647a1c987546e08f86) Importer(2089858483,b0f066a214c2f5e87bad3c948f4d605d) (ScriptedImporter) -> (artifact id: 'a43d50ae1ec720d6397ae6793ce77641') in 0.004669458 seconds
Number of updated asset objects reloaded before import = 0Number of asset objects unloaded after import = 1

========================================================================
Received Import Request.
  Time since last request: 0.323793 seconds.
  path: Assets/TANKASSETS/Materials/BuildingGlass.mat
  artifactKey: Guid(7e41e83d6bd224b4d99fa3ffa5e3a3a4) Importer(2089858483,b0f066a214c2f5e87bad3c948f4d605d)
Start importing Assets/TANKASSETS/Materials/BuildingGlass.mat using Guid(7e41e83d6bd224b4d99fa3ffa5e3a3a4) Importer(2089858483,b0f066a214c2f5e87bad3c948f4d605d) (ScriptedImporter) -> (artifact id: '70f2ca06e6f0030443d9a8d555325bba') in 0.005527292 seconds
Number of updated asset objects reloaded before import = 0Number of asset objects unloaded after import = 2

========================================================================
Received Import Request.
  Time since last request: 0.000474 seconds.
  path: Assets/TANKASSETS/Readme.asset
  artifactKey: Guid(83c2ed844a8c74b779a4c823d16594b1) Importer(2089858483,b0f066a214c2f5e87bad3c948f4d605d)
Start importing Assets/TANKASSETS/Readme.asset using Guid(83c2ed844a8c74b779a4c823d16594b1) Importer(2089858483,b0f066a214c2f5e87bad3c948f4d605d) (ScriptedImporter) -> (artifact id: '1c734fd54f764573bbd3c06aac6cf7ee') in 0.005089208 seconds
Number of updated asset objects reloaded before import = 0Number of asset objects unloaded after import = 1

========================================================================
Received Import Request.
  Time since last request: 0.000194 seconds.
  path: Assets/TANKASSETS/Profiles/TanksProfile.asset
  artifactKey: Guid(d2b82a52b13b9014d988055d0b2f939e) Importer(2089858483,b0f066a214c2f5e87bad3c948f4d605d)
Start importing Assets/TANKASSETS/Profiles/TanksProfile.asset using Guid(d2b82a52b13b9014d988055d0b2f939e) Importer(2089858483,b0f066a214c2f5e87bad3c948f4d605d) (ScriptedImporter) -> (artifact id: '833423b1a5428edab57c66c116e83134') in 0.0916225 seconds
Number of updated asset objects reloaded before import = 0Number of asset objects unloaded after import = 1

========================================================================
Received Import Request.
  Time since last request: 0.365112 seconds.
  path: Assets/TANKASSETS/PostProcessing/Resources/Bluenoise64/LDR_LLL1_50.png
  artifactKey: Guid(d8c290e38ff0425409d0ae6a98c95e41) Importer(2089858483,b0f066a214c2f5e87bad3c948f4d605d)
Start importing Assets/TANKASSETS/PostProcessing/Resources/Bluenoise64/LDR_LLL1_50.png using Guid(d8c290e38ff0425409d0ae6a98c95e41) Importer(2089858483,b0f066a214c2f5e87bad3c948f4d605d) (ScriptedImporter) -> (artifact id: 'f1ab34024bdefd12e9caa3f2658bdaae') in 0.006929666 seconds
Number of updated asset objects reloaded before import = 0Number of asset objects unloaded after import = 1

========================================================================
Received Import Request.
  Time since last request: 0.000159 seconds.
  path: Assets/TANKASSETS/Models/Crater01.fbx
  artifactKey: Guid(aef18f364fed1a64ba495d15dcee610d) Importer(2089858483,b0f066a214c2f5e87bad3c948f4d605d)
Start importing Assets/TANKASSETS/Models/Crater01.fbx using Guid(aef18f364fed1a64ba495d15dcee610d) Importer(2089858483,b0f066a214c2f5e87bad3c948f4d605d) (ScriptedImporter) -> (artifact id: 'c0fe5b39f4d3f0b8d52adc8ee7e254cb') in 0.008902042 seconds
Number of updated asset objects reloaded before import = 0Number of asset objects unloaded after import = 8

========================================================================
Received Import Request.
  Time since last request: 0.000047 seconds.
  path: Assets/Materials/TankLights.mat
  artifactKey: Guid(dd67a36539c63437dbdbd9d73b3c9d90) Importer(2089858483,b0f066a214c2f5e87bad3c948f4d605d)
Start importing Assets/Materials/TankLights.mat using Guid(dd67a36539c63437dbdbd9d73b3c9d90) Importer(2089858483,b0f066a214c2f5e87bad3c948f4d605d) (ScriptedImporter) -> (artifact id: 'af32438c73c66ba51bed209043b87e01') in 0.004810167 seconds
Number of updated asset objects reloaded before import = 0Number of asset objects unloaded after import = 2

========================================================================
Received Import Request.
  Time since last request: 0.445004 seconds.
  path: Assets/TANKASSETS/PostProcessing/Editor/Models/GrainModelEditor.cs
  artifactKey: Guid(8330694e2c90c284f81153ac83b3cb4a) Importer(2089858483,b0f066a214c2f5e87bad3c948f4d605d)
Start importing Assets/TANKASSETS/PostProcessing/Editor/Models/GrainModelEditor.cs using Guid(8330694e2c90c284f81153ac83b3cb4a) Importer(2089858483,b0f066a214c2f5e87bad3c948f4d605d) (ScriptedImporter) -> (artifact id: 'f31aaf4bb24d28cddfda251b23bcf89b') in 0.003045459 seconds
Number of updated asset objects reloaded before import = 0Number of asset objects unloaded after import = 0

========================================================================
Received Import Request.
  Time since last request: 0.000120 seconds.
  path: Assets/TANKASSETS/PostProcessing/Resources/Bluenoise64/COPYING.txt
  artifactKey: Guid(fa3fc398fe396744c9299e70b63bfdd7) Importer(2089858483,b0f066a214c2f5e87bad3c948f4d605d)
Start importing Assets/TANKASSETS/PostProcessing/Resources/Bluenoise64/COPYING.txt using Guid(fa3fc398fe396744c9299e70b63bfdd7) Importer(2089858483,b0f066a214c2f5e87bad3c948f4d605d) (ScriptedImporter) -> (artifact id: '16613d30c9976d71c30896b5b95147a4') in 0.002443834 seconds
Number of updated asset objects reloaded before import = 0Number of asset objects unloaded after import = 1

========================================================================
Received Import Request.
  Time since last request: 0.000124 seconds.
  path: Assets/TANKASSETS/PostProcessing/Editor/Models/MotionBlurModelEditor.cs
  artifactKey: Guid(870806eda355b5144879155e2ba37eb6) Importer(2089858483,b0f066a214c2f5e87bad3c948f4d605d)
Start importing Assets/TANKASSETS/PostProcessing/Editor/Models/MotionBlurModelEditor.cs using Guid(870806eda355b5144879155e2ba37eb6) Importer(2089858483,b0f066a214c2f5e87bad3c948f4d605d) (ScriptedImporter) -> (artifact id: 'a2affac94af3d3d46449d4d43b2260cc') in 0.002641291 seconds
Number of updated asset objects reloaded before import = 0Number of asset objects unloaded after import = 0

========================================================================
Received Import Request.
  Time since last request: 0.000148 seconds.
  path: Assets/TANKASSETS/Fonts/Bowlby_One/OFL.txt
  artifactKey: Guid(327f44d86230f28468dc6a953ee98fa5) Importer(2089858483,b0f066a214c2f5e87bad3c948f4d605d)
Start importing Assets/TANKASSETS/Fonts/Bowlby_One/OFL.txt using Guid(327f44d86230f28468dc6a953ee98fa5) Importer(2089858483,b0f066a214c2f5e87bad3c948f4d605d) (ScriptedImporter) -> (artifact id: '2d78f1e5d9225d7bee88e7a2de9b23d0') in 0.002681166 seconds
Number of updated asset objects reloaded before import = 0Number of asset objects unloaded after import = 1

========================================================================
Received Import Request.
  Time since last request: 0.000081 seconds.
  path: Assets/TANKASSETS/PostProcessing/Runtime/PostProcessingBehaviour.cs
  artifactKey: Guid(ff26db721962cdf4a8edcdfa9a767d2a) Importer(2089858483,b0f066a214c2f5e87bad3c948f4d605d)
Start importing Assets/TANKASSETS/PostProcessing/Runtime/PostProcessingBehaviour.cs using Guid(ff26db721962cdf4a8edcdfa9a767d2a) Importer(2089858483,b0f066a214c2f5e87bad3c948f4d605d) (ScriptedImporter) -> (artifact id: 'bb269238b8aba458eaaf9d23aeccc8f8') in 0.0023145 seconds
Number of updated asset objects reloaded before import = 0Number of asset objects unloaded after import = 0

========================================================================
Received Import Request.
  Time since last request: 0.000119 seconds.
  path: Assets/TANKASSETS/PostProcessing/Resources/Shaders/DepthOfField.cginc
  artifactKey: Guid(ddc2c19b8a216d748a357ffe32ba4dc1) Importer(2089858483,b0f066a214c2f5e87bad3c948f4d605d)
Start importing Assets/TANKASSETS/PostProcessing/Resources/Shaders/DepthOfField.cginc using Guid(ddc2c19b8a216d748a357ffe32ba4dc1) Importer(2089858483,b0f066a214c2f5e87bad3c948f4d605d) (ScriptedImporter) -> (artifact id: '075735db73d7aa78fb2f3f560e7a54ce') in 0.00269 seconds
Number of updated asset objects reloaded before import = 0Number of asset objects unloaded after import = 1

========================================================================
Received Import Request.
  Time since last request: 0.000130 seconds.
  path: Assets/TANKASSETS/PostProcessing/Textures/Spectral LUTs/SpectralLut_GreenPurple.tga
  artifactKey: Guid(4a8f054acfbd08043a931cd22760758d) Importer(2089858483,b0f066a214c2f5e87bad3c948f4d605d)
Start importing Assets/TANKASSETS/PostProcessing/Textures/Spectral LUTs/SpectralLut_GreenPurple.tga using Guid(4a8f054acfbd08043a931cd22760758d) Importer(2089858483,b0f066a214c2f5e87bad3c948f4d605d) (ScriptedImporter) -> (artifact id: 'd45bd39700b2d0e6ee063c818a7fdb43') in 0.010035541 seconds
Number of updated asset objects reloaded before import = 0Number of asset objects unloaded after import = 1

========================================================================
Received Import Request.
  Time since last request: 0.403197 seconds.
  path: Assets/TANKASSETS/PostProcessing/Editor/Utils/EditorResources.cs
  artifactKey: Guid(a66d7b0165140a1439be89b5afc000fb) Importer(2089858483,b0f066a214c2f5e87bad3c948f4d605d)
Start importing Assets/TANKASSETS/PostProcessing/Editor/Utils/EditorResources.cs using Guid(a66d7b0165140a1439be89b5afc000fb) Importer(2089858483,b0f066a214c2f5e87bad3c948f4d605d) (ScriptedImporter) -> (artifact id: 'fc76ea0a793f0b45cd7af486645f6e44') in 0.002742875 seconds
Number of updated asset objects reloaded before import = 0Number of asset objects unloaded after import = 0

========================================================================
Received Import Request.
  Time since last request: 0.000109 seconds.
  path: Assets/TANKASSETS/Prefabs/TankExplosion.prefab
  artifactKey: Guid(ee49a9a8678ecf8468eb488e1ac8d42b) Importer(2089858483,b0f066a214c2f5e87bad3c948f4d605d)
Start importing Assets/TANKASSETS/Prefabs/TankExplosion.prefab using Guid(ee49a9a8678ecf8468eb488e1ac8d42b) Importer(2089858483,b0f066a214c2f5e87bad3c948f4d605d) (ScriptedImporter) -> (artifact id: 'acb8523a6c7612ba5d08c0099e43e35c') in 0.082301 seconds
Number of updated asset objects reloaded before import = 0Number of asset objects unloaded after import = 14

========================================================================
Received Import Request.
  Time since last request: 0.399864 seconds.
  path: Assets/TANKASSETS/PostProcessing/Resources/Bluenoise64/LDR_LLL1_21.png
  artifactKey: Guid(b7f000750830ddb4bbc80065b9314ce9) Importer(2089858483,b0f066a214c2f5e87bad3c948f4d605d)
Start importing Assets/TANKASSETS/PostProcessing/Resources/Bluenoise64/LDR_LLL1_21.png using Guid(b7f000750830ddb4bbc80065b9314ce9) Importer(2089858483,b0f066a214c2f5e87bad3c948f4d605d) (ScriptedImporter) -> (artifact id: 'dcc44ccc5a105bafab6cb6e0485719d5') in 0.005817375 seconds
Number of updated asset objects reloaded before import = 0Number of asset objects unloaded after import = 1

========================================================================
Received Import Request.
  Time since last request: 0.000052 seconds.
  path: Assets/TANKASSETS/Materials/YellowLight.mat
  artifactKey: Guid(2ebf33c8c66048e4392138d1501e6be3) Importer(2089858483,b0f066a214c2f5e87bad3c948f4d605d)
Start importing Assets/TANKASSETS/Materials/YellowLight.mat using Guid(2ebf33c8c66048e4392138d1501e6be3) Importer(2089858483,b0f066a214c2f5e87bad3c948f4d605d) (ScriptedImporter) -> (artifact id: '36a8fde092fad683734d332c2c35cf2c') in 0.005028875 seconds
Number of updated asset objects reloaded before import = 0Number of asset objects unloaded after import = 2

========================================================================
Received Import Request.
  Time since last request: 0.000142 seconds.
  path: Assets/Materials/TankColour.mat
  artifactKey: Guid(773dd8c87ea324fa69b08051df62d83b) Importer(2089858483,b0f066a214c2f5e87bad3c948f4d605d)
Start importing Assets/Materials/TankColour.mat using Guid(773dd8c87ea324fa69b08051df62d83b) Importer(2089858483,b0f066a214c2f5e87bad3c948f4d605d) (ScriptedImporter) -> (artifact id: '0f9baf31050509279d1febdfe2207e4c') in 0.004468209 seconds
Number of updated asset objects reloaded before import = 0Number of asset objects unloaded after import = 2

========================================================================
Received Import Request.
  Time since last request: 0.000135 seconds.
  path: Assets/TANKASSETS/PostProcessing/Resources/Bluenoise64/LDR_LLL1_36.png
  artifactKey: Guid(351e95d0e20a54849bd4ce5f9b498934) Importer(2089858483,b0f066a214c2f5e87bad3c948f4d605d)
Start importing Assets/TANKASSETS/PostProcessing/Resources/Bluenoise64/LDR_LLL1_36.png using Guid(351e95d0e20a54849bd4ce5f9b498934) Importer(2089858483,b0f066a214c2f5e87bad3c948f4d605d) (ScriptedImporter) -> (artifact id: 'dff51d57a5b654d493526ea9a36a67d1') in 0.006220958 seconds
Number of updated asset objects reloaded before import = 0Number of asset objects unloaded after import = 1

========================================================================
Received Import Request.
  Time since last request: 0.000081 seconds.
  path: Assets/TANKASSETS/PostProcessing/Textures/Spectral LUTs/SpectralLut_BlueRed.tga
  artifactKey: Guid(318cbcd94840f1d48aca4d86234dc2e7) Importer(2089858483,b0f066a214c2f5e87bad3c948f4d605d)
Start importing Assets/TANKASSETS/PostProcessing/Textures/Spectral LUTs/SpectralLut_BlueRed.tga using Guid(318cbcd94840f1d48aca4d86234dc2e7) Importer(2089858483,b0f066a214c2f5e87bad3c948f4d605d) (ScriptedImporter) -> (artifact id: 'dcdc834d896ede6a6b327247604b1723') in 0.006366708 seconds
Number of updated asset objects reloaded before import = 0Number of asset objects unloaded after import = 1

========================================================================
Received Import Request.
  Time since last request: 0.000151 seconds.
  path: Assets/TANKASSETS/PostProcessing/Resources/Shaders/LutGen.shader
  artifactKey: Guid(d248d4d1588851f43a9fa18a4e6f0209) Importer(2089858483,b0f066a214c2f5e87bad3c948f4d605d)
Start importing Assets/TANKASSETS/PostProcessing/Resources/Shaders/LutGen.shader using Guid(d248d4d1588851f43a9fa18a4e6f0209) Importer(2089858483,b0f066a214c2f5e87bad3c948f4d605d) (ScriptedImporter) -> (artifact id: 'f0e3cb3ea7dc4702f105bcfb3e1919c7') in 0.005167375 seconds
Number of updated asset objects reloaded before import = 0Number of asset objects unloaded after import = 1

========================================================================
Received Import Request.
  Time since last request: 0.720380 seconds.
  path: Assets/New Material 4.mat
  artifactKey: Guid(d331f0d1a665545c8a80c0abb41bf834) Importer(2089858483,b0f066a214c2f5e87bad3c948f4d605d)
Start importing Assets/New Material 4.mat using Guid(d331f0d1a665545c8a80c0abb41bf834) Importer(2089858483,b0f066a214c2f5e87bad3c948f4d605d) (ScriptedImporter) -> (artifact id: '2bf741bdb450f22b21d01fbceb298f24') in 0.006275875 seconds
Number of updated asset objects reloaded before import = 0Number of asset objects unloaded after import = 1

========================================================================
Received Import Request.
  Time since last request: 1082.880015 seconds.
  path: Assets/New Material 3.mat
  artifactKey: Guid(674326326be654376b9fda1c408f9bd3) Importer(2089858483,b0f066a214c2f5e87bad3c948f4d605d)
Start importing Assets/New Material 3.mat using Guid(674326326be654376b9fda1c408f9bd3) Importer(2089858483,b0f066a214c2f5e87bad3c948f4d605d) (ScriptedImporter) -> (artifact id: '05851b88dc1b7f647edf5b29fa1f3fc0') in 0.127798417 seconds
Number of updated asset objects reloaded before import = 0Number of asset objects unloaded after import = 2

========================================================================
Received Import Request.
  Time since last request: 0.000124 seconds.
  path: Assets/WPTank.unity
  artifactKey: Guid(d8129ecf54f524338aee86f026c29cb0) Importer(2089858483,b0f066a214c2f5e87bad3c948f4d605d)
Start importing Assets/WPTank.unity using Guid(d8129ecf54f524338aee86f026c29cb0) Importer(2089858483,b0f066a214c2f5e87bad3c948f4d605d) (ScriptedImporter) -> (artifact id: '0e881f469b729bc3cddd6d759120dca6') in 0.082231333 seconds
Number of updated asset objects reloaded before import = 0Number of asset objects unloaded after import = 1

========================================================================
Received Import Request.
  Time since last request: 117.129713 seconds.
  path: Assets/New Material 3.mat
  artifactKey: Guid(674326326be654376b9fda1c408f9bd3) Importer(815301076,1909f56bfc062723c751e8b465ee728b)
Start importing Assets/New Material 3.mat using Guid(674326326be654376b9fda1c408f9bd3) Importer(815301076,1909f56bfc062723c751e8b465ee728b) (PreviewImporter) -> (artifact id: '204f0e152ff7c9201a8c8c6f42d5d040') in 0.237762625 seconds
Number of updated asset objects reloaded before import = 0Number of asset objects unloaded after import = 2

========================================================================
Received Import Request.
  Time since last request: 211.854709 seconds.
  path: Assets/TankAndWP/red.mat
  artifactKey: Guid(5470b972618654519a85223ac6f98d57) Importer(815301076,1909f56bfc062723c751e8b465ee728b)
Start importing Assets/TankAndWP/red.mat using Guid(5470b972618654519a85223ac6f98d57) Importer(815301076,1909f56bfc062723c751e8b465ee728b) (PreviewImporter) -> (artifact id: '6fa790bd41b24bafdd8f862556b83dd4') in 0.074355291 seconds
Number of updated asset objects reloaded before import = 0Number of asset objects unloaded after import = 2

========================================================================
Received Import Request.
  Time since last request: 0.000279 seconds.
  path: Assets/TankAndWP/WayPoint.prefab
  artifactKey: Guid(650ea2e5f9c3b4ae4aa6e7fdf6cf157b) Importer(815301076,1909f56bfc062723c751e8b465ee728b)
Start importing Assets/TankAndWP/WayPoint.prefab using Guid(650ea2e5f9c3b4ae4aa6e7fdf6cf157b) Importer(815301076,1909f56bfc062723c751e8b465ee728b) (PreviewImporter) -> (artifact id: '93e9522938f770643b109c5955937a9f') in 0.212117625 seconds
Number of updated asset objects reloaded before import = 0Number of asset objects unloaded after import = 14

========================================================================
Received Import Request.
  Time since last request: 867.734241 seconds.
  path: Assets/TANKASSETS/Readme.asset
  artifactKey: Guid(83c2ed844a8c74b779a4c823d16594b1) Importer(815301076,1909f56bfc062723c751e8b465ee728b)
Start importing Assets/TANKASSETS/Readme.asset using Guid(83c2ed844a8c74b779a4c823d16594b1) Importer(815301076,1909f56bfc062723c751e8b465ee728b) (PreviewImporter) -> (artifact id: '7f6ef60f42f575b3c9ad9b29e2330105') in 0.021138042 seconds
Number of updated asset objects reloaded before import = 0Number of asset objects unloaded after import = 1

========================================================================
Received Import Request.
  Time since last request: 1.855685 seconds.
  path: Assets/TankRacing/LightingData.asset
  artifactKey: Guid(e4f885ed8258c4b40b53d6dd86dedc34) Importer(815301076,1909f56bfc062723c751e8b465ee728b)
Start importing Assets/TankRacing/LightingData.asset using Guid(e4f885ed8258c4b40b53d6dd86dedc34) Importer(815301076,1909f56bfc062723c751e8b465ee728b) (PreviewImporter) -> (artifact id: '6888e10ff2272172bf7e947ef6a118e0') in 0.010170041 seconds
Number of updated asset objects reloaded before import = 0Number of asset objects unloaded after import = 2

========================================================================
Received Import Request.
  Time since last request: 58.355395 seconds.
  path: Assets/TankAndWP/red.mat
  artifactKey: Guid(5470b972618654519a85223ac6f98d57) Importer(2089858483,b0f066a214c2f5e87bad3c948f4d605d)
Start importing Assets/TankAndWP/red.mat using Guid(5470b972618654519a85223ac6f98d57) Importer(2089858483,b0f066a214c2f5e87bad3c948f4d605d) (ScriptedImporter) -> (artifact id: '06bccc92823377cdb55a74c1ce3c3bcf') in 0.084309084 seconds
Number of updated asset objects reloaded before import = 0Number of asset objects unloaded after import = 1

========================================================================
Received Import Request.
  Time since last request: 0.000413 seconds.
  path: Assets/Materials/TankGrey.mat
  artifactKey: Guid(063d5524599294c58bd5b814f78e3f7a) Importer(2089858483,b0f066a214c2f5e87bad3c948f4d605d)
Start importing Assets/Materials/TankGrey.mat using Guid(063d5524599294c58bd5b814f78e3f7a) Importer(2089858483,b0f066a214c2f5e87bad3c948f4d605d) (ScriptedImporter) -> (artifact id: 'e05f228136247f2f629d8ffda35062aa') in 0.013993667 seconds
Number of updated asset objects reloaded before import = 0Number of asset objects unloaded after import = 1

========================================================================
Received Import Request.
  Time since last request: 0.000077 seconds.
  path: Assets/TANKASSETS/Materials/BuildingMetal.mat
  artifactKey: Guid(e7df269b1d6121e4787b2f27aab18dbe) Importer(2089858483,b0f066a214c2f5e87bad3c948f4d605d)
Start importing Assets/TANKASSETS/Materials/BuildingMetal.mat using Guid(e7df269b1d6121e4787b2f27aab18dbe) Importer(2089858483,b0f066a214c2f5e87bad3c948f4d605d) (ScriptedImporter) -> (artifact id: '56a9f0396456436190fd2e3ca9bdfcbc') in 0.025287875 seconds
Number of updated asset objects reloaded before import = 0Number of asset objects unloaded after import = 1

========================================================================
Received Import Request.
  Time since last request: 0.000069 seconds.
  path: Assets/TANKASSETS/Materials/OilDrums.mat
  artifactKey: Guid(b3a1f2f69b4c3a84cba5446e31e87c20) Importer(2089858483,b0f066a214c2f5e87bad3c948f4d605d)
Start importing Assets/TANKASSETS/Materials/OilDrums.mat using Guid(b3a1f2f69b4c3a84cba5446e31e87c20) Importer(2089858483,b0f066a214c2f5e87bad3c948f4d605d) (ScriptedImporter) -> (artifact id: 'a66053ab601d21591a928065ed3c7f8a') in 0.004654708 seconds
Number of updated asset objects reloaded before import = 0Number of asset objects unloaded after import = 1

========================================================================
Received Import Request.
  Time since last request: 0.000117 seconds.
  path: Assets/TANKASSETS/Materials/YellowDark.mat
  artifactKey: Guid(4b4b25f923792ce4ab819907a4629058) Importer(2089858483,b0f066a214c2f5e87bad3c948f4d605d)
Start importing Assets/TANKASSETS/Materials/YellowDark.mat using Guid(4b4b25f923792ce4ab819907a4629058) Importer(2089858483,b0f066a214c2f5e87bad3c948f4d605d) (ScriptedImporter) -> (artifact id: '2660acfaca435d711b2926b2edcfd816') in 0.0046435 seconds
Number of updated asset objects reloaded before import = 0Number of asset objects unloaded after import = 1

========================================================================
Received Import Request.
  Time since last request: 0.000132 seconds.
  path: Assets/Models/Red.mat
  artifactKey: Guid(b0506a51a85354683b5f04c0dbc0b550) Importer(2089858483,b0f066a214c2f5e87bad3c948f4d605d)
Start importing Assets/Models/Red.mat using Guid(b0506a51a85354683b5f04c0dbc0b550) Importer(2089858483,b0f066a214c2f5e87bad3c948f4d605d) (ScriptedImporter) -> (artifact id: '6af5f960a39ebf7f5e33b8c43e502ae7') in 0.007988583 seconds
Number of updated asset objects reloaded before import = 0Number of asset objects unloaded after import = 1

========================================================================
Received Import Request.
  Time since last request: 0.000236 seconds.
  path: Assets/Materials/TankColour.mat
  artifactKey: Guid(773dd8c87ea324fa69b08051df62d83b) Importer(2089858483,b0f066a214c2f5e87bad3c948f4d605d)
Start importing Assets/Materials/TankColour.mat using Guid(773dd8c87ea324fa69b08051df62d83b) Importer(2089858483,b0f066a214c2f5e87bad3c948f4d605d) (ScriptedImporter) -> (artifact id: '3d2efec5ef6efd03a55dac078ef72881') in 0.00367575 seconds
Number of updated asset objects reloaded before import = 0Number of asset objects unloaded after import = 1

========================================================================
Received Import Request.
  Time since last request: 0.000087 seconds.
  path: Assets/TANKASSETS/Materials/BuildingGrey.mat
  artifactKey: Guid(87d2e70ca18454e4f855f8d99afb32e3) Importer(2089858483,b0f066a214c2f5e87bad3c948f4d605d)
Start importing Assets/TANKASSETS/Materials/BuildingGrey.mat using Guid(87d2e70ca18454e4f855f8d99afb32e3) Importer(2089858483,b0f066a214c2f5e87bad3c948f4d605d) (ScriptedImporter) -> (artifact id: '963072a44d894bdc97238e63dabfa9a6') in 0.004774542 seconds
Number of updated asset objects reloaded before import = 0Number of asset objects unloaded after import = 1

========================================================================
Received Import Request.
  Time since last request: 0.000095 seconds.
  path: Assets/TANKASSETS/Materials/BuildingGlass.mat
  artifactKey: Guid(7e41e83d6bd224b4d99fa3ffa5e3a3a4) Importer(2089858483,b0f066a214c2f5e87bad3c948f4d605d)
Start importing Assets/TANKASSETS/Materials/BuildingGlass.mat using Guid(7e41e83d6bd224b4d99fa3ffa5e3a3a4) Importer(2089858483,b0f066a214c2f5e87bad3c948f4d605d) (ScriptedImporter) -> (artifact id: 'd97dafbf476a9d59be595c8d08787856') in 0.00642525 seconds
Number of updated asset objects reloaded before import = 0Number of asset objects unloaded after import = 1

========================================================================
Received Import Request.
  Time since last request: 38.592774 seconds.
  path: Assets/TankAndWP/red.mat
  artifactKey: Guid(5470b972618654519a85223ac6f98d57) Importer(2089858483,b0f066a214c2f5e87bad3c948f4d605d)
Start importing Assets/TankAndWP/red.mat using Guid(5470b972618654519a85223ac6f98d57) Importer(2089858483,b0f066a214c2f5e87bad3c948f4d605d) (ScriptedImporter) -> (artifact id: 'a8a6aef07840e272ab3a9df3a13cab66') in 0.040607667 seconds
Number of updated asset objects reloaded before import = 0Number of asset objects unloaded after import = 2

========================================================================
Received Import Request.
  Time since last request: 0.000841 seconds.
  path: Assets/TANKASSETS/Materials/BuildingWhite.mat
  artifactKey: Guid(d0c31a39c426da94496d2abbf928d525) Importer(2089858483,b0f066a214c2f5e87bad3c948f4d605d)
Start importing Assets/TANKASSETS/Materials/BuildingWhite.mat using Guid(d0c31a39c426da94496d2abbf928d525) Importer(2089858483,b0f066a214c2f5e87bad3c948f4d605d) (ScriptedImporter) -> (artifact id: '57c605d4e61065878c7a21a4b75e68a4') in 0.014324458 seconds
Number of updated asset objects reloaded before import = 0Number of asset objects unloaded after import = 2

========================================================================
Received Import Request.
  Time since last request: 0.000141 seconds.
  path: Assets/TANKASSETS/Materials/TankColour.mat
  artifactKey: Guid(12c120f2400576c4f97a98bcca5529bc) Importer(2089858483,b0f066a214c2f5e87bad3c948f4d605d)
Start importing Assets/TANKASSETS/Materials/TankColour.mat using Guid(12c120f2400576c4f97a98bcca5529bc) Importer(2089858483,b0f066a214c2f5e87bad3c948f4d605d) (ScriptedImporter) -> (artifact id: '7ae8d5400b6df08f54c960167cb7a97c') in 0.005650916 seconds
Number of updated asset objects reloaded before import = 0Number of asset objects unloaded after import = 2

========================================================================
Received Import Request.
  Time since last request: 0.000256 seconds.
  path: Assets/TANKASSETS/Materials/BuildingMetal.mat
  artifactKey: Guid(e7df269b1d6121e4787b2f27aab18dbe) Importer(2089858483,b0f066a214c2f5e87bad3c948f4d605d)
Start importing Assets/TANKASSETS/Materials/BuildingMetal.mat using Guid(e7df269b1d6121e4787b2f27aab18dbe) Importer(2089858483,b0f066a214c2f5e87bad3c948f4d605d) (ScriptedImporter) -> (artifact id: '72c778d2ea4834dd3667c5bfe0be68f5') in 0.007253292 seconds
Number of updated asset objects reloaded before import = 0Number of asset objects unloaded after import = 2

========================================================================
Received Import Request.
  Time since last request: 0.000248 seconds.
  path: Assets/TANKASSETS/Materials/Grey.mat
  artifactKey: Guid(db9ceca9e86a2724aaa5c3df2991dba7) Importer(2089858483,b0f066a214c2f5e87bad3c948f4d605d)
Start importing Assets/TANKASSETS/Materials/Grey.mat using Guid(db9ceca9e86a2724aaa5c3df2991dba7) Importer(2089858483,b0f066a214c2f5e87bad3c948f4d605d) (ScriptedImporter) -> (artifact id: 'bb7abada77a769f4a3ea07b34ef2e4a0') in 0.00714775 seconds
Number of updated asset objects reloaded before import = 0Number of asset objects unloaded after import = 2

========================================================================
Received Import Request.
  Time since last request: 0.000147 seconds.
  path: Assets/TANKASSETS/Materials/Blue.mat
  artifactKey: Guid(ff21ff0ea9b18924bb1fdfbb0e58f5cb) Importer(2089858483,b0f066a214c2f5e87bad3c948f4d605d)
Start importing Assets/TANKASSETS/Materials/Blue.mat using Guid(ff21ff0ea9b18924bb1fdfbb0e58f5cb) Importer(2089858483,b0f066a214c2f5e87bad3c948f4d605d) (ScriptedImporter) -> (artifact id: 'ffa83d22fe06de39111d0cd194b47942') in 0.006897708 seconds
Number of updated asset objects reloaded before import = 0Number of asset objects unloaded after import = 2

========================================================================
Received Import Request.
  Time since last request: 0.000229 seconds.
  path: Assets/TANKASSETS/Materials/BuildingStone.mat
  artifactKey: Guid(03ad6a4c3c0e64440b1d6cee74fc2a4f) Importer(2089858483,b0f066a214c2f5e87bad3c948f4d605d)
Start importing Assets/TANKASSETS/Materials/BuildingStone.mat using Guid(03ad6a4c3c0e64440b1d6cee74fc2a4f) Importer(2089858483,b0f066a214c2f5e87bad3c948f4d605d) (ScriptedImporter) -> (artifact id: '28ea864448625bf2e3200f53cec97ed1') in 0.007390166 seconds
Number of updated asset objects reloaded before import = 0Number of asset objects unloaded after import = 2

========================================================================
Received Import Request.
  Time since last request: 0.000216 seconds.
  path: Assets/TANKASSETS/Materials/YellowDark.mat
  artifactKey: Guid(4b4b25f923792ce4ab819907a4629058) Importer(2089858483,b0f066a214c2f5e87bad3c948f4d605d)
Start importing Assets/TANKASSETS/Materials/YellowDark.mat using Guid(4b4b25f923792ce4ab819907a4629058) Importer(2089858483,b0f066a214c2f5e87bad3c948f4d605d) (ScriptedImporter) -> (artifact id: '46d717fce17595e7dd54361a43bac016') in 0.007968417 seconds
Number of updated asset objects reloaded before import = 0Number of asset objects unloaded after import = 2

========================================================================
Received Import Request.
  Time since last request: 0.000390 seconds.
  path: Assets/TANKASSETS/Materials/Red.mat
  artifactKey: Guid(463052f3f7389124f9e7b34b0b931d0d) Importer(2089858483,b0f066a214c2f5e87bad3c948f4d605d)
Start importing Assets/TANKASSETS/Materials/Red.mat using Guid(463052f3f7389124f9e7b34b0b931d0d) Importer(2089858483,b0f066a214c2f5e87bad3c948f4d605d) (ScriptedImporter) -> (artifact id: '00829d8988c6d624a31212fea4d33ae6') in 0.007361917 seconds
Number of updated asset objects reloaded before import = 0Number of asset objects unloaded after import = 2

========================================================================
Received Import Request.
  Time since last request: 0.000184 seconds.
  path: Assets/TANKASSETS/Materials/TankGrey.mat
  artifactKey: Guid(c4c5f95d06932564c8672b4bafeb1b28) Importer(2089858483,b0f066a214c2f5e87bad3c948f4d605d)
Start importing Assets/TANKASSETS/Materials/TankGrey.mat using Guid(c4c5f95d06932564c8672b4bafeb1b28) Importer(2089858483,b0f066a214c2f5e87bad3c948f4d605d) (ScriptedImporter) -> (artifact id: '7bb45130b0c66d9b2dac6a8d46a8bf3c') in 0.004831834 seconds
Number of updated asset objects reloaded before import = 0Number of asset objects unloaded after import = 2

========================================================================
Received Import Request.
  Time since last request: 0.000113 seconds.
  path: Assets/TANKASSETS/Materials/BuildingGrey.mat
  artifactKey: Guid(87d2e70ca18454e4f855f8d99afb32e3) Importer(2089858483,b0f066a214c2f5e87bad3c948f4d605d)
Start importing Assets/TANKASSETS/Materials/BuildingGrey.mat using Guid(87d2e70ca18454e4f855f8d99afb32e3) Importer(2089858483,b0f066a214c2f5e87bad3c948f4d605d) (ScriptedImporter) -> (artifact id: '25005f53cd032bd5639e49c9df1bd0ad') in 0.003755167 seconds
Number of updated asset objects reloaded before import = 0Number of asset objects unloaded after import = 2

========================================================================
Received Import Request.
  Time since last request: 0.000104 seconds.
  path: Assets/TANKASSETS/Materials/Dust.mat
  artifactKey: Guid(424be3af6ad117140887d3e652a89d24) Importer(2089858483,b0f066a214c2f5e87bad3c948f4d605d)
Start importing Assets/TANKASSETS/Materials/Dust.mat using Guid(424be3af6ad117140887d3e652a89d24) Importer(2089858483,b0f066a214c2f5e87bad3c948f4d605d) (ScriptedImporter) -> (artifact id: 'ff36a9400bae68bd50950e9474340686') in 0.007175 seconds
Number of updated asset objects reloaded before import = 0Number of asset objects unloaded after import = 3

========================================================================
Received Import Request.
  Time since last request: 0.000046 seconds.
  path: Assets/TANKASSETS/Materials/BuildingGlass.mat
  artifactKey: Guid(7e41e83d6bd224b4d99fa3ffa5e3a3a4) Importer(2089858483,b0f066a214c2f5e87bad3c948f4d605d)
Start importing Assets/TANKASSETS/Materials/BuildingGlass.mat using Guid(7e41e83d6bd224b4d99fa3ffa5e3a3a4) Importer(2089858483,b0f066a214c2f5e87bad3c948f4d605d) (ScriptedImporter) -> (artifact id: '14cd0d63b84d06e4a06de7d9246647cd') in 0.004805167 seconds
Number of updated asset objects reloaded before import = 0Number of asset objects unloaded after import = 2

========================================================================
Received Import Request.
  Time since last request: 0.000120 seconds.
  path: Assets/TANKASSETS/Materials/Explosion.mat
  artifactKey: Guid(87bf8b67d0a902842a3b617c1c75d6e5) Importer(2089858483,b0f066a214c2f5e87bad3c948f4d605d)
Start importing Assets/TANKASSETS/Materials/Explosion.mat using Guid(87bf8b67d0a902842a3b617c1c75d6e5) Importer(2089858483,b0f066a214c2f5e87bad3c948f4d605d) (ScriptedImporter) -> (artifact id: '7c45c83d01427a2b354808ca02140ee9') in 0.008670458 seconds
Number of updated asset objects reloaded before import = 0Number of asset objects unloaded after import = 3

========================================================================
Received Import Request.
  Time since last request: 5.839812 seconds.
  path: Assets/WPTank/LightingData.asset
  artifactKey: Guid(950bec307c347c24a808d94ae8d5094d) Importer(2089858483,b0f066a214c2f5e87bad3c948f4d605d)
Start importing Assets/WPTank/LightingData.asset using Guid(950bec307c347c24a808d94ae8d5094d) Importer(2089858483,b0f066a214c2f5e87bad3c948f4d605d) (ScriptedImporter) -> (artifact id: '04306894b948742127e349c8ac28cb3c') in 0.035366666 seconds
Number of updated asset objects reloaded before import = 0Number of asset objects unloaded after import = 2

========================================================================
Received Import Request.
  Time since last request: 56.151756 seconds.
  path: Assets/TankAndWP/red.mat
  artifactKey: Guid(5470b972618654519a85223ac6f98d57) Importer(815301076,1909f56bfc062723c751e8b465ee728b)
Start importing Assets/TankAndWP/red.mat using Guid(5470b972618654519a85223ac6f98d57) Importer(815301076,1909f56bfc062723c751e8b465ee728b) (PreviewImporter) -> (artifact id: '5725dcdfd209fa910bda512dc3bfccd8') in 0.084597084 seconds
Number of updated asset objects reloaded before import = 0Number of asset objects unloaded after import = 2

========================================================================
Received Import Request.
  Time since last request: 0.000244 seconds.
  path: Assets/TankAndWP/WayPoint.prefab
  artifactKey: Guid(650ea2e5f9c3b4ae4aa6e7fdf6cf157b) Importer(815301076,1909f56bfc062723c751e8b465ee728b)
Start importing Assets/TankAndWP/WayPoint.prefab using Guid(650ea2e5f9c3b4ae4aa6e7fdf6cf157b) Importer(815301076,1909f56bfc062723c751e8b465ee728b) (PreviewImporter) -> (artifact id: '190e7f4f7f598276f676bafc2e81cde7') in 0.01913575 seconds
Number of updated asset objects reloaded before import = 0Number of asset objects unloaded after import = 14

========================================================================
Received Import Request.
  Time since last request: 2.365298 seconds.
  path: Assets/Models/Blue.mat
  artifactKey: Guid(62f93b80049dc4a44a23cc414cbf0e5f) Importer(815301076,1909f56bfc062723c751e8b465ee728b)
Start importing Assets/Models/Blue.mat using Guid(62f93b80049dc4a44a23cc414cbf0e5f) Importer(815301076,1909f56bfc062723c751e8b465ee728b) (PreviewImporter) -> (artifact id: 'b84ee38144448cd7f943b263a069fdc5') in 0.017172708 seconds
Number of updated asset objects reloaded before import = 0Number of asset objects unloaded after import = 1

========================================================================
Received Import Request.
  Time since last request: 0.000045 seconds.
  path: Assets/Models/yellow.mat
  artifactKey: Guid(0953770822730481798c3f71b6a9813f) Importer(815301076,1909f56bfc062723c751e8b465ee728b)
Start importing Assets/Models/yellow.mat using Guid(0953770822730481798c3f71b6a9813f) Importer(815301076,1909f56bfc062723c751e8b465ee728b) (PreviewImporter) -> (artifact id: 'f3a4f47eee91faafe1bff56e2d93cbb9') in 0.0086515 seconds
Number of updated asset objects reloaded before import = 0Number of asset objects unloaded after import = 1

========================================================================
Received Import Request.
  Time since last request: 0.000124 seconds.
  path: Assets/Models/Red.mat
  artifactKey: Guid(b0506a51a85354683b5f04c0dbc0b550) Importer(815301076,1909f56bfc062723c751e8b465ee728b)
Start importing Assets/Models/Red.mat using Guid(b0506a51a85354683b5f04c0dbc0b550) Importer(815301076,1909f56bfc062723c751e8b465ee728b) (PreviewImporter) -> (artifact id: 'b9357a20494539bc0c9fdad24ad86016') in 0.008069333 seconds
Number of updated asset objects reloaded before import = 0Number of asset objects unloaded after import = 1

